Timestamp,Time_Relatif,Etat_Global,Score_Total,Score_Geo,Score_CNN,Temperature_Habitacle,FPS,Detail_Yeux,Detail_Sourcils,Detail_Bouche
22:03:29,255.01,NEUTRE,0.0,0.0,-0.0,21.0,0,Neutre,Stable,Fermee
22:03:29,255.24,NEUTRE,0.0,0.43,-0.43,21.1,4,Neutre,Stable,Fermee
22:03:29,255.28,NEUTRE,0.0,0.43,-0.43,21.1,24,Plisses,Releves,Fermee
22:03:29,255.33,NEUTRE,0.0,0.43,-0.43,21.1,21,Neutre,Stable,Fermee
22:03:29,255.42,NEUTRE,0.0,0.42,-0.42,21.1,10,Neutre,Stable,Fermee
22:03:29,255.47,NEUTRE,0.0,0.42,-0.42,21.2,23,Neutre,Stable,Fermee
22:03:29,255.51,NEUTRE,0.0,0.42,-0.42,21.2,25,Neutre,Stable,Fermee
22:03:29,255.59,NEUTRE,0.0,0.42,-0.42,21.2,11,Neutre,Stable,Fermee
22:03:30,255.63,NEUTRE,0.0,0.42,-0.42,21.2,24,Neutre,Stable,Fermee
22:03:30,255.67,NEUTRE,0.0,0.42,-0.42,21.3,27,Neutre,Stable,Fermee
22:03:30,255.75,NEUTRE,0.0,0.39,-0.39,21.3,12,Neutre,Stable,Fermee
22:03:30,255.8,NEUTRE,0.0,0.39,-0.39,21.3,20,Neutre,Stable,Fermee
22:03:30,255.84,NEUTRE,0.0,0.39,-0.39,21.3,24,Neutre,Stable,Fermee
22:03:30,255.91,NEUTRE,0.0,0.41,-0.41,21.4,13,Neutre,Stable,Fermee
22:03:30,255.95,NEUTRE,0.0,0.41,-0.41,21.4,23,Neutre,Stable,Fermee
22:03:30,256.0,NEUTRE,0.0,0.41,-0.41,21.4,22,Neutre,Stable,Fermee
22:03:30,256.08,NEUTRE,0.0,0.43,-0.43,21.4,12,Neutre,Stable,Fermee
22:03:30,256.12,NEUTRE,0.0,0.43,-0.43,21.5,26,Neutre,Stable,Fermee
22:03:30,256.16,NEUTRE,0.0,0.43,-0.43,21.5,23,Neutre,Stable,Fermee
22:03:30,256.25,NEUTRE,0.0,0.46,-0.46,21.5,10,Neutre,Stable,Fermee
22:03:30,256.29,NEUTRE,0.0,0.46,-0.46,21.5,24,Neutre,Stable,Fermee
22:03:30,256.34,NEUTRE,0.0,0.46,-0.46,21.5,23,Neutre,Stable,Fermee
22:03:30,256.42,NEUTRE,0.0,0.38,-0.38,21.6,12,Neutre,Stable,Fermee
22:03:30,256.47,NEUTRE,0.0,0.38,-0.38,21.6,20,Neutre,Stable,Fermee
22:03:30,256.52,NEUTRE,0.0,0.38,-0.38,21.6,20,Neutre,Stable,Parle
22:03:30,256.6,NEUTRE,0.0,0.51,-0.51,21.6,11,Neutre,Stable,Parle
22:03:31,256.65,NEUTRE,0.0,0.51,-0.51,21.6,21,Plisses,Stable,Parle
22:03:31,256.69,NEUTRE,0.0,0.51,-0.51,21.6,23,Plisses,Releves,Fermee
22:03:31,256.77,NEUTRE,0.0,0.41,-0.41,21.7,12,Plisses,Releves,Fermee
22:03:31,256.81,NEUTRE,0.0,0.41,-0.41,21.7,27,Neutre,Stable,Parle
22:03:31,256.86,NEUTRE,0.0,0.41,-0.41,21.7,21,Neutre,Stable,Parle
22:03:31,256.93,NEUTRE,0.0,0.56,-0.56,21.7,13,Neutre,Stable,Parle
22:03:31,256.97,NEUTRE,0.0,0.56,-0.56,21.7,30,Neutre,Stable,Parle
22:03:31,257.01,NEUTRE,0.0,0.56,-0.56,21.7,22,Neutre,Stable,Parle
22:03:31,257.08,NEUTRE,0.0,0.61,-0.61,21.8,14,Neutre,Stable,Parle
22:03:31,257.12,NEUTRE,0.0,0.61,-0.61,21.8,27,Neutre,Stable,Parle
22:03:31,257.16,NEUTRE,0.0,0.61,-0.61,21.8,24,Neutre,Stable,Parle
22:03:31,257.23,NEUTRE,0.0,0.58,-0.58,21.8,13,Neutre,Stable,Parle
22:03:31,257.28,NEUTRE,0.0,0.58,-0.58,21.8,22,Neutre,Stable,Parle
22:03:31,257.33,NEUTRE,0.0,0.58,-0.58,21.8,19,Neutre,Stable,Parle
22:03:31,257.42,NEUTRE,0.0,0.6,-0.6,21.8,11,Neutre,Releves,Parle
22:03:31,257.47,NEUTRE,0.0,0.6,-0.6,21.9,20,Neutre,Releves,Parle
22:03:32,257.65,NEUTRE,0.0,0.6,-0.6,21.9,5,Neutre,Stable,Parle
22:03:32,257.72,NEUTRE,0.0,0.45,-0.45,21.9,13,Neutre,Stable,Fermee
22:03:32,257.76,NEUTRE,0.0,0.45,-0.45,21.9,23,Neutre,Stable,Fermee
22:03:32,257.81,NEUTRE,0.0,0.45,-0.45,21.9,22,Neutre,Stable,Fermee
22:03:32,257.89,NEUTRE,0.0,0.43,-0.43,21.9,12,Neutre,Stable,Fermee
22:03:32,257.93,NEUTRE,0.0,0.43,-0.43,21.9,25,Neutre,Stable,Fermee
22:03:32,257.97,NEUTRE,0.0,0.43,-0.43,21.9,22,Neutre,Stable,Fermee
22:03:32,258.05,NEUTRE,0.0,0.6,-0.6,22.0,12,Neutre,Stable,Fermee
22:03:32,258.09,NEUTRE,0.0,0.6,-0.6,22.0,25,Neutre,Stable,Parle
22:03:32,258.14,NEUTRE,0.0,0.6,-0.6,22.0,22,Neutre,Stable,Parle
22:03:32,258.21,NEUTRE,0.0,0.4,-0.4,22.0,13,Neutre,Stable,Fermee
22:03:32,258.25,NEUTRE,0.0,0.4,-0.4,22.0,26,Neutre,Stable,Fermee
22:03:32,258.29,NEUTRE,0.0,0.4,-0.4,22.0,23,Neutre,Stable,Fermee
22:03:32,258.37,NEUTRE,0.0,0.49,-0.49,22.0,12,Neutre,Stable,Fermee
22:03:32,258.42,NEUTRE,0.0,0.49,-0.49,22.0,23,Neutre,Stable,Fermee
22:03:32,258.46,NEUTRE,0.0,0.49,-0.49,22.0,22,Neutre,Stable,Fermee
22:03:32,258.53,NEUTRE,0.0,0.49,-0.49,22.0,13,Neutre,Stable,Parle
22:03:32,258.57,NEUTRE,0.0,0.49,-0.49,22.1,24,Neutre,Stable,Parle
22:03:33,258.62,NEUTRE,0.0,0.49,-0.49,22.1,21,Neutre,Stable,Fermee
22:03:33,258.71,NEUTRE,0.0,0.5,-0.5,22.1,11,Neutre,Stable,Fermee
22:03:33,258.75,NEUTRE,0.0,0.5,-0.5,22.1,23,Neutre,Stable,Parle
22:03:33,258.8,NEUTRE,0.0,0.5,-0.5,22.1,20,Neutre,Stable,Parle
22:03:33,258.88,NEUTRE,0.0,0.47,-0.47,22.1,11,Neutre,Stable,Fermee
22:03:33,258.93,NEUTRE,0.0,0.47,-0.47,22.1,21,Neutre,Stable,Fermee
22:03:33,258.98,NEUTRE,0.0,0.47,-0.47,22.1,21,Neutre,Stable,Parle
22:03:33,259.06,NEUTRE,0.0,0.6,-0.6,22.1,12,Neutre,Stable,Parle
22:03:33,259.1,NEUTRE,0.0,0.6,-0.6,22.1,22,Neutre,Stable,Parle
22:03:33,259.14,NEUTRE,0.0,0.6,-0.6,22.1,24,Neutre,Stable,Parle
22:03:33,259.23,NEUTRE,0.0,0.72,-0.72,22.1,11,Neutre,Stable,Parle
22:03:33,259.27,NEUTRE,0.0,0.72,-0.72,22.1,22,Neutre,Stable,Parle
22:03:33,259.31,NEUTRE,0.0,0.72,-0.72,22.2,25,Neutre,Stable,Parle
22:03:33,259.38,NEUTRE,0.0,0.66,-0.66,22.2,13,Neutre,Stable,Parle
22:03:33,259.42,NEUTRE,0.0,0.66,-0.66,22.2,24,Plisses,Stable,Parle
22:03:33,259.47,NEUTRE,0.0,0.66,-0.66,22.2,23,Plisses,Releves,Parle
22:03:33,259.54,NEUTRE,0.0,0.59,-0.59,22.2,14,Plisses,Releves,Parle
22:03:33,259.58,NEUTRE,0.0,0.59,-0.59,22.2,26,Neutre,Stable,Parle
22:03:34,259.63,NEUTRE,0.0,0.59,-0.59,22.2,19,Neutre,Stable,Parle
22:03:34,259.71,NEUTRE,0.0,0.51,-0.51,22.2,12,Neutre,Stable,Parle
22:03:34,259.74,NEUTRE,0.0,0.51,-0.51,22.2,27,Neutre,Stable,Parle
22:03:34,259.78,NEUTRE,0.0,0.51,-0.51,22.2,24,Neutre,Stable,Parle
22:03:34,259.85,INCONFORT,-5.0,-4.41,-0.59,22.1,14,Neutre,Stable,Baillement
22:03:34,259.89,NEUTRE,0.0,0.59,-0.59,22.1,25,Neutre,Stable,Parle
22:03:34,259.93,NEUTRE,0.0,0.59,-0.59,22.1,25,Neutre,Stable,Parle
22:03:34,260.01,NEUTRE,0.0,0.66,-0.66,22.2,12,Neutre,Stable,Parle
22:03:34,260.05,NEUTRE,0.0,0.66,-0.66,22.2,24,Neutre,Stable,Parle
22:03:34,260.1,NEUTRE,0.0,0.66,-0.66,22.2,21,Neutre,Stable,Parle
22:03:34,260.17,NEUTRE,0.0,0.61,-0.61,22.2,13,Neutre,Stable,Fermee
22:03:34,260.22,NEUTRE,0.0,0.61,-0.61,22.2,22,Neutre,Stable,Fermee
22:03:34,260.26,NEUTRE,0.0,0.61,-0.61,22.2,24,Neutre,Stable,Fermee
22:03:34,260.34,NEUTRE,0.0,0.55,-0.55,22.2,12,Neutre,Stable,Fermee
22:03:34,260.38,NEUTRE,0.0,0.55,-0.55,22.2,24,Neutre,Stable,Fermee
22:03:34,260.42,NEUTRE,0.0,0.55,-0.55,22.2,24,Neutre,Stable,Fermee
22:03:34,260.5,NEUTRE,0.0,0.6,-0.6,22.2,12,Neutre,Stable,Fermee
22:03:34,260.54,NEUTRE,0.0,0.6,-0.6,22.2,25,Neutre,Stable,Fermee
22:03:34,260.59,NEUTRE,0.0,0.6,-0.6,22.2,22,Neutre,Stable,Fermee
22:03:35,260.67,NEUTRE,0.0,0.55,-0.55,22.2,12,Neutre,Stable,Fermee
22:03:35,260.71,NEUTRE,0.0,0.55,-0.55,22.2,26,Neutre,Stable,Parle
22:03:35,260.75,NEUTRE,0.0,0.55,-0.55,22.2,21,Neutre,Stable,Parle
22:03:35,260.82,NEUTRE,0.0,0.62,-0.62,22.2,14,Neutre,Stable,Parle
22:03:35,260.86,NEUTRE,0.0,0.62,-0.62,22.2,25,Neutre,Stable,Parle
22:03:35,260.91,NEUTRE,0.0,0.62,-0.62,22.3,23,Neutre,Stable,Parle
22:03:35,260.99,NEUTRE,0.0,0.67,-0.67,22.3,12,Neutre,Stable,Parle
22:03:35,261.03,NEUTRE,0.0,0.67,-0.67,22.3,23,Neutre,Stable,Parle
22:03:35,261.08,NEUTRE,0.0,0.67,-0.67,22.3,21,Neutre,Stable,Parle
22:03:35,261.16,NEUTRE,0.0,0.55,-0.55,22.3,11,Neutre,Stable,Parle
22:03:35,261.2,NEUTRE,0.0,0.55,-0.55,22.3,28,Neutre,Stable,Parle
22:03:35,261.24,NEUTRE,0.0,0.55,-0.55,22.3,22,Plisses,Stable,Parle
22:03:35,261.32,NEUTRE,0.0,0.39,-0.39,22.3,13,Plisses,Stable,Parle
22:03:35,261.36,NEUTRE,0.0,0.39,-0.39,22.3,25,Plisses,Stable,Parle
22:03:35,261.4,NEUTRE,0.0,0.39,-0.39,22.3,23,Plisses,Stable,Parle
22:03:35,261.47,NEUTRE,0.0,0.44,-0.44,22.3,14,Neutre,Releves,Parle
22:03:35,261.51,NEUTRE,0.0,0.44,-0.44,22.3,23,Neutre,Releves,Parle
22:03:35,261.56,NEUTRE,0.0,0.44,-0.44,22.3,22,Neutre,Releves,Parle
22:03:36,261.63,NEUTRE,0.0,0.34,-0.34,22.3,13,Neutre,Releves,Parle
22:03:36,261.67,NEUTRE,0.0,0.34,-0.34,22.3,23,Neutre,Stable,Parle
22:03:36,261.72,NEUTRE,0.0,0.34,-0.34,22.3,21,Neutre,Stable,Parle
22:03:36,261.8,NEUTRE,0.0,0.39,-0.39,22.3,13,Neutre,Stable,Parle
22:03:36,261.84,NEUTRE,0.0,0.39,-0.39,22.3,22,Neutre,Stable,Parle
22:03:36,261.88,NEUTRE,0.0,0.39,-0.39,22.3,22,Neutre,Stable,Parle
22:03:36,261.96,NEUTRE,0.0,0.47,-0.47,22.3,13,Neutre,Stable,Fermee
22:03:36,262.0,NEUTRE,0.0,0.47,-0.47,22.3,26,Neutre,Stable,Fermee
22:03:36,262.04,NEUTRE,0.0,0.47,-0.47,22.3,22,Neutre,Stable,Fermee
22:03:36,262.11,NEUTRE,0.0,0.43,-0.43,22.3,13,Neutre,Stable,Fermee
22:03:36,262.15,NEUTRE,0.0,0.43,-0.43,22.3,27,Neutre,Stable,Fermee
22:03:36,262.19,NEUTRE,0.0,0.43,-0.43,22.3,25,Neutre,Stable,Parle
22:03:36,262.41,NEUTRE,0.0,0.52,-0.52,22.4,4,Neutre,Stable,Parle
22:03:36,262.46,NEUTRE,0.0,0.52,-0.52,22.4,23,Neutre,Stable,Parle
22:03:36,262.49,NEUTRE,0.0,0.52,-0.52,22.4,31,Neutre,Stable,Parle
22:03:36,262.55,NEUTRE,0.0,0.34,-0.34,22.4,15,Neutre,Stable,Fermee
22:03:36,262.59,INCONFORT,-6.0,-5.66,-0.34,22.3,25,Plisses,Fronces,Fermee
22:03:37,262.64,INCONFORT,-6.0,-5.66,-0.34,22.2,21,Neutre,Fronces,Fermee
22:03:37,262.72,NEUTRE,0.0,0.28,-0.28,22.2,11,Neutre,Stable,Fermee
22:03:37,262.76,INCONFORT,-6.0,-5.72,-0.28,22.1,27,Neutre,Fronces,Fermee
22:03:37,262.8,NEUTRE,0.0,0.28,-0.28,22.1,23,Neutre,Stable,Fermee
22:03:37,262.87,NEUTRE,0.0,0.47,-0.47,22.1,13,Neutre,Stable,Fermee
22:03:37,262.91,NEUTRE,0.0,0.47,-0.47,22.1,25,Neutre,Stable,Fermee
22:03:37,262.96,NEUTRE,0.0,0.47,-0.47,22.1,21,Neutre,Stable,Fermee
22:03:37,263.03,NEUTRE,0.0,0.59,-0.59,22.1,13,Neutre,Stable,Parle
22:03:37,263.06,NEUTRE,0.0,0.59,-0.59,22.2,29,Neutre,Stable,Fermee
22:03:37,263.11,NEUTRE,0.0,0.59,-0.59,22.2,22,Neutre,Stable,Fermee
22:03:37,263.2,NEUTRE,0.0,0.58,-0.58,22.2,11,Neutre,Stable,Fermee
22:03:37,263.24,NEUTRE,0.0,0.58,-0.58,22.2,22,Neutre,Stable,Parle
22:03:37,263.29,INCONFORT,-5.0,-4.42,-0.58,22.1,23,Neutre,Stable,Baillement
22:03:37,263.36,INCONFORT,-5.0,-4.42,-0.58,22.0,13,Neutre,Stable,Baillement
22:03:37,263.4,NEUTRE,0.0,0.58,-0.58,22.0,24,Neutre,Stable,Parle
22:03:37,263.44,NEUTRE,0.0,0.58,-0.58,22.0,24,Neutre,Stable,Parle
22:03:37,263.52,NEUTRE,0.0,0.48,-0.48,22.0,13,Neutre,Stable,Parle
22:03:37,263.56,NEUTRE,0.0,0.48,-0.48,22.0,25,Neutre,Stable,Fermee
22:03:37,263.61,NEUTRE,0.0,0.48,-0.48,22.1,19,Neutre,Stable,Fermee
22:03:38,263.7,NEUTRE,0.0,0.44,-0.44,22.1,10,Neutre,Stable,Fermee
22:03:38,263.76,NEUTRE,0.0,0.44,-0.44,22.1,19,Neutre,Stable,Parle
22:03:38,263.8,NEUTRE,0.0,0.44,-0.44,22.1,22,Neutre,Stable,Parle
22:03:38,263.88,NEUTRE,0.0,0.42,-0.42,22.1,12,Neutre,Stable,Parle
22:03:38,263.92,NEUTRE,0.0,0.42,-0.42,22.1,26,Plisses,Releves,Parle
22:03:38,263.96,NEUTRE,0.0,0.42,-0.42,22.1,25,Plisses,Releves,Parle
22:03:38,264.03,NEUTRE,0.0,0.38,-0.38,22.1,13,Plisses,Releves,Parle
22:03:38,264.07,NEUTRE,0.0,0.38,-0.38,22.1,30,Plisses,Releves,Parle
22:03:38,264.1,NEUTRE,0.0,0.38,-0.38,22.1,26,Plisses,Stable,Parle
22:03:38,264.18,NEUTRE,0.0,0.37,-0.37,22.1,13,Plisses,Stable,Parle
22:03:38,264.22,NEUTRE,0.0,0.37,-0.37,22.1,23,Neutre,Stable,Parle
22:03:38,264.26,NEUTRE,0.0,0.37,-0.37,22.2,25,Neutre,Stable,Parle
22:03:38,264.34,NEUTRE,0.0,0.37,-0.37,22.2,13,Neutre,Stable,Parle
22:03:38,264.37,NEUTRE,0.0,0.37,-0.37,22.2,26,Neutre,Stable,Parle
22:03:38,264.42,NEUTRE,0.0,0.37,-0.37,22.2,20,Neutre,Stable,Parle
22:03:38,264.5,NEUTRE,0.0,0.45,-0.45,22.2,13,Neutre,Stable,Parle
22:03:38,264.54,NEUTRE,0.0,0.45,-0.45,22.2,26,Neutre,Stable,Parle
22:03:38,264.58,NEUTRE,0.0,0.45,-0.45,22.2,22,Neutre,Stable,Fermee
22:03:39,264.66,NEUTRE,0.0,0.47,-0.47,22.2,13,Neutre,Stable,Fermee
22:03:39,264.69,NEUTRE,0.0,0.47,-0.47,22.2,25,Neutre,Stable,Fermee
22:03:39,264.74,NEUTRE,0.0,0.47,-0.47,22.2,21,Neutre,Stable,Fermee
22:03:39,264.81,NEUTRE,0.0,0.31,-0.31,22.2,14,Neutre,Releves,Fermee
22:03:39,264.85,NEUTRE,0.0,0.31,-0.31,22.2,22,Neutre,Stable,Fermee
22:03:39,264.89,NEUTRE,0.0,0.31,-0.31,22.2,23,Neutre,Stable,Fermee
22:03:39,264.97,NEUTRE,0.0,0.3,-0.3,22.2,12,Neutre,Stable,Fermee
22:03:39,265.01,NEUTRE,0.0,0.3,-0.3,22.2,26,Neutre,Stable,Fermee
22:03:39,265.05,INCONFORT,-5.0,-4.7,-0.3,22.2,23,Neutre,Stable,Baillement
22:03:39,265.14,INCONFORT,-5.0,-4.63,-0.37,22.1,11,Neutre,Stable,Baillement
22:03:39,265.19,NEUTRE,0.0,0.37,-0.37,22.1,22,Neutre,Stable,Parle
22:03:39,265.23,NEUTRE,0.0,0.37,-0.37,22.1,21,Neutre,Stable,Parle
22:03:39,265.32,NEUTRE,0.0,0.39,-0.39,22.1,11,Neutre,Stable,Parle
22:03:39,265.37,NEUTRE,0.0,0.39,-0.39,22.1,22,Neutre,Stable,Parle
22:03:39,265.41,NEUTRE,0.0,0.39,-0.39,22.1,22,Neutre,Stable,Parle
22:03:39,265.48,NEUTRE,0.0,0.55,-0.55,22.1,13,Neutre,Stable,Parle
22:03:39,265.53,NEUTRE,0.0,0.55,-0.55,22.1,24,Neutre,Stable,Parle
22:03:39,265.57,NEUTRE,0.0,0.55,-0.55,22.1,24,Neutre,Stable,Parle
22:03:40,265.64,NEUTRE,0.0,0.51,-0.51,22.1,12,Neutre,Stable,Parle
22:03:40,265.69,NEUTRE,0.0,0.51,-0.51,22.1,21,Neutre,Stable,Parle
22:03:40,265.74,NEUTRE,0.0,0.51,-0.51,22.2,20,Neutre,Stable,Parle
22:03:40,265.81,NEUTRE,0.0,0.48,-0.48,22.2,13,Neutre,Stable,Parle
22:03:40,265.86,NEUTRE,0.0,0.48,-0.48,22.2,24,Neutre,Stable,Parle
22:03:40,265.9,NEUTRE,0.0,0.48,-0.48,22.2,22,Neutre,Stable,Parle
22:03:40,265.98,NEUTRE,0.0,0.31,-0.31,22.2,13,Neutre,Stable,Parle
22:03:40,266.01,NEUTRE,0.0,0.31,-0.31,22.2,26,Neutre,Stable,Fermee
22:03:40,266.06,NEUTRE,0.0,0.31,-0.31,22.2,23,Neutre,Stable,Fermee
22:03:40,266.14,NEUTRE,0.0,0.37,-0.37,22.2,11,Neutre,Stable,Fermee
22:03:40,266.19,NEUTRE,0.0,0.37,-0.37,22.2,21,Neutre,Stable,Parle
22:03:40,266.23,NEUTRE,0.0,0.37,-0.37,22.2,24,Neutre,Stable,Parle
22:03:40,266.32,NEUTRE,0.0,0.53,-0.53,22.2,11,Neutre,Stable,Parle
22:03:40,266.36,NEUTRE,0.0,0.53,-0.53,22.2,22,Neutre,Stable,Parle
22:03:40,266.41,NEUTRE,0.0,0.53,-0.53,22.2,20,Neutre,Stable,Parle
22:03:40,266.49,NEUTRE,0.0,0.59,-0.59,22.2,12,Neutre,Stable,Parle
22:03:40,266.53,NEUTRE,0.0,0.59,-0.59,22.2,21,Neutre,Stable,Parle
22:03:40,266.58,NEUTRE,0.0,0.59,-0.59,22.2,22,Neutre,Stable,Parle
22:03:41,266.66,NEUTRE,0.0,0.48,-0.48,22.3,12,Neutre,Stable,Parle
22:03:41,266.69,NEUTRE,0.0,0.48,-0.48,22.3,25,Neutre,Stable,Fermee
22:03:41,266.74,NEUTRE,0.0,0.48,-0.48,22.3,24,Neutre,Stable,Fermee
22:03:41,266.82,NEUTRE,0.0,0.45,-0.45,22.3,12,Neutre,Releves,Parle
22:03:41,266.85,NEUTRE,0.0,0.45,-0.45,22.3,26,Neutre,Releves,Parle
22:03:41,266.9,NEUTRE,0.0,0.45,-0.45,22.3,23,Neutre,Releves,Parle
22:03:41,266.97,NEUTRE,0.0,0.47,-0.47,22.3,13,Neutre,Releves,Parle
22:03:41,267.01,NEUTRE,0.0,0.47,-0.47,22.3,24,Neutre,Releves,Parle
22:03:41,267.2,NEUTRE,0.0,0.47,-0.47,22.3,5,Neutre,Releves,Parle
22:03:41,267.27,NEUTRE,0.0,0.41,-0.41,22.3,13,Plisses,Releves,Fermee
22:03:41,267.31,INCONFORT,-4.0,-3.59,-0.41,22.2,25,Plisses,Stable,Grimace / Tension
22:03:41,267.35,NEUTRE,0.0,0.41,-0.41,22.2,26,Plisses,Stable,Parle
22:03:41,267.42,INCONFORT,-5.0,-4.66,-0.34,22.1,13,Plisses,Stable,Baillement
22:03:41,267.47,NEUTRE,0.0,0.34,-0.34,22.1,22,Plisses,Stable,Fermee
22:03:41,267.51,NEUTRE,0.0,0.34,-0.34,22.1,23,Plisses,Stable,Fermee
22:03:41,267.61,NEUTRE,0.0,0.33,-0.33,22.1,9,Plisses,Stable,Fermee
22:03:42,267.66,NEUTRE,0.0,0.33,-0.33,22.2,22,Plisses,Stable,Fermee
22:03:42,267.7,NEUTRE,0.0,0.33,-0.33,22.2,21,Plisses,Stable,Fermee
22:03:42,267.79,NEUTRE,0.0,0.43,-0.43,22.2,11,Plisses,Stable,Parle
22:03:42,267.83,NEUTRE,0.0,0.43,-0.43,22.2,24,Neutre,Stable,Fermee
22:03:42,267.88,NEUTRE,0.0,0.43,-0.43,22.2,21,Neutre,Stable,Fermee
22:03:42,267.97,NEUTRE,0.0,0.38,-0.38,22.2,10,Neutre,Stable,Fermee
22:03:42,268.01,NEUTRE,0.0,0.38,-0.38,22.2,24,Neutre,Stable,Parle
22:03:42,268.05,NEUTRE,0.0,0.38,-0.38,22.2,25,Neutre,Stable,Parle
22:03:42,268.12,NEUTRE,0.0,0.53,-0.53,22.2,13,Neutre,Stable,Parle
22:03:42,268.16,NEUTRE,0.0,0.53,-0.53,22.2,27,Neutre,Stable,Parle
22:03:42,268.2,NEUTRE,0.0,0.53,-0.53,22.2,23,Neutre,Stable,Parle
22:03:42,268.28,NEUTRE,0.0,0.48,-0.48,22.2,12,Neutre,Stable,Parle
22:03:42,268.32,NEUTRE,0.0,0.48,-0.48,22.2,26,Neutre,Stable,Fermee
22:03:42,268.35,NEUTRE,0.0,0.48,-0.48,22.2,28,Neutre,Stable,Fermee
22:03:42,268.43,NEUTRE,0.0,0.44,-0.44,22.2,13,Neutre,Stable,Fermee
22:03:42,268.47,NEUTRE,0.0,0.44,-0.44,22.2,25,Neutre,Stable,Fermee
22:03:42,268.51,NEUTRE,0.0,0.44,-0.44,22.3,23,Neutre,Stable,Fermee
22:03:42,268.58,NEUTRE,0.0,0.35,-0.35,22.3,14,Neutre,Stable,Fermee
22:03:43,268.62,NEUTRE,0.0,0.35,-0.35,22.3,26,Neutre,Stable,Parle
22:03:43,268.66,NEUTRE,0.0,0.35,-0.35,22.3,23,Neutre,Stable,Parle
22:03:43,268.75,NEUTRE,0.0,0.35,-0.35,22.3,11,Neutre,Stable,Parle
22:03:43,268.79,NEUTRE,0.0,0.35,-0.35,22.3,21,Plisses,Stable,Parle
22:03:43,268.84,NEUTRE,0.0,0.35,-0.35,22.3,20,Plisses,Stable,Parle
22:03:43,268.95,NEUTRE,0.0,0.39,-0.39,22.3,9,Plisses,Stable,Parle
22:03:43,268.98,INCONFORT,-4.0,-3.61,-0.39,22.2,26,Neutre,Stable,Grimace / Tension
22:03:43,269.02,INCONFORT,-4.0,-3.61,-0.39,22.1,24,Neutre,Stable,Grimace / Tension
22:03:43,269.1,CONFORT,5.0,5.42,-0.42,22.1,13,Neutre,Stable,Grand Sourire
22:03:43,269.14,CONFORT,5.0,5.42,-0.42,22.1,23,Neutre,Stable,Grand Sourire
22:03:43,269.19,CONFORT,5.0,5.42,-0.42,22.0,20,Plisses,Stable,Grand Sourire
22:03:43,269.27,INCONFORT,-4.0,-4.43,0.43,22.0,12,Plisses,Stable,Grimace / Tension
22:03:43,269.31,INCONFORT,-4.0,-4.43,0.43,21.9,21,Neutre,Stable,Grimace / Tension
22:03:43,269.35,CONFORT,5.0,4.57,0.43,21.9,25,Neutre,Stable,Sourire leger
22:03:43,269.44,CONFORT,5.0,5.5,-0.5,21.9,12,Neutre,Stable,Sourire leger
22:03:43,269.48,CONFORT,5.0,5.5,-0.5,21.8,21,Neutre,Stable,Sourire leger
22:03:43,269.52,CONFORT,5.0,5.5,-0.5,21.8,23,Neutre,Stable,Sourire leger
22:03:43,269.61,INCONFORT,-4.0,-4.6,0.6,21.7,11,Neutre,Stable,Grimace / Tension
22:03:44,269.66,INCONFORT,-4.0,-4.6,0.6,21.7,22,Neutre,Stable,Grimace / Tension
22:03:44,269.7,INCONFORT,-4.0,-4.6,0.6,21.6,22,Neutre,Stable,Grimace / Tension
22:03:44,269.78,NEUTRE,-1.0,-1.74,0.74,21.6,12,Neutre,Stable,Grimace / Tension
22:03:44,269.83,NEUTRE,-1.0,-1.74,0.74,21.6,22,Neutre,Stable,Grimace / Tension
22:03:44,269.87,NEUTRE,-1.0,-1.74,0.74,21.6,24,Neutre,Stable,Grimace / Tension
22:03:44,269.96,NEUTRE,-1.0,-1.77,0.77,21.7,11,Neutre,Stable,Grimace / Tension
22:03:44,270.0,NEUTRE,-1.0,-1.77,0.77,21.7,23,Neutre,Stable,Grimace / Tension
22:03:44,270.05,NEUTRE,-1.0,-1.77,0.77,21.7,19,Neutre,Stable,Grimace / Tension
22:03:44,270.14,NEUTRE,-1.0,-1.73,0.73,21.7,10,Neutre,Stable,Grimace / Tension
22:03:44,270.19,NEUTRE,-1.0,-1.73,0.73,21.7,21,Neutre,Stable,Grimace / Tension
22:03:44,270.24,NEUTRE,-1.0,-1.73,0.73,21.7,20,Neutre,Stable,Grimace / Tension
22:03:44,270.33,NEUTRE,-1.0,-1.73,0.73,21.8,11,Neutre,Stable,Grimace / Tension
22:03:44,270.37,NEUTRE,-1.0,-1.73,0.73,21.8,22,Neutre,Stable,Grimace / Tension
22:03:44,270.41,NEUTRE,-1.0,-1.73,0.73,21.8,22,Neutre,Stable,Grimace / Tension
22:03:44,270.5,CONFORT,8.0,7.23,0.77,21.8,11,Neutre,Stable,Grand Sourire
22:03:44,270.55,CONFORT,8.0,7.23,0.77,21.8,20,Neutre,Stable,Grand Sourire
22:03:44,270.6,NEUTRE,-1.0,-1.77,0.77,21.8,20,Neutre,Stable,Grimace / Tension
22:03:45,270.69,INCONFORT,-4.0,-4.52,0.52,21.7,10,Plisses,Stable,Grimace / Tension
22:03:45,270.74,INCONFORT,-4.0,-4.52,0.52,21.6,21,Plisses,Stable,Grimace / Tension
22:03:45,270.78,INCONFORT,-4.0,-4.52,0.52,21.6,24,Neutre,Stable,Grimace / Tension
22:03:45,270.86,NEUTRE,-1.0,-1.62,0.62,21.6,12,Neutre,Stable,Grimace / Tension
22:03:45,270.9,NEUTRE,-1.0,-1.62,0.62,21.6,25,Plisses,Stable,Grimace / Tension
22:03:45,270.94,NEUTRE,-1.0,-1.62,0.62,21.6,23,Plisses,Stable,Grimace / Tension
22:03:45,271.02,NEUTRE,-1.0,-1.69,0.69,21.6,11,Plisses,Stable,Grimace / Tension
22:03:45,271.06,NEUTRE,-1.0,-1.69,0.69,21.6,24,Neutre,Stable,Grimace / Tension
22:03:45,271.11,NEUTRE,-1.0,-1.69,0.69,21.7,22,Neutre,Stable,Grimace / Tension
22:03:45,271.19,NEUTRE,-1.0,-1.75,0.75,21.7,12,Plisses,Stable,Grimace / Tension
22:03:45,271.24,CONFORT,8.0,7.25,0.75,21.7,22,Neutre,Stable,Grand Sourire
22:03:45,271.28,NEUTRE,-1.0,-1.75,0.75,21.7,24,Neutre,Stable,Grimace / Tension
22:03:45,271.37,CONFORT,8.0,7.36,0.64,21.7,10,Neutre,Stable,Grand Sourire
22:03:45,271.41,CONFORT,8.0,7.36,0.64,21.7,21,Neutre,Stable,Grand Sourire
22:03:45,271.45,CONFORT,8.0,7.36,0.64,21.6,25,Neutre,Stable,Grand Sourire
22:03:45,271.53,CONFORT,8.0,7.22,0.78,21.6,13,Neutre,Stable,Grand Sourire
22:03:45,271.57,CONFORT,8.0,7.22,0.78,21.6,23,Neutre,Stable,Grand Sourire
22:03:45,271.61,CONFORT,8.0,7.22,0.78,21.6,28,Neutre,Stable,Grand Sourire
22:03:46,271.68,CONFORT,8.0,7.32,0.68,21.6,13,Neutre,Stable,Grand Sourire
22:03:46,271.73,CONFORT,8.0,7.32,0.68,21.6,23,Neutre,Stable,Grand Sourire
22:03:46,271.77,NEUTRE,-1.0,-1.68,0.68,21.6,23,Neutre,Stable,Grimace / Tension
22:03:46,271.99,CONFORT,8.0,7.25,0.75,21.6,4,Neutre,Stable,Grand Sourire
22:03:46,272.03,NEUTRE,-1.0,-1.75,0.75,21.6,25,Neutre,Stable,Grimace / Tension
22:03:46,272.06,NEUTRE,-1.0,-1.75,0.75,21.6,33,Neutre,Stable,Grimace / Tension
22:03:46,272.13,NEUTRE,-1.0,-1.83,0.83,21.6,14,Neutre,Stable,Grimace / Tension
22:03:46,272.16,NEUTRE,-1.0,-1.83,0.83,21.7,25,Neutre,Stable,Grimace / Tension
22:03:46,272.21,CONFORT,8.0,7.17,0.83,21.6,20,Neutre,Stable,Grand Sourire
22:03:46,272.3,CONFORT,8.0,7.17,0.83,21.6,12,Neutre,Stable,Grand Sourire
22:03:46,272.34,NEUTRE,-1.0,-1.83,0.83,21.6,21,Neutre,Stable,Grimace / Tension
22:03:46,272.39,NEUTRE,-1.0,-1.83,0.83,21.7,20,Neutre,Stable,Grimace / Tension
22:03:46,272.47,NEUTRE,-1.0,-1.81,0.81,21.7,12,Neutre,Stable,Grimace / Tension
22:03:46,272.51,NEUTRE,-1.0,-1.81,0.81,21.7,26,Neutre,Stable,Grimace / Tension
22:03:46,272.55,NEUTRE,-1.0,-1.81,0.81,21.7,22,Neutre,Stable,Grimace / Tension
22:03:47,272.63,INCONFORT,-4.0,-3.62,-0.38,21.6,12,Neutre,Stable,Grimace / Tension
22:03:47,272.67,CONFORT,5.0,5.38,-0.38,21.6,27,Neutre,Stable,Sourire leger
22:03:47,272.71,CONFORT,5.0,5.38,-0.38,21.6,22,Neutre,Stable,Sourire leger
22:03:47,272.79,CONFORT,5.0,5.47,-0.47,21.6,12,Neutre,Stable,Sourire leger
22:03:47,272.84,NEUTRE,0.0,0.47,-0.47,21.6,21,Neutre,Stable,Fermee
22:03:47,272.89,NEUTRE,0.0,0.47,-0.47,21.6,21,Neutre,Stable,Parle
22:03:47,272.96,NEUTRE,0.0,0.43,-0.43,21.7,13,Neutre,Stable,Parle
22:03:47,273.0,NEUTRE,0.0,0.43,-0.43,21.7,24,Neutre,Stable,Parle
22:03:47,273.04,INCONFORT,-4.0,-3.57,-0.43,21.6,24,Neutre,Stable,Grimace / Tension
22:03:47,273.12,INCONFORT,-4.0,-3.49,-0.51,21.5,13,Neutre,Releves,Grimace / Tension
22:03:47,273.15,INCONFORT,-4.0,-3.49,-0.51,21.5,27,Neutre,Releves,Grimace / Tension
22:03:47,273.2,NEUTRE,0.0,0.51,-0.51,21.5,22,Neutre,Releves,Parle
22:03:47,273.27,INCONFORT,-4.0,-3.48,-0.52,21.4,13,Neutre,Releves,Grimace / Tension
22:03:47,273.31,NEUTRE,0.0,0.52,-0.52,21.4,25,Neutre,Releves,Parle
22:03:47,273.35,NEUTRE,0.0,0.52,-0.52,21.5,23,Neutre,Releves,Parle
22:03:47,273.42,NEUTRE,0.0,0.51,-0.51,21.5,14,Neutre,Releves,Parle
22:03:47,273.46,NEUTRE,0.0,0.51,-0.51,21.5,24,Neutre,Releves,Parle
22:03:47,273.5,NEUTRE,0.0,0.51,-0.51,21.5,25,Ecarquilles,Releves,Parle
22:03:47,273.57,NEUTRE,0.0,0.43,-0.43,21.5,13,Ecarquilles,Releves,Parle
22:03:47,273.62,NEUTRE,0.0,0.43,-0.43,21.6,24,Ecarquilles,Releves,Parle
22:03:48,273.65,NEUTRE,0.0,0.43,-0.43,21.6,26,Ecarquilles,Releves,Parle
22:03:48,273.73,NEUTRE,0.0,0.31,-0.31,21.6,13,Ecarquilles,Releves,Fermee
22:03:48,273.77,CONFORT,5.0,5.31,-0.31,21.6,24,Ecarquilles,Releves,Sourire leger
22:03:48,273.81,CONFORT,5.0,5.31,-0.31,21.6,24,Ecarquilles,Releves,Sourire leger
22:03:48,273.89,CONFORT,5.0,5.32,-0.32,21.6,12,Ecarquilles,Releves,Sourire leger
22:03:48,273.93,CONFORT,5.0,5.32,-0.32,21.5,23,Ecarquilles,Releves,Sourire leger
22:03:48,273.98,CONFORT,5.0,5.32,-0.32,21.5,22,Ecarquilles,Releves,Sourire leger
22:03:48,274.06,CONFORT,5.0,5.3,-0.3,21.5,12,Ecarquilles,Releves,Sourire leger
22:03:48,274.1,CONFORT,5.0,5.3,-0.3,21.5,23,Ecarquilles,Releves,Sourire leger
22:03:48,274.14,CONFORT,5.0,5.3,-0.3,21.5,27,Ecarquilles,Releves,Sourire leger
22:03:48,274.22,CONFORT,5.0,5.32,-0.32,21.5,11,Ecarquilles,Releves,Sourire leger
22:03:48,274.26,CONFORT,5.0,5.32,-0.32,21.5,25,Ecarquilles,Releves,Sourire leger
22:03:48,274.31,CONFORT,5.0,5.32,-0.32,21.5,22,Ecarquilles,Releves,Sourire leger
22:03:48,274.4,NEUTRE,0.0,0.33,-0.33,21.5,10,Ecarquilles,Releves,Parle
22:03:48,274.44,NEUTRE,0.0,0.33,-0.33,21.5,22,Ecarquilles,Releves,Parle
22:03:48,274.49,NEUTRE,0.0,0.33,-0.33,21.5,20,Ecarquilles,Releves,Parle
22:03:48,274.58,NEUTRE,0.0,0.4,-0.4,21.6,11,Ecarquilles,Releves,Parle
22:03:49,274.62,NEUTRE,0.0,0.4,-0.4,21.6,23,Ecarquilles,Releves,Parle
22:03:49,274.67,NEUTRE,0.0,0.4,-0.4,21.6,21,Ecarquilles,Releves,Parle
22:03:49,274.76,NEUTRE,0.0,0.37,-0.37,21.6,11,Ecarquilles,Releves,Parle
22:03:49,274.8,NEUTRE,0.0,0.37,-0.37,21.6,23,Ecarquilles,Releves,Fermee
22:03:49,274.85,NEUTRE,0.0,0.37,-0.37,21.6,21,Ecarquilles,Releves,Fermee
22:03:49,274.93,CONFORT,5.0,5.31,-0.31,21.6,12,Ecarquilles,Releves,Sourire leger
22:03:49,274.97,CONFORT,5.0,5.31,-0.31,21.6,21,Ecarquilles,Releves,Sourire leger
22:03:49,275.02,CONFORT,5.0,5.31,-0.31,21.6,20,Ecarquilles,Releves,Sourire leger
22:03:49,275.1,NEUTRE,0.0,0.29,-0.29,21.6,12,Ecarquilles,Releves,Fermee
22:03:49,275.15,NEUTRE,0.0,0.29,-0.29,21.6,23,Ecarquilles,Releves,Fermee
22:03:49,275.19,NEUTRE,0.0,0.29,-0.29,21.7,21,Ecarquilles,Releves,Fermee
22:03:49,275.28,NEUTRE,0.0,0.29,-0.29,21.7,11,Ecarquilles,Releves,Fermee
22:03:49,275.32,NEUTRE,0.0,0.29,-0.29,21.7,23,Ecarquilles,Releves,Parle
22:03:49,275.37,NEUTRE,0.0,0.29,-0.29,21.7,21,Ecarquilles,Releves,Parle
22:03:49,275.46,NEUTRE,0.0,0.29,-0.29,21.7,10,Ecarquilles,Releves,Parle
22:03:49,275.51,NEUTRE,0.0,0.29,-0.29,21.7,24,Ecarquilles,Releves,Parle
22:03:49,275.56,NEUTRE,0.0,0.29,-0.29,21.8,18,Ecarquilles,Releves,Parle
22:03:50,275.64,CONFORT,5.0,4.63,0.37,21.7,12,Ecarquilles,Stable,Sourire leger
22:03:50,275.68,NEUTRE,-1.0,-1.37,0.37,21.8,25,Ecarquilles,Fronces,Sourire leger
22:03:50,275.72,NEUTRE,-1.0,-1.37,0.37,21.8,24,Ecarquilles,Fronces,Sourire leger
22:03:50,275.81,NEUTRE,-1.0,-1.58,0.58,21.8,10,Ecarquilles,Fronces,Sourire leger
22:03:50,275.86,INCONFORT,-6.0,-6.58,0.58,21.7,22,Ecarquilles,Fronces,Fermee
22:03:50,275.9,INCONFORT,-6.0,-6.58,0.58,21.6,21,Ecarquilles,Fronces,Fermee
22:03:50,275.99,INCONFORT,-9.0,-8.39,-0.61,21.6,11,Ecarquilles,Fronces,Fermee
22:03:50,276.04,INCONFORT,-9.0,-8.39,-0.61,21.5,22,Ecarquilles,Fronces,Fermee
22:03:50,276.08,INCONFORT,-9.0,-8.39,-0.61,21.4,22,Ecarquilles,Fronces,Fermee
22:03:50,276.17,INCONFORT,-6.0,-5.4,-0.6,21.4,10,Ecarquilles,Fronces,Fermee
22:03:50,276.22,INCONFORT,-6.0,-5.4,-0.6,21.3,22,Ecarquilles,Fronces,Fermee
22:03:50,276.26,INCONFORT,-6.0,-5.4,-0.6,21.2,21,Ecarquilles,Fronces,Fermee
22:03:50,276.36,INCONFORT,-9.0,-8.36,-0.64,21.2,10,Ecarquilles,Fronces,Fermee
22:03:50,276.4,INCONFORT,-9.0,-8.36,-0.64,21.1,21,Ecarquilles,Fronces,Fermee
22:03:50,276.45,INCONFORT,-9.0,-8.36,-0.64,21.0,21,Ecarquilles,Fronces,Fermee
22:03:50,276.54,INCONFORT,-6.0,-5.41,-0.59,21.0,10,Ecarquilles,Fronces,Fermee
22:03:51,276.73,NEUTRE,-1.0,-1.59,0.59,21.0,5,Plisses,Fronces,Sourire leger
22:03:51,276.76,NEUTRE,-1.0,-1.59,0.59,21.0,36,Plisses,Fronces,Sourire leger
22:03:51,276.85,NEUTRE,2.0,1.31,0.69,21.1,10,Plisses,Fronces,Sourire leger
22:03:51,276.9,NEUTRE,2.0,1.31,0.69,21.1,21,Neutre,Fronces,Sourire leger
22:03:51,276.95,NEUTRE,2.0,1.31,0.69,21.1,20,Neutre,Fronces,Sourire leger
22:03:51,277.04,NEUTRE,2.0,1.31,0.69,21.1,10,Neutre,Fronces,Sourire leger
22:03:51,277.09,NEUTRE,-3.0,-3.69,0.69,21.2,21,Neutre,Fronces,Fermee
22:03:51,277.13,NEUTRE,-3.0,-3.69,0.69,21.2,22,Neutre,Fronces,Fermee
22:03:51,277.21,INCONFORT,-9.0,-8.32,-0.68,21.1,12,Neutre,Fronces,Fermee
22:03:51,277.26,INCONFORT,-9.0,-8.32,-0.68,21.1,22,Neutre,Fronces,Fermee
22:03:51,277.3,INCONFORT,-9.0,-8.32,-0.68,21.0,21,Neutre,Fronces,Fermee
22:03:51,277.39,INCONFORT,-6.0,-5.41,-0.59,20.9,11,Neutre,Fronces,Parle
22:03:51,277.43,INCONFORT,-4.0,-3.41,-0.59,20.9,23,Plisses,Stable,Grimace / Tension
22:03:51,277.48,CONFORT,5.0,4.41,0.59,20.9,23,Plisses,Stable,Sourire leger
22:03:51,277.56,CONFORT,5.0,4.4,0.6,20.9,11,Plisses,Stable,Sourire leger
22:03:51,277.61,INCONFORT,-6.0,-6.6,0.6,20.8,21,Plisses,Fronces,Fermee
22:03:52,277.66,INCONFORT,-6.0,-6.6,0.6,20.8,19,Plisses,Fronces,Fermee
22:03:52,277.75,INCONFORT,-9.0,-8.34,-0.66,20.7,11,Plisses,Fronces,Fermee
22:03:52,277.79,INCONFORT,-9.0,-8.34,-0.66,20.7,22,Plisses,Fronces,Fermee
22:03:52,277.84,INCONFORT,-9.0,-8.34,-0.66,20.6,20,Plisses,Fronces,Fermee
22:03:52,277.92,INCONFORT,-6.0,-5.41,-0.59,20.6,12,Plisses,Fronces,Fermee
22:03:52,277.97,INCONFORT,-6.0,-5.41,-0.59,20.5,22,Plisses,Fronces,Fermee
22:03:52,278.01,INCONFORT,-6.0,-5.41,-0.59,20.5,23,Plisses,Fronces,Fermee
22:03:52,278.1,INCONFORT,-9.0,-8.39,-0.61,20.4,11,Plisses,Fronces,Fermee
22:03:52,278.15,INCONFORT,-9.0,-8.39,-0.61,20.4,22,Plisses,Fronces,Fermee
22:03:52,278.19,INCONFORT,-9.0,-8.39,-0.61,20.3,20,Plisses,Fronces,Fermee
22:03:52,278.28,INCONFORT,-9.0,-8.39,-0.61,20.3,11,Plisses,Fronces,Fermee
22:03:52,278.33,INCONFORT,-9.0,-8.39,-0.61,20.2,21,Plisses,Fronces,Fermee
22:03:52,278.38,INCONFORT,-9.0,-8.39,-0.61,20.2,20,Plisses,Fronces,Fermee
22:03:52,278.48,INCONFORT,-9.0,-8.35,-0.65,20.1,10,Plisses,Fronces,Fermee
22:03:52,278.53,INCONFORT,-9.0,-8.35,-0.65,20.1,19,Neutre,Fronces,Fermee
22:03:52,278.58,INCONFORT,-9.0,-8.35,-0.65,20.1,20,Neutre,Fronces,Fermee
22:03:53,278.67,INCONFORT,-6.0,-5.41,-0.59,20.0,11,Neutre,Fronces,Fermee
22:03:53,278.72,INCONFORT,-6.0,-5.41,-0.59,20.0,18,Neutre,Fronces,Fermee
22:03:53,278.77,INCONFORT,-6.0,-5.41,-0.59,19.9,21,Neutre,Fronces,Fermee
22:03:53,278.85,INCONFORT,-6.0,-5.42,-0.58,19.9,11,Neutre,Fronces,Fermee
22:03:53,278.9,INCONFORT,-6.0,-5.42,-0.58,19.9,22,Neutre,Fronces,Fermee
22:03:53,278.95,INCONFORT,-6.0,-5.42,-0.58,19.8,20,Neutre,Fronces,Fermee
22:03:53,279.03,INCONFORT,-9.0,-8.34,-0.66,19.8,11,Neutre,Fronces,Fermee
22:03:53,279.08,INCONFORT,-13.0,-12.34,-0.66,19.7,22,Neutre,Fronces,Grimace / Tension
22:03:53,279.12,NEUTRE,-3.0,-2.34,-0.66,19.8,21,Neutre,Stable,Fermee
22:03:53,279.21,NEUTRE,0.0,0.46,-0.46,19.9,11,Neutre,Stable,Parle
22:03:53,279.26,NEUTRE,0.0,0.46,-0.46,19.9,19,Neutre,Releves,Parle
22:03:53,279.31,NEUTRE,0.0,0.46,-0.46,20.0,22,Neutre,Releves,Parle
22:03:53,279.4,NEUTRE,0.0,0.37,-0.37,20.0,11,Neutre,Releves,Parle
22:03:53,279.44,NEUTRE,0.0,0.37,-0.37,20.1,21,Neutre,Stable,Parle
22:03:53,279.49,NEUTRE,0.0,0.37,-0.37,20.1,22,Plisses,Stable,Parle
22:03:53,279.58,NEUTRE,0.0,0.42,-0.42,20.2,10,Neutre,Stable,Fermee
22:03:54,279.63,INCONFORT,-5.0,-4.58,-0.42,20.1,21,Plisses,Stable,Baillement
22:03:54,279.67,INCONFORT,-4.0,-3.58,-0.42,20.1,22,Plisses,Stable,Grimace / Tension
22:03:54,279.76,INCONFORT,-4.0,-3.7,-0.3,20.0,12,Plisses,Stable,Grimace / Tension
22:03:54,279.81,INCONFORT,-5.0,-4.7,-0.3,20.0,20,Plisses,Stable,Baillement
22:03:54,279.85,INCONFORT,-5.0,-4.7,-0.3,20.0,23,Plisses,Stable,Baillement
22:03:54,279.93,INCONFORT,-5.0,-4.68,-0.32,19.9,11,Plisses,Stable,Baillement
22:03:54,279.98,INCONFORT,-5.0,-4.68,-0.32,19.9,21,Plisses,Stable,Baillement
22:03:54,280.03,INCONFORT,-4.0,-3.68,-0.32,19.8,22,Plisses,Stable,Grimace / Tension
22:03:54,280.12,INCONFORT,-4.0,-4.35,0.35,19.8,10,Plisses,Stable,Grimace / Tension
22:03:54,280.17,INCONFORT,-4.0,-4.35,0.35,19.8,20,Plisses,Stable,Grimace / Tension
22:03:54,280.22,INCONFORT,-4.0,-4.35,0.35,19.7,20,Plisses,Stable,Grimace / Tension
22:03:54,280.31,INCONFORT,-4.0,-4.28,0.28,19.7,10,Plisses,Stable,Grimace / Tension
22:03:54,280.35,INCONFORT,-4.0,-4.28,0.28,19.7,21,Plisses,Stable,Grimace / Tension
22:03:54,280.4,INCONFORT,-4.0,-4.28,0.28,19.6,21,Plisses,Stable,Grimace / Tension
22:03:54,280.49,INCONFORT,-4.0,-4.32,0.32,19.6,11,Plisses,Stable,Grimace / Tension
22:03:54,280.53,INCONFORT,-4.0,-4.32,0.32,19.6,21,Plisses,Stable,Grimace / Tension
22:03:54,280.58,INCONFORT,-4.0,-4.32,0.32,19.5,21,Plisses,Stable,Grimace / Tension
22:03:55,280.67,INCONFORT,-4.0,-4.46,0.46,19.5,10,Plisses,Stable,Grimace / Tension
22:03:55,280.72,INCONFORT,-4.0,-4.46,0.46,19.5,21,Plisses,Stable,Grimace / Tension
22:03:55,280.77,INCONFORT,-4.0,-4.46,0.46,19.4,20,Plisses,Stable,Grimace / Tension
22:03:55,280.86,NEUTRE,-1.0,-1.61,0.61,19.5,11,Plisses,Stable,Grimace / Tension
22:03:55,280.9,NEUTRE,-1.0,-1.61,0.61,19.6,22,Plisses,Stable,Grimace / Tension
22:03:55,280.95,NEUTRE,-1.0,-1.61,0.61,19.6,20,Plisses,Stable,Grimace / Tension
22:03:55,281.04,INCONFORT,-4.0,-4.57,0.57,19.6,11,Plisses,Stable,Grimace / Tension
22:03:55,281.09,INCONFORT,-4.0,-4.57,0.57,19.6,20,Plisses,Stable,Grimace / Tension
22:03:55,281.14,INCONFORT,-4.0,-4.57,0.57,19.5,19,Plisses,Stable,Grimace / Tension
22:03:55,281.23,NEUTRE,-1.0,-1.65,0.65,19.6,11,Plisses,Stable,Grimace / Tension
22:03:55,281.28,NEUTRE,-1.0,-1.65,0.65,19.6,19,Plisses,Stable,Grimace / Tension
22:03:55,281.32,NEUTRE,-1.0,-1.65,0.65,19.7,22,Plisses,Stable,Grimace / Tension
22:03:55,281.41,INCONFORT,-4.0,-4.53,0.53,19.7,11,Plisses,Stable,Grimace / Tension
22:03:55,281.46,INCONFORT,-4.0,-4.53,0.53,19.6,21,Plisses,Stable,Grimace / Tension
22:03:55,281.51,INCONFORT,-4.0,-4.53,0.53,19.6,19,Plisses,Stable,Grimace / Tension
22:03:55,281.6,INCONFORT,-4.0,-4.42,0.42,19.6,11,Plisses,Stable,Grimace / Tension
22:03:56,281.65,INCONFORT,-4.0,-4.42,0.42,19.5,19,Plisses,Stable,Grimace / Tension
22:03:56,281.7,INCONFORT,-4.0,-4.42,0.42,19.5,20,Plisses,Stable,Grimace / Tension
22:03:56,281.78,INCONFORT,-4.0,-4.4,0.4,19.5,12,Plisses,Stable,Grimace / Tension
22:03:56,281.98,INCONFORT,-4.0,-4.4,0.4,19.4,4,Plisses,Stable,Grimace / Tension
22:03:56,282.01,INCONFORT,-4.0,-4.4,0.4,19.4,35,Plisses,Stable,Grimace / Tension
22:03:56,282.08,INCONFORT,-4.0,-4.47,0.47,19.4,12,Plisses,Stable,Grimace / Tension
22:03:56,282.13,INCONFORT,-4.0,-4.47,0.47,19.4,21,Plisses,Stable,Grimace / Tension
22:03:56,282.17,INCONFORT,-4.0,-4.47,0.47,19.3,22,Plisses,Stable,Grimace / Tension
22:03:56,282.27,INCONFORT,-4.0,-4.39,0.39,19.3,10,Plisses,Stable,Grimace / Tension
22:03:56,282.31,INCONFORT,-4.0,-4.39,0.39,19.3,24,Plisses,Stable,Grimace / Tension
22:03:56,282.36,INCONFORT,-4.0,-4.39,0.39,19.3,20,Plisses,Stable,Grimace / Tension
22:03:56,282.44,INCONFORT,-4.0,-4.49,0.49,19.2,11,Plisses,Stable,Grimace / Tension
22:03:56,282.49,INCONFORT,-4.0,-4.49,0.49,19.2,19,Plisses,Stable,Grimace / Tension
22:03:56,282.54,INCONFORT,-4.0,-4.49,0.49,19.2,20,Plisses,Releves,Grimace / Tension
22:03:57,282.63,INCONFORT,-4.0,-4.55,0.55,19.2,11,Plisses,Releves,Grimace / Tension
22:03:57,282.68,INCONFORT,-4.0,-4.55,0.55,19.1,21,Plisses,Releves,Grimace / Tension
22:03:57,282.72,INCONFORT,-4.0,-4.55,0.55,19.1,23,Plisses,Releves,Grimace / Tension
22:03:57,282.81,INCONFORT,-4.0,-4.48,0.48,19.1,10,Plisses,Stable,Grimace / Tension
22:03:57,282.86,INCONFORT,-4.0,-4.48,0.48,19.1,22,Plisses,Stable,Grimace / Tension
22:03:57,282.9,INCONFORT,-4.0,-4.48,0.48,19.0,21,Plisses,Stable,Grimace / Tension
22:03:57,282.99,INCONFORT,-4.0,-3.6,-0.4,19.0,11,Plisses,Stable,Grimace / Tension
22:03:57,283.04,INCONFORT,-5.0,-4.6,-0.4,19.0,22,Plisses,Stable,Baillement
22:03:57,283.08,INCONFORT,-5.0,-4.6,-0.4,19.0,21,Plisses,Stable,Baillement
22:03:57,283.17,INCONFORT,-4.0,-4.39,0.39,19.0,11,Plisses,Stable,Grimace / Tension
22:03:57,283.22,INCONFORT,-4.0,-4.39,0.39,18.9,19,Plisses,Stable,Grimace / Tension
22:03:57,283.27,INCONFORT,-4.0,-4.39,0.39,18.9,20,Plisses,Stable,Grimace / Tension
22:03:57,283.36,INCONFORT,-5.0,-4.72,-0.28,18.9,11,Plisses,Stable,Baillement
22:03:57,283.4,INCONFORT,-5.0,-4.72,-0.28,18.9,21,Plisses,Stable,Baillement
22:03:57,283.45,INCONFORT,-5.0,-4.72,-0.28,18.9,23,Plisses,Stable,Baillement
22:03:57,283.54,INCONFORT,-5.0,-5.39,0.39,18.9,11,Plisses,Stable,Baillement
22:03:57,283.58,INCONFORT,-5.0,-5.39,0.39,18.8,22,Plisses,Stable,Baillement
22:03:58,283.63,INCONFORT,-5.0,-5.39,0.39,18.8,19,Plisses,Stable,Baillement
22:03:58,283.72,INCONFORT,-5.0,-5.38,0.38,18.8,11,Plisses,Stable,Baillement
22:03:58,283.77,INCONFORT,-5.0,-5.38,0.38,18.8,22,Plisses,Stable,Baillement
22:03:58,283.82,INCONFORT,-4.0,-4.38,0.38,18.8,20,Plisses,Stable,Grimace / Tension
22:03:58,283.89,INCONFORT,-5.0,-5.56,0.56,18.8,12,Plisses,Stable,Baillement
22:03:58,283.94,INCONFORT,-4.0,-4.56,0.56,18.7,22,Plisses,Stable,Grimace / Tension
22:03:58,283.98,INCONFORT,-5.0,-5.56,0.56,18.7,23,Plisses,Stable,Baillement
22:03:58,284.07,NEUTRE,0.0,0.47,-0.47,18.8,12,Plisses,Stable,Parle
22:03:58,284.11,NEUTRE,0.0,0.47,-0.47,18.9,21,Plisses,Stable,Parle
22:03:58,284.16,NEUTRE,0.0,0.47,-0.47,18.9,20,Plisses,Releves,Parle
22:03:58,284.25,NEUTRE,0.0,0.36,-0.36,19.0,11,Plisses,Stable,Parle
22:03:58,284.29,INCONFORT,-5.0,-4.64,-0.36,19.0,23,Plisses,Releves,Baillement
22:03:58,284.34,INCONFORT,-5.0,-4.64,-0.36,19.0,20,Plisses,Releves,Baillement
22:03:58,284.42,INCONFORT,-5.0,-4.66,-0.34,19.0,12,Neutre,Releves,Baillement
22:03:58,284.47,INCONFORT,-5.0,-4.66,-0.34,18.9,22,Neutre,Releves,Baillement
22:03:58,284.51,NEUTRE,0.0,0.34,-0.34,19.0,22,Neutre,Stable,Fermee
22:03:58,284.6,NEUTRE,0.0,0.44,-0.44,19.1,11,Neutre,Stable,Parle
22:03:59,284.65,NEUTRE,0.0,0.44,-0.44,19.2,20,Neutre,Stable,Parle
22:03:59,284.69,NEUTRE,0.0,0.44,-0.44,19.2,21,Neutre,Stable,Fermee
22:03:59,284.78,NEUTRE,0.0,0.42,-0.42,19.3,11,Neutre,Stable,Fermee
22:03:59,284.82,NEUTRE,0.0,0.42,-0.42,19.3,22,Neutre,Stable,Fermee
22:03:59,284.87,NEUTRE,0.0,0.42,-0.42,19.4,20,Neutre,Stable,Fermee
22:03:59,284.95,NEUTRE,0.0,0.32,-0.32,19.5,12,Neutre,Stable,Fermee
22:03:59,285.0,NEUTRE,0.0,0.32,-0.32,19.5,21,Neutre,Stable,Fermee
22:03:59,285.05,NEUTRE,0.0,0.32,-0.32,19.6,19,Neutre,Releves,Fermee
22:03:59,285.13,NEUTRE,0.0,0.37,-0.37,19.7,11,Neutre,Releves,Fermee
22:03:59,285.18,NEUTRE,0.0,0.37,-0.37,19.7,20,Ecarquilles,Releves,Fermee
22:03:59,285.23,NEUTRE,0.0,0.37,-0.37,19.8,20,Neutre,Releves,Fermee
22:03:59,285.32,NEUTRE,0.0,0.47,-0.47,19.8,11,Neutre,Releves,Fermee
22:03:59,285.37,NEUTRE,0.0,0.47,-0.47,19.9,21,Neutre,Releves,Fermee
22:03:59,285.42,NEUTRE,0.0,0.47,-0.47,19.9,20,Neutre,Releves,Fermee
22:03:59,285.51,NEUTRE,0.0,0.39,-0.39,20.0,10,Neutre,Stable,Fermee
22:03:59,285.56,NEUTRE,0.0,0.39,-0.39,20.0,20,Neutre,Stable,Fermee
22:03:59,285.61,NEUTRE,0.0,0.39,-0.39,20.1,20,Neutre,Stable,Fermee
22:04:00,285.7,NEUTRE,0.0,0.32,-0.32,20.1,10,Neutre,Stable,Fermee
22:04:00,285.75,NEUTRE,0.0,0.32,-0.32,20.2,21,Neutre,Stable,Fermee
22:04:00,285.8,NEUTRE,0.0,0.32,-0.32,20.2,20,Neutre,Stable,Parle
22:04:00,285.88,NEUTRE,0.0,0.46,-0.46,20.3,11,Neutre,Stable,Parle
22:04:00,285.93,NEUTRE,0.0,0.46,-0.46,20.3,21,Plisses,Stable,Parle
22:04:00,285.97,NEUTRE,0.0,0.46,-0.46,20.4,22,Neutre,Stable,Parle
22:04:00,286.06,NEUTRE,0.0,0.31,-0.31,20.4,11,Neutre,Stable,Parle
22:04:00,286.11,NEUTRE,0.0,0.31,-0.31,20.4,21,Neutre,Stable,Parle
22:04:00,286.15,NEUTRE,0.0,0.31,-0.31,20.5,22,Neutre,Stable,Fermee
22:04:00,286.24,NEUTRE,0.0,0.29,-0.29,20.5,11,Neutre,Stable,Parle
22:04:00,286.28,INCONFORT,-6.0,-5.71,-0.29,20.5,23,Neutre,Fronces,Fermee
22:04:00,286.33,INCONFORT,-6.0,-5.71,-0.29,20.4,19,Neutre,Fronces,Fermee
22:04:00,286.41,NEUTRE,0.0,0.45,-0.45,20.5,12,Plisses,Releves,Fermee
22:04:00,286.46,NEUTRE,0.0,0.45,-0.45,20.5,21,Plisses,Releves,Fermee
22:04:00,286.51,NEUTRE,0.0,0.45,-0.45,20.5,21,Plisses,Releves,Fermee
22:04:00,286.59,NEUTRE,0.0,0.49,-0.49,20.6,12,Plisses,Stable,Fermee
22:04:01,286.63,NEUTRE,0.0,0.49,-0.49,20.6,22,Plisses,Stable,Fermee
22:04:01,286.68,NEUTRE,0.0,0.49,-0.49,20.7,22,Plisses,Stable,Fermee
22:04:01,286.77,NEUTRE,0.0,0.37,-0.37,20.7,11,Neutre,Stable,Fermee
22:04:01,286.81,NEUTRE,0.0,0.37,-0.37,20.7,23,Neutre,Stable,Fermee
22:04:01,286.99,NEUTRE,0.0,0.37,-0.37,20.8,5,Neutre,Stable,Fermee
22:04:01,287.07,NEUTRE,0.0,0.4,-0.4,20.8,13,Plisses,Stable,Fermee
22:04:01,287.12,INCONFORT,-5.0,-4.6,-0.4,20.7,20,Neutre,Stable,Baillement
22:04:01,287.16,NEUTRE,0.0,0.4,-0.4,20.8,21,Neutre,Stable,Parle
22:04:01,287.25,NEUTRE,0.0,0.36,-0.36,20.8,11,Neutre,Stable,Fermee
22:04:01,287.3,NEUTRE,0.0,0.36,-0.36,20.8,19,Neutre,Stable,Fermee
22:04:01,287.35,NEUTRE,0.0,0.36,-0.36,20.9,21,Neutre,Stable,Fermee
22:04:01,287.43,NEUTRE,0.0,0.46,-0.46,20.9,11,Neutre,Stable,Fermee
22:04:01,287.48,NEUTRE,0.0,0.46,-0.46,20.9,22,Neutre,Stable,Parle
22:04:01,287.53,NEUTRE,0.0,0.46,-0.46,21.0,20,Neutre,Stable,Parle
22:04:01,287.61,NEUTRE,0.0,0.33,-0.33,21.0,11,Neutre,Stable,Parle
22:04:02,287.67,NEUTRE,0.0,0.33,-0.33,21.0,19,Neutre,Stable,Parle
22:04:02,287.71,NEUTRE,0.0,0.33,-0.33,21.1,23,Plisses,Stable,Parle
22:04:02,287.79,NEUTRE,0.0,0.33,-0.33,21.1,12,Plisses,Stable,Parle
22:04:02,287.84,INCONFORT,-4.0,-3.67,-0.33,21.0,21,Neutre,Stable,Grimace / Tension
22:04:02,287.88,NEUTRE,0.0,0.33,-0.33,21.1,21,Neutre,Stable,Parle
22:04:02,287.96,NEUTRE,0.0,0.41,-0.41,21.1,12,Neutre,Stable,Fermee
22:04:02,288.01,NEUTRE,0.0,0.41,-0.41,21.1,22,Neutre,Stable,Fermee
22:04:02,288.05,NEUTRE,0.0,0.41,-0.41,21.1,23,Neutre,Stable,Fermee
22:04:02,288.13,NEUTRE,0.0,0.45,-0.45,21.2,11,Neutre,Stable,Fermee
22:04:02,288.18,NEUTRE,0.0,0.45,-0.45,21.2,21,Neutre,Stable,Fermee
22:04:02,288.23,NEUTRE,0.0,0.45,-0.45,21.2,20,Neutre,Stable,Fermee
22:04:02,288.31,NEUTRE,0.0,0.44,-0.44,21.3,11,Neutre,Stable,Parle
22:04:02,288.36,NEUTRE,0.0,0.44,-0.44,21.3,19,Neutre,Stable,Parle
22:04:02,288.41,NEUTRE,0.0,0.44,-0.44,21.3,21,Neutre,Stable,Parle
22:04:02,288.49,NEUTRE,0.0,0.44,-0.44,21.3,11,Neutre,Stable,Parle
22:04:02,288.54,NEUTRE,0.0,0.44,-0.44,21.3,22,Neutre,Stable,Fermee
22:04:02,288.58,NEUTRE,0.0,0.44,-0.44,21.4,21,Plisses,Stable,Fermee
22:04:03,288.67,NEUTRE,0.0,0.36,-0.36,21.4,11,Plisses,Stable,Fermee
22:04:03,288.71,NEUTRE,0.0,0.36,-0.36,21.4,23,Neutre,Stable,Fermee
22:04:03,288.76,NEUTRE,0.0,0.36,-0.36,21.4,21,Plisses,Stable,Fermee
22:04:03,288.85,NEUTRE,0.0,0.36,-0.36,21.5,10,Plisses,Stable,Fermee
22:04:03,288.89,NEUTRE,0.0,0.36,-0.36,21.5,24,Plisses,Stable,Fermee
22:04:03,288.94,NEUTRE,0.0,0.36,-0.36,21.5,19,Neutre,Stable,Fermee
22:04:03,289.03,NEUTRE,0.0,0.51,-0.51,21.5,12,Neutre,Stable,Fermee
22:04:03,289.08,NEUTRE,0.0,0.51,-0.51,21.5,20,Neutre,Stable,Fermee
22:04:03,289.12,INCONFORT,-5.0,-4.49,-0.51,21.5,23,Neutre,Stable,Baillement
22:04:03,289.2,NEUTRE,0.0,0.47,-0.47,21.5,11,Neutre,Stable,Parle
22:04:03,289.24,NEUTRE,0.0,0.47,-0.47,21.5,22,Neutre,Stable,Parle
22:04:03,289.29,NEUTRE,0.0,0.47,-0.47,21.5,24,Neutre,Stable,Parle
22:04:03,289.38,NEUTRE,0.0,0.4,-0.4,21.5,11,Neutre,Stable,Parle
22:04:03,289.43,NEUTRE,0.0,0.4,-0.4,21.6,20,Neutre,Stable,Parle
22:04:03,289.47,NEUTRE,0.0,0.4,-0.4,21.6,21,Neutre,Stable,Parle
22:04:03,289.55,NEUTRE,0.0,0.41,-0.41,21.6,12,Neutre,Stable,Parle
22:04:03,289.6,NEUTRE,0.0,0.41,-0.41,21.6,22,Neutre,Stable,Parle
22:04:04,289.65,NEUTRE,0.0,0.41,-0.41,21.6,19,Neutre,Stable,Parle
22:04:04,289.73,NEUTRE,0.0,0.34,-0.34,21.7,12,Neutre,Stable,Parle
22:04:04,289.77,NEUTRE,0.0,0.34,-0.34,21.7,22,Plisses,Stable,Parle
22:04:04,289.82,NEUTRE,0.0,0.34,-0.34,21.7,22,Plisses,Stable,Parle
22:04:04,289.91,NEUTRE,0.0,0.38,-0.38,21.7,10,Plisses,Stable,Parle
22:04:04,289.95,NEUTRE,0.0,0.38,-0.38,21.7,21,Plisses,Stable,Parle
22:04:04,290.0,NEUTRE,0.0,0.38,-0.38,21.7,23,Plisses,Stable,Parle
22:04:04,290.08,NEUTRE,0.0,0.4,-0.4,21.8,11,Plisses,Stable,Parle
22:04:04,290.12,NEUTRE,0.0,0.4,-0.4,21.8,23,Plisses,Releves,Fermee
22:04:04,290.17,NEUTRE,0.0,0.4,-0.4,21.8,20,Plisses,Stable,Fermee
22:04:04,290.26,NEUTRE,0.0,0.4,-0.4,21.8,11,Plisses,Stable,Fermee
22:04:04,290.31,NEUTRE,0.0,0.4,-0.4,21.8,20,Plisses,Releves,Fermee
22:04:04,290.36,NEUTRE,0.0,0.4,-0.4,21.8,19,Plisses,Releves,Parle
22:04:04,290.45,NEUTRE,0.0,0.41,-0.41,21.8,12,Plisses,Stable,Parle
22:04:04,290.49,NEUTRE,0.0,0.41,-0.41,21.9,20,Plisses,Stable,Fermee
22:04:04,290.54,NEUTRE,0.0,0.41,-0.41,21.9,21,Plisses,Releves,Fermee
22:04:05,290.63,NEUTRE,0.0,0.38,-0.38,21.9,11,Plisses,Stable,Fermee
22:04:05,290.68,NEUTRE,0.0,0.38,-0.38,21.9,22,Plisses,Stable,Fermee
22:04:05,290.72,NEUTRE,0.0,0.38,-0.38,21.9,23,Plisses,Releves,Fermee
22:04:05,290.81,NEUTRE,0.0,0.5,-0.5,21.9,10,Plisses,Releves,Fermee
22:04:05,290.85,NEUTRE,0.0,0.5,-0.5,21.9,25,Plisses,Releves,Fermee
22:04:05,290.89,NEUTRE,0.0,0.5,-0.5,21.9,23,Plisses,Releves,Parle
22:04:05,290.98,NEUTRE,0.0,0.37,-0.37,21.9,11,Plisses,Releves,Parle
22:04:05,291.02,NEUTRE,0.0,0.37,-0.37,22.0,21,Plisses,Releves,Fermee
22:04:05,291.07,NEUTRE,0.0,0.37,-0.37,22.0,22,Plisses,Stable,Fermee
22:04:05,291.16,NEUTRE,0.0,0.39,-0.39,22.0,10,Plisses,Stable,Fermee
22:04:05,291.21,NEUTRE,0.0,0.39,-0.39,22.0,21,Neutre,Releves,Fermee
22:04:05,291.25,NEUTRE,0.0,0.39,-0.39,22.0,21,Neutre,Stable,Parle
22:04:05,291.34,NEUTRE,0.0,0.49,-0.49,22.0,11,Neutre,Releves,Parle
22:04:05,291.38,NEUTRE,0.0,0.49,-0.49,22.0,23,Neutre,Stable,Parle
22:04:05,291.44,NEUTRE,0.0,0.49,-0.49,22.0,18,Neutre,Stable,Fermee
22:04:05,291.52,NEUTRE,0.0,0.55,-0.55,22.0,12,Neutre,Stable,Fermee
22:04:05,291.56,NEUTRE,0.0,0.55,-0.55,22.0,22,Neutre,Stable,Fermee
22:04:05,291.61,NEUTRE,0.0,0.55,-0.55,22.1,21,Neutre,Stable,Fermee
22:04:06,291.7,NEUTRE,0.0,0.38,-0.38,22.1,11,Neutre,Stable,Fermee
22:04:06,291.74,NEUTRE,0.0,0.38,-0.38,22.1,23,Neutre,Stable,Fermee
22:04:06,291.79,NEUTRE,0.0,0.38,-0.38,22.1,22,Plisses,Releves,Fermee
22:04:06,291.87,NEUTRE,0.0,0.45,-0.45,22.1,11,Plisses,Stable,Parle
22:04:06,291.91,NEUTRE,0.0,0.45,-0.45,22.1,24,Plisses,Releves,Parle
22:04:06,292.1,NEUTRE,0.0,0.45,-0.45,22.1,5,Plisses,Releves,Parle
22:04:06,292.16,NEUTRE,0.0,0.34,-0.34,22.1,14,Plisses,Stable,Fermee
22:04:06,292.21,NEUTRE,0.0,0.34,-0.34,22.1,22,Neutre,Stable,Fermee
22:04:06,292.25,NEUTRE,0.0,0.34,-0.34,22.1,22,Neutre,Stable,Parle
22:04:06,292.34,NEUTRE,0.0,0.39,-0.39,22.1,11,Neutre,Stable,Parle
22:04:06,292.39,NEUTRE,0.0,0.39,-0.39,22.1,21,Neutre,Stable,Fermee
22:04:06,292.44,NEUTRE,0.0,0.39,-0.39,22.2,19,Neutre,Stable,Parle
22:04:06,292.53,NEUTRE,0.0,0.37,-0.37,22.2,10,Neutre,Stable,Parle
22:04:06,292.58,NEUTRE,0.0,0.37,-0.37,22.2,22,Neutre,Stable,Parle
22:04:07,292.63,NEUTRE,0.0,0.37,-0.37,22.2,19,Neutre,Stable,Parle
22:04:07,292.72,NEUTRE,0.0,0.35,-0.35,22.2,10,Neutre,Stable,Parle
22:04:07,292.77,NEUTRE,0.0,0.35,-0.35,22.2,22,Neutre,Stable,Parle
22:04:07,292.81,NEUTRE,0.0,0.35,-0.35,22.2,22,Neutre,Stable,Parle
22:04:07,292.9,NEUTRE,0.0,0.42,-0.42,22.2,12,Neutre,Stable,Parle
22:04:07,292.94,NEUTRE,0.0,0.42,-0.42,22.2,21,Neutre,Stable,Parle
22:04:07,292.99,NEUTRE,0.0,0.42,-0.42,22.2,22,Neutre,Stable,Parle
22:04:07,293.07,NEUTRE,0.0,0.35,-0.35,22.2,12,Neutre,Stable,Parle
22:04:07,293.12,NEUTRE,0.0,0.35,-0.35,22.2,20,Plisses,Stable,Fermee
22:04:07,293.16,NEUTRE,0.0,0.35,-0.35,22.2,22,Neutre,Stable,Fermee
22:04:07,293.26,NEUTRE,0.0,0.43,-0.43,22.2,10,Neutre,Stable,Parle
22:04:07,293.3,NEUTRE,0.0,0.43,-0.43,22.2,21,Neutre,Stable,Fermee
22:04:07,293.35,NEUTRE,0.0,0.43,-0.43,22.2,21,Neutre,Stable,Parle
22:04:07,293.43,NEUTRE,0.0,0.34,-0.34,22.2,11,Neutre,Stable,Parle
22:04:07,293.48,NEUTRE,0.0,0.34,-0.34,22.3,19,Neutre,Stable,Parle
22:04:07,293.53,NEUTRE,0.0,0.34,-0.34,22.3,20,Neutre,Stable,Fermee
22:04:08,293.62,NEUTRE,0.0,0.39,-0.39,22.3,11,Plisses,Releves,Fermee
22:04:08,293.67,NEUTRE,0.0,0.39,-0.39,22.3,22,Plisses,Releves,Fermee
22:04:08,293.71,NEUTRE,0.0,0.39,-0.39,22.3,22,Plisses,Releves,Fermee
22:04:08,293.81,NEUTRE,0.0,0.36,-0.36,22.3,10,Plisses,Releves,Fermee
22:04:08,293.85,NEUTRE,0.0,0.36,-0.36,22.3,20,Plisses,Releves,Fermee
22:04:08,293.9,NEUTRE,0.0,0.36,-0.36,22.3,21,Plisses,Releves,Parle
22:04:08,293.98,NEUTRE,0.0,0.4,-0.4,22.3,11,Plisses,Releves,Parle
22:04:08,294.03,NEUTRE,0.0,0.4,-0.4,22.3,23,Plisses,Stable,Parle
22:04:08,294.08,NEUTRE,0.0,0.4,-0.4,22.3,20,Plisses,Stable,Parle
22:04:08,294.16,NEUTRE,0.0,0.37,-0.37,22.3,11,Neutre,Stable,Parle
22:04:08,294.21,NEUTRE,0.0,0.37,-0.37,22.3,21,Plisses,Stable,Parle
22:04:08,294.25,NEUTRE,0.0,0.37,-0.37,22.3,21,Neutre,Stable,Parle
22:04:08,294.34,NEUTRE,0.0,0.45,-0.45,22.3,11,Neutre,Stable,Parle
22:04:08,294.39,NEUTRE,0.0,0.45,-0.45,22.3,22,Neutre,Stable,Parle
22:04:08,294.43,NEUTRE,0.0,0.45,-0.45,22.3,23,Neutre,Stable,Parle
22:04:08,294.52,CONFORT,5.0,5.32,-0.32,22.3,11,Neutre,Stable,Sourire leger
22:04:08,294.57,CONFORT,5.0,5.32,-0.32,22.3,21,Neutre,Stable,Sourire leger
22:04:08,294.62,NEUTRE,0.0,0.32,-0.32,22.3,20,Plisses,Stable,Fermee
22:04:09,294.72,NEUTRE,0.0,0.35,-0.35,22.3,10,Neutre,Stable,Fermee
22:04:09,294.76,NEUTRE,0.0,0.35,-0.35,22.3,22,Neutre,Stable,Fermee
22:04:09,294.81,NEUTRE,0.0,0.35,-0.35,22.3,18,Plisses,Stable,Fermee
22:04:09,294.9,NEUTRE,0.0,0.32,-0.32,22.3,11,Plisses,Stable,Fermee
22:04:09,294.95,NEUTRE,0.0,0.32,-0.32,22.3,19,Neutre,Stable,Fermee
22:04:09,295.0,NEUTRE,0.0,0.32,-0.32,22.3,23,Neutre,Stable,Parle
22:04:09,295.09,NEUTRE,0.0,0.43,-0.43,22.3,10,Neutre,Stable,Parle
22:04:09,295.14,NEUTRE,0.0,0.43,-0.43,22.3,19,Neutre,Stable,Fermee
22:04:09,295.18,NEUTRE,0.0,0.43,-0.43,22.3,22,Neutre,Stable,Fermee
22:04:09,295.28,NEUTRE,0.0,0.39,-0.39,22.3,10,Neutre,Stable,Fermee
22:04:09,295.32,NEUTRE,0.0,0.39,-0.39,22.3,20,Neutre,Stable,Fermee
22:04:09,295.37,NEUTRE,0.0,0.39,-0.39,22.3,21,Neutre,Stable,Parle
22:04:09,295.46,NEUTRE,0.0,0.33,-0.33,22.3,11,Neutre,Stable,Parle
22:04:09,295.51,NEUTRE,0.0,0.33,-0.33,22.3,20,Neutre,Stable,Fermee
22:04:09,295.55,NEUTRE,0.0,0.33,-0.33,22.3,21,Neutre,Stable,Fermee
22:04:10,295.65,NEUTRE,0.0,0.37,-0.37,22.3,10,Neutre,Stable,Fermee
22:04:10,295.7,NEUTRE,0.0,0.37,-0.37,22.3,21,Neutre,Stable,Fermee
22:04:10,295.74,NEUTRE,0.0,0.37,-0.37,22.3,23,Neutre,Stable,Fermee
22:04:10,295.82,NEUTRE,0.0,0.44,-0.44,22.3,12,Neutre,Stable,Fermee
22:04:10,295.86,NEUTRE,0.0,0.44,-0.44,22.3,24,Neutre,Stable,Fermee
22:04:10,295.9,NEUTRE,0.0,0.44,-0.44,22.4,22,Neutre,Stable,Fermee
22:04:10,296.0,NEUTRE,0.0,0.36,-0.36,22.4,10,Plisses,Stable,Parle
22:04:10,296.04,NEUTRE,0.0,0.36,-0.36,22.4,21,Plisses,Stable,Parle
22:04:10,296.09,NEUTRE,0.0,0.36,-0.36,22.4,20,Plisses,Stable,Parle
22:04:10,296.18,NEUTRE,0.0,0.33,-0.33,22.4,10,Plisses,Stable,Parle
22:04:10,296.23,NEUTRE,0.0,0.33,-0.33,22.4,21,Plisses,Stable,Fermee
22:04:10,296.28,NEUTRE,0.0,0.33,-0.33,22.4,21,Plisses,Stable,Fermee
22:04:10,296.37,NEUTRE,0.0,0.34,-0.34,22.4,11,Plisses,Stable,Parle
22:04:10,296.42,NEUTRE,0.0,0.34,-0.34,22.4,19,Plisses,Stable,Fermee
22:04:10,296.46,NEUTRE,0.0,0.34,-0.34,22.4,20,Plisses,Stable,Fermee
22:04:10,296.56,NEUTRE,0.0,0.39,-0.39,22.4,10,Plisses,Stable,Parle
22:04:10,296.61,INCONFORT,-5.0,-4.61,-0.39,22.3,22,Plisses,Stable,Baillement
22:04:11,296.65,INCONFORT,-5.0,-4.61,-0.39,22.2,20,Plisses,Stable,Baillement
22:04:11,296.74,INCONFORT,-5.0,-4.61,-0.39,22.1,11,Plisses,Stable,Baillement
22:04:11,296.79,INCONFORT,-5.0,-4.61,-0.39,22.0,21,Plisses,Stable,Baillement
22:04:11,296.84,NEUTRE,0.0,0.39,-0.39,22.0,19,Plisses,Stable,Parle
22:04:11,296.93,NEUTRE,0.0,0.38,-0.38,22.1,11,Plisses,Stable,Parle
22:04:11,296.98,NEUTRE,0.0,0.38,-0.38,22.1,19,Plisses,Stable,Parle
22:04:11,297.02,NEUTRE,0.0,0.38,-0.38,22.1,21,Plisses,Stable,Parle
22:04:11,297.13,NEUTRE,0.0,0.4,-0.4,22.1,9,Plisses,Stable,Parle
22:04:11,297.18,NEUTRE,0.0,0.4,-0.4,22.1,20,Plisses,Stable,Parle
22:04:11,297.37,NEUTRE,0.0,0.4,-0.4,22.1,5,Plisses,Stable,Parle
22:04:11,297.45,NEUTRE,0.0,0.41,-0.41,22.1,12,Plisses,Releves,Parle
22:04:11,297.49,NEUTRE,0.0,0.41,-0.41,22.1,23,Plisses,Releves,Parle
22:04:11,297.55,NEUTRE,0.0,0.41,-0.41,22.1,19,Plisses,Releves,Parle
22:04:12,297.64,NEUTRE,0.0,0.39,-0.39,22.1,11,Plisses,Releves,Parle
22:04:12,297.68,NEUTRE,0.0,0.39,-0.39,22.1,21,Plisses,Releves,Parle
22:04:12,297.73,NEUTRE,0.0,0.39,-0.39,22.1,20,Plisses,Releves,Parle
22:04:12,297.82,NEUTRE,0.0,0.47,-0.47,22.2,11,Plisses,Releves,Parle
22:04:12,297.87,NEUTRE,0.0,0.47,-0.47,22.2,19,Plisses,Releves,Parle
22:04:12,297.92,NEUTRE,0.0,0.47,-0.47,22.2,21,Plisses,Releves,Parle
22:04:12,298.01,NEUTRE,0.0,0.42,-0.42,22.2,11,Plisses,Releves,Parle
22:04:12,298.06,NEUTRE,0.0,0.42,-0.42,22.2,21,Plisses,Releves,Fermee
22:04:12,298.1,NEUTRE,0.0,0.42,-0.42,22.2,20,Plisses,Releves,Fermee
22:04:12,298.2,NEUTRE,0.0,0.36,-0.36,22.2,10,Plisses,Releves,Fermee
22:04:12,298.25,NEUTRE,0.0,0.36,-0.36,22.2,21,Neutre,Releves,Fermee
22:04:12,298.3,NEUTRE,0.0,0.36,-0.36,22.2,20,Neutre,Releves,Fermee
22:04:12,298.39,NEUTRE,0.0,0.37,-0.37,22.2,10,Neutre,Releves,Fermee
22:04:12,298.44,NEUTRE,0.0,0.37,-0.37,22.2,21,Neutre,Stable,Fermee
22:04:12,298.49,NEUTRE,0.0,0.37,-0.37,22.2,20,Neutre,Stable,Parle
22:04:12,298.58,NEUTRE,0.0,0.5,-0.5,22.2,10,Neutre,Stable,Parle
22:04:13,298.63,INCONFORT,-4.0,-3.5,-0.5,22.1,20,Neutre,Stable,Grimace / Tension
22:04:13,298.68,INCONFORT,-4.0,-3.5,-0.5,22.1,20,Neutre,Stable,Grimace / Tension
22:04:13,298.78,INCONFORT,-4.0,-3.5,-0.5,22.0,10,Neutre,Stable,Grimace / Tension
22:04:13,298.82,INCONFORT,-4.0,-3.5,-0.5,21.9,21,Neutre,Stable,Grimace / Tension
22:04:13,298.87,INCONFORT,-4.0,-3.5,-0.5,21.8,22,Neutre,Stable,Grimace / Tension
22:04:13,298.96,INCONFORT,-4.0,-3.53,-0.47,21.7,11,Neutre,Stable,Grimace / Tension
22:04:13,299.0,INCONFORT,-4.0,-3.53,-0.47,21.7,22,Neutre,Stable,Grimace / Tension
22:04:13,299.05,INCONFORT,-4.0,-3.53,-0.47,21.6,21,Neutre,Stable,Grimace / Tension
22:04:13,299.14,INCONFORT,-4.0,-3.64,-0.36,21.5,10,Neutre,Stable,Grimace / Tension
22:04:13,299.19,NEUTRE,0.0,0.36,-0.36,21.5,20,Neutre,Stable,Parle
22:04:13,299.23,CONFORT,5.0,5.36,-0.36,21.5,23,Neutre,Stable,Sourire leger
22:04:13,299.32,INCONFORT,-4.0,-3.56,-0.44,21.5,12,Neutre,Stable,Grimace / Tension
22:04:13,299.36,INCONFORT,-4.0,-3.56,-0.44,21.4,22,Neutre,Stable,Grimace / Tension
22:04:13,299.41,INCONFORT,-4.0,-3.56,-0.44,21.3,21,Neutre,Stable,Grimace / Tension
22:04:13,299.49,INCONFORT,-4.0,-4.44,0.44,21.3,11,Neutre,Stable,Grimace / Tension
22:04:13,299.54,INCONFORT,-4.0,-4.44,0.44,21.2,20,Plisses,Stable,Grimace / Tension
22:04:13,299.59,INCONFORT,-4.0,-4.44,0.44,21.1,19,Neutre,Stable,Grimace / Tension
22:04:14,299.68,NEUTRE,-1.0,-1.7,0.7,21.2,12,Neutre,Stable,Grimace / Tension
22:04:14,299.72,NEUTRE,-1.0,-1.7,0.7,21.2,22,Plisses,Stable,Grimace / Tension
22:04:14,299.76,NEUTRE,-1.0,-1.7,0.7,21.2,23,Plisses,Stable,Grimace / Tension
22:04:14,299.85,INCONFORT,-4.0,-4.57,0.57,21.1,11,Plisses,Stable,Grimace / Tension
22:04:14,299.9,CONFORT,5.0,4.43,0.57,21.1,21,Plisses,Stable,Grand Sourire
22:04:14,299.95,CONFORT,5.0,4.43,0.57,21.1,19,Plisses,Stable,Grand Sourire
22:04:14,300.04,CONFORT,8.0,7.36,0.64,21.1,10,Plisses,Stable,Grand Sourire
22:04:14,300.08,CONFORT,8.0,7.36,0.64,21.1,21,Plisses,Stable,Grand Sourire
22:04:14,300.13,CONFORT,8.0,7.36,0.64,21.1,20,Plisses,Stable,Grand Sourire
22:04:14,300.22,CONFORT,8.0,7.33,0.67,21.1,10,Plisses,Stable,Grand Sourire
22:04:14,300.28,CONFORT,8.0,7.33,0.67,21.1,18,Plisses,Stable,Grand Sourire
22:04:14,300.32,CONFORT,8.0,7.33,0.67,21.1,21,Plisses,Stable,Grand Sourire
22:04:14,300.42,CONFORT,8.0,7.3,0.7,21.1,10,Plisses,Stable,Grand Sourire
22:04:14,300.47,NEUTRE,-1.0,-1.7,0.7,21.1,20,Plisses,Stable,Grimace / Tension
22:04:14,300.51,NEUTRE,-1.0,-1.7,0.7,21.2,21,Plisses,Stable,Grimace / Tension
22:04:14,300.6,NEUTRE,-1.0,-1.68,0.68,21.2,10,Plisses,Stable,Grimace / Tension
22:04:15,300.65,NEUTRE,-1.0,-1.68,0.68,21.2,23,Plisses,Stable,Grimace / Tension
22:04:15,300.7,NEUTRE,-1.0,-1.68,0.68,21.3,19,Plisses,Stable,Grimace / Tension
22:04:15,300.8,NEUTRE,-1.0,-1.6,0.6,21.3,10,Plisses,Stable,Grimace / Tension
22:04:15,300.85,NEUTRE,-1.0,-1.6,0.6,21.3,19,Plisses,Stable,Grimace / Tension
22:04:15,300.9,NEUTRE,-1.0,-1.6,0.6,21.3,20,Plisses,Stable,Grimace / Tension
22:04:15,300.99,NEUTRE,-1.0,-1.64,0.64,21.4,10,Plisses,Stable,Grimace / Tension
22:04:15,301.04,NEUTRE,-1.0,-1.64,0.64,21.4,19,Plisses,Stable,Grimace / Tension
22:04:15,301.09,NEUTRE,-1.0,-1.64,0.64,21.4,20,Plisses,Stable,Grimace / Tension
22:04:15,301.19,NEUTRE,-1.0,-1.7,0.7,21.4,10,Plisses,Stable,Grimace / Tension
22:04:15,301.24,NEUTRE,-1.0,-1.7,0.7,21.4,19,Plisses,Stable,Grimace / Tension
22:04:15,301.28,NEUTRE,-1.0,-1.7,0.7,21.5,23,Plisses,Stable,Grimace / Tension
22:04:15,301.37,NEUTRE,-1.0,-1.6,0.6,21.5,11,Plisses,Stable,Grimace / Tension
22:04:15,301.42,NEUTRE,-1.0,-1.6,0.6,21.5,21,Plisses,Stable,Grimace / Tension
22:04:15,301.47,NEUTRE,-1.0,-1.6,0.6,21.5,20,Plisses,Stable,Grimace / Tension
22:04:15,301.55,NEUTRE,-1.0,-1.69,0.69,21.5,11,Plisses,Stable,Grimace / Tension
22:04:15,301.6,CONFORT,8.0,7.31,0.69,21.5,22,Plisses,Stable,Grand Sourire
22:04:16,301.64,CONFORT,8.0,7.31,0.69,21.5,21,Plisses,Stable,Grand Sourire
22:04:16,301.73,CONFORT,8.0,7.23,0.77,21.5,11,Plisses,Stable,Grand Sourire
22:04:16,301.77,CONFORT,8.0,7.23,0.77,21.5,23,Plisses,Stable,Grand Sourire
22:04:16,301.82,CONFORT,8.0,7.23,0.77,21.5,21,Plisses,Stable,Grand Sourire
22:04:16,301.91,CONFORT,8.0,7.22,0.78,21.5,11,Plisses,Stable,Grand Sourire
22:04:16,301.95,NEUTRE,-1.0,-1.78,0.78,21.5,21,Plisses,Stable,Grimace / Tension
22:04:16,302.0,NEUTRE,-1.0,-1.78,0.78,21.5,23,Plisses,Stable,Grimace / Tension
22:04:16,302.08,INCONFORT,-4.0,-4.58,0.58,21.5,11,Plisses,Stable,Grimace / Tension
22:04:16,302.12,INCONFORT,-4.0,-4.58,0.58,21.4,23,Plisses,Stable,Grimace / Tension
22:04:16,302.17,INCONFORT,-4.0,-4.58,0.58,21.3,22,Plisses,Stable,Grimace / Tension
22:04:16,302.25,NEUTRE,-1.0,-1.87,0.87,21.3,12,Plisses,Stable,Grimace / Tension
22:04:16,302.29,NEUTRE,-1.0,-1.87,0.87,21.4,23,Plisses,Stable,Grimace / Tension
22:04:16,302.34,NEUTRE,-1.0,-1.87,0.87,21.4,23,Plisses,Stable,Grimace / Tension
22:04:16,302.42,NEUTRE,-1.0,-1.79,0.79,21.4,11,Plisses,Stable,Grimace / Tension
22:04:17,302.63,NEUTRE,-1.0,-1.79,0.79,21.4,4,Plisses,Stable,Grimace / Tension
22:04:17,302.65,NEUTRE,-1.0,-1.79,0.79,21.4,34,Plisses,Stable,Grimace / Tension
22:04:17,302.74,NEUTRE,-1.0,-1.76,0.76,21.5,11,Neutre,Stable,Grimace / Tension
22:04:17,302.79,NEUTRE,-1.0,-1.76,0.76,21.5,20,Neutre,Stable,Grimace / Tension
22:04:17,302.84,NEUTRE,-1.0,-1.76,0.76,21.5,22,Neutre,Stable,Grimace / Tension
22:04:17,302.92,NEUTRE,-1.0,-1.73,0.73,21.5,11,Neutre,Stable,Grimace / Tension
22:04:17,302.97,NEUTRE,-1.0,-1.73,0.73,21.6,22,Neutre,Stable,Grimace / Tension
22:04:17,303.01,NEUTRE,-1.0,-1.73,0.73,21.6,22,Neutre,Stable,Grimace / Tension
22:04:17,303.11,INCONFORT,-4.0,-4.58,0.58,21.5,10,Neutre,Stable,Grimace / Tension
22:04:17,303.15,INCONFORT,-4.0,-4.58,0.58,21.4,20,Neutre,Stable,Grimace / Tension
22:04:17,303.2,INCONFORT,-4.0,-4.58,0.58,21.4,23,Neutre,Stable,Grimace / Tension
22:04:17,303.3,NEUTRE,-1.0,-1.65,0.65,21.4,9,Neutre,Stable,Grimace / Tension
22:04:17,303.34,NEUTRE,-1.0,-1.65,0.65,21.4,21,Neutre,Stable,Grimace / Tension
22:04:17,303.39,NEUTRE,-1.0,-1.65,0.65,21.4,21,Neutre,Stable,Grimace / Tension
22:04:17,303.48,NEUTRE,-1.0,-1.67,0.67,21.4,11,Neutre,Stable,Grimace / Tension
22:04:17,303.52,NEUTRE,-1.0,-1.67,0.67,21.5,23,Neutre,Stable,Grimace / Tension
22:04:17,303.57,NEUTRE,-1.0,-1.67,0.67,21.5,20,Neutre,Stable,Grimace / Tension
22:04:18,303.65,INCONFORT,-4.0,-4.59,0.59,21.4,11,Neutre,Stable,Grimace / Tension
22:04:18,303.7,INCONFORT,-4.0,-4.59,0.59,21.4,21,Neutre,Stable,Grimace / Tension
22:04:18,303.74,INCONFORT,-4.0,-4.59,0.59,21.3,23,Neutre,Stable,Grimace / Tension
22:04:18,303.83,CONFORT,5.0,5.39,-0.39,21.3,11,Neutre,Stable,Sourire leger
22:04:18,303.87,CONFORT,5.0,5.39,-0.39,21.3,21,Plisses,Stable,Sourire leger
22:04:18,303.92,CONFORT,5.0,5.39,-0.39,21.3,23,Neutre,Stable,Sourire leger
22:04:18,304.0,CONFORT,5.0,5.34,-0.34,21.3,11,Plisses,Stable,Sourire leger
22:04:18,304.04,CONFORT,5.0,5.34,-0.34,21.3,23,Plisses,Stable,Sourire leger
22:04:18,304.1,CONFORT,5.0,5.34,-0.34,21.3,19,Plisses,Stable,Sourire leger
22:04:18,304.18,CONFORT,5.0,5.38,-0.38,21.2,12,Plisses,Stable,Sourire leger
22:04:18,304.23,INCONFORT,-4.0,-3.62,-0.38,21.2,20,Plisses,Stable,Grimace / Tension
22:04:18,304.27,INCONFORT,-4.0,-3.62,-0.38,21.1,21,Plisses,Stable,Grimace / Tension
22:04:18,304.36,CONFORT,5.0,5.41,-0.41,21.1,11,Plisses,Stable,Grand Sourire
22:04:18,304.41,INCONFORT,-4.0,-3.59,-0.41,21.1,22,Plisses,Stable,Grimace / Tension
22:04:18,304.45,INCONFORT,-4.0,-3.59,-0.41,21.0,21,Plisses,Stable,Grimace / Tension
22:04:18,304.55,CONFORT,8.0,7.32,0.68,21.0,10,Plisses,Stable,Grand Sourire
22:04:18,304.6,CONFORT,8.0,7.32,0.68,21.0,19,Plisses,Stable,Grand Sourire
22:04:19,304.64,CONFORT,8.0,7.32,0.68,21.0,21,Plisses,Stable,Grand Sourire
22:04:19,304.73,CONFORT,5.0,4.42,0.58,21.0,11,Plisses,Stable,Grand Sourire
22:04:19,304.78,CONFORT,5.0,4.42,0.58,21.0,22,Plisses,Stable,Grand Sourire
22:04:19,304.83,INCONFORT,-4.0,-4.58,0.58,20.9,19,Plisses,Stable,Grimace / Tension
22:04:19,304.92,NEUTRE,0.0,0.45,-0.45,21.0,11,Plisses,Stable,Parle
22:04:19,304.97,NEUTRE,0.0,0.45,-0.45,21.0,19,Neutre,Stable,Parle
22:04:19,305.02,NEUTRE,0.0,0.45,-0.45,21.0,19,Neutre,Stable,Parle
22:04:19,305.11,NEUTRE,0.0,0.56,-0.56,21.1,11,Plisses,Stable,Parle
22:04:19,305.16,NEUTRE,0.0,0.56,-0.56,21.1,20,Plisses,Stable,Parle
22:04:19,305.2,NEUTRE,0.0,0.56,-0.56,21.1,22,Plisses,Stable,Parle
22:04:19,305.3,NEUTRE,0.0,0.57,-0.57,21.1,10,Neutre,Stable,Parle
22:04:19,305.34,NEUTRE,0.0,0.57,-0.57,21.2,22,Plisses,Stable,Parle
22:04:19,305.39,NEUTRE,0.0,0.57,-0.57,21.2,21,Neutre,Stable,Parle
22:04:19,305.49,NEUTRE,0.0,0.47,-0.47,21.2,10,Neutre,Stable,Parle
22:04:19,305.53,NEUTRE,0.0,0.47,-0.47,21.2,22,Neutre,Stable,Parle
22:04:19,305.58,NEUTRE,0.0,0.47,-0.47,21.3,21,Plisses,Stable,Fermee
22:04:20,305.67,NEUTRE,0.0,0.36,-0.36,21.3,11,Plisses,Stable,Fermee
22:04:20,305.71,NEUTRE,0.0,0.36,-0.36,21.3,20,Neutre,Stable,Fermee
22:04:20,305.76,NEUTRE,0.0,0.36,-0.36,21.3,21,Plisses,Stable,Fermee
22:04:20,305.85,NEUTRE,0.0,0.53,-0.53,21.4,10,Plisses,Stable,Fermee
22:04:20,305.9,NEUTRE,0.0,0.53,-0.53,21.4,21,Plisses,Stable,Parle
22:04:20,305.95,NEUTRE,0.0,0.53,-0.53,21.4,22,Plisses,Stable,Parle
22:04:20,306.04,NEUTRE,0.0,0.39,-0.39,21.4,11,Plisses,Stable,Parle
22:04:20,306.08,NEUTRE,0.0,0.39,-0.39,21.5,21,Plisses,Releves,Parle
22:04:20,306.13,NEUTRE,0.0,0.39,-0.39,21.5,21,Plisses,Releves,Parle
22:04:20,306.22,NEUTRE,0.0,0.31,-0.31,21.5,11,Plisses,Stable,Fermee
22:04:20,306.27,NEUTRE,0.0,0.31,-0.31,21.5,19,Plisses,Stable,Fermee
22:04:20,306.32,NEUTRE,0.0,0.31,-0.31,21.5,20,Plisses,Stable,Parle
22:04:20,306.41,NEUTRE,0.0,0.32,-0.32,21.6,11,Plisses,Stable,Parle
22:04:20,306.46,INCONFORT,-5.0,-4.68,-0.32,21.5,19,Plisses,Stable,Baillement
22:04:20,306.5,NEUTRE,0.0,0.32,-0.32,21.5,22,Plisses,Stable,Parle
22:04:20,306.59,NEUTRE,0.0,0.3,-0.3,21.5,11,Plisses,Stable,Parle
22:04:21,306.64,NEUTRE,0.0,0.3,-0.3,21.5,22,Plisses,Stable,Parle
22:04:21,306.69,NEUTRE,0.0,0.3,-0.3,21.6,20,Plisses,Releves,Parle
22:04:21,306.78,NEUTRE,0.0,0.4,-0.4,21.6,10,Plisses,Releves,Parle
22:04:21,306.83,NEUTRE,0.0,0.4,-0.4,21.6,21,Plisses,Releves,Parle
22:04:21,306.87,NEUTRE,0.0,0.4,-0.4,21.6,21,Plisses,Releves,Fermee
22:04:21,306.97,NEUTRE,0.0,0.34,-0.34,21.6,10,Plisses,Releves,Fermee
22:04:21,307.02,NEUTRE,0.0,0.34,-0.34,21.7,20,Plisses,Releves,Parle
22:04:21,307.06,NEUTRE,0.0,0.34,-0.34,21.7,21,Plisses,Releves,Parle
22:04:21,307.16,NEUTRE,0.0,0.44,-0.44,21.7,10,Plisses,Releves,Parle
22:04:21,307.21,NEUTRE,0.0,0.44,-0.44,21.7,21,Plisses,Releves,Parle
22:04:21,307.25,INCONFORT,-5.0,-4.56,-0.44,21.6,21,Plisses,Releves,Baillement
22:04:21,307.34,INCONFORT,-5.0,-4.55,-0.45,21.6,10,Plisses,Releves,Baillement
22:04:21,307.4,NEUTRE,0.0,0.45,-0.45,21.6,19,Plisses,Releves,Fermee
22:04:21,307.44,NEUTRE,0.0,0.45,-0.45,21.6,21,Plisses,Releves,Fermee
22:04:21,307.53,NEUTRE,0.0,0.44,-0.44,21.6,11,Plisses,Releves,Fermee
22:04:21,307.57,NEUTRE,0.0,0.44,-0.44,21.6,23,Plisses,Stable,Fermee
22:04:22,307.62,NEUTRE,0.0,0.44,-0.44,21.6,20,Plisses,Stable,Fermee
22:04:22,307.71,NEUTRE,0.0,0.48,-0.48,21.7,11,Plisses,Releves,Fermee
22:04:22,307.92,NEUTRE,0.0,0.48,-0.48,21.7,4,Plisses,Releves,Fermee
22:04:22,307.94,NEUTRE,0.0,0.48,-0.48,21.7,36,Plisses,Releves,Fermee
22:04:22,308.02,NEUTRE,0.0,0.37,-0.37,21.7,13,Plisses,Stable,Fermee
22:04:22,308.06,NEUTRE,0.0,0.37,-0.37,21.7,21,Plisses,Releves,Parle
22:04:22,308.11,INCONFORT,-5.0,-4.63,-0.37,21.7,20,Plisses,Releves,Baillement
22:04:22,308.2,INCONFORT,-5.0,-4.62,-0.38,21.6,11,Plisses,Releves,Baillement
22:04:22,308.24,INCONFORT,-5.0,-4.62,-0.38,21.5,23,Plisses,Releves,Baillement
22:04:22,308.29,NEUTRE,0.0,0.38,-0.38,21.5,21,Plisses,Releves,Parle
22:04:22,308.38,NEUTRE,0.0,0.48,-0.48,21.5,11,Neutre,Releves,Parle
22:04:22,308.42,NEUTRE,0.0,0.48,-0.48,21.6,21,Neutre,Stable,Parle
22:04:22,308.47,NEUTRE,0.0,0.48,-0.48,21.6,20,Neutre,Stable,Parle
22:04:22,308.56,NEUTRE,0.0,0.56,-0.56,21.6,11,Neutre,Stable,Parle
22:04:22,308.61,NEUTRE,0.0,0.56,-0.56,21.6,20,Neutre,Stable,Parle
22:04:23,308.65,NEUTRE,0.0,0.56,-0.56,21.6,22,Neutre,Stable,Parle
22:04:23,308.75,NEUTRE,0.0,0.47,-0.47,21.7,10,Neutre,Stable,Parle
22:04:23,308.8,NEUTRE,0.0,0.47,-0.47,21.7,20,Neutre,Stable,Fermee
22:04:23,308.85,NEUTRE,0.0,0.47,-0.47,21.7,19,Neutre,Stable,Parle
22:04:23,308.94,NEUTRE,0.0,0.42,-0.42,21.7,10,Neutre,Stable,Parle
22:04:23,308.99,NEUTRE,0.0,0.42,-0.42,21.7,20,Neutre,Stable,Fermee
22:04:23,309.04,NEUTRE,0.0,0.42,-0.42,21.7,19,Neutre,Stable,Fermee
22:04:23,309.14,NEUTRE,0.0,0.35,-0.35,21.8,10,Neutre,Stable,Fermee
22:04:23,309.18,NEUTRE,0.0,0.35,-0.35,21.8,21,Neutre,Stable,Parle
22:04:23,309.23,NEUTRE,0.0,0.35,-0.35,21.8,21,Neutre,Stable,Parle
22:04:23,309.32,NEUTRE,0.0,0.45,-0.45,21.8,10,Neutre,Stable,Parle
22:04:23,309.37,NEUTRE,0.0,0.45,-0.45,21.8,20,Neutre,Stable,Fermee
22:04:23,309.42,NEUTRE,0.0,0.45,-0.45,21.8,20,Neutre,Stable,Fermee
22:04:23,309.51,NEUTRE,0.0,0.4,-0.4,21.8,11,Neutre,Releves,Parle
22:04:23,309.56,INCONFORT,-5.0,-4.6,-0.4,21.8,22,Neutre,Releves,Baillement
22:04:23,309.6,INCONFORT,-5.0,-4.6,-0.4,21.7,20,Neutre,Releves,Baillement
22:04:24,309.7,NEUTRE,0.0,0.33,-0.33,21.7,10,Neutre,Stable,Parle
22:04:24,309.75,NEUTRE,0.0,0.33,-0.33,21.7,19,Neutre,Stable,Parle
22:04:24,309.79,NEUTRE,0.0,0.33,-0.33,21.7,22,Plisses,Releves,Fermee
22:04:24,309.88,NEUTRE,0.0,0.35,-0.35,21.7,11,Plisses,Stable,Fermee
22:04:24,309.93,NEUTRE,0.0,0.35,-0.35,21.8,21,Plisses,Stable,Fermee
22:04:24,309.98,NEUTRE,0.0,0.35,-0.35,21.8,21,Plisses,Stable,Fermee
22:04:24,310.07,NEUTRE,0.0,0.39,-0.39,21.8,11,Plisses,Stable,Fermee
22:04:24,310.11,NEUTRE,0.0,0.39,-0.39,21.8,24,Plisses,Releves,Fermee
22:04:24,310.16,NEUTRE,0.0,0.39,-0.39,21.8,19,Plisses,Releves,Fermee
22:04:24,310.24,NEUTRE,0.0,0.34,-0.34,21.8,11,Plisses,Releves,Parle
22:04:24,310.29,NEUTRE,0.0,0.34,-0.34,21.8,21,Plisses,Releves,Fermee
22:04:24,310.34,NEUTRE,0.0,0.34,-0.34,21.9,20,Neutre,Releves,Fermee
22:04:24,310.43,NEUTRE,0.0,0.38,-0.38,21.9,10,Neutre,Releves,Fermee
22:04:24,310.48,NEUTRE,0.0,0.38,-0.38,21.9,20,Plisses,Releves,Fermee
22:04:24,310.52,NEUTRE,0.0,0.38,-0.38,21.9,21,Neutre,Releves,Fermee
22:04:24,310.61,NEUTRE,0.0,0.44,-0.44,21.9,11,Neutre,Stable,Fermee
22:04:25,310.66,NEUTRE,0.0,0.44,-0.44,21.9,21,Plisses,Stable,Fermee
22:04:25,310.7,NEUTRE,0.0,0.44,-0.44,21.9,24,Plisses,Stable,Fermee
22:04:25,310.81,NEUTRE,0.0,0.29,-0.29,21.9,9,Plisses,Releves,Fermee
22:04:25,310.85,NEUTRE,0.0,0.29,-0.29,22.0,21,Plisses,Stable,Parle
22:04:25,310.9,NEUTRE,0.0,0.29,-0.29,22.0,23,Plisses,Stable,Parle
22:04:25,310.98,NEUTRE,0.0,0.31,-0.31,22.0,11,Plisses,Stable,Parle
22:04:25,311.03,NEUTRE,0.0,0.31,-0.31,22.0,20,Plisses,Stable,Parle
22:04:25,311.08,NEUTRE,0.0,0.31,-0.31,22.0,20,Plisses,Stable,Parle
22:04:25,311.17,NEUTRE,0.0,0.44,-0.44,22.0,11,Plisses,Stable,Parle
22:04:25,311.21,NEUTRE,0.0,0.44,-0.44,22.0,22,Plisses,Stable,Parle
22:04:25,311.25,NEUTRE,0.0,0.44,-0.44,22.0,24,Plisses,Releves,Parle
22:04:25,311.34,NEUTRE,0.0,0.45,-0.45,22.0,11,Plisses,Releves,Parle
22:04:25,311.38,NEUTRE,0.0,0.45,-0.45,22.0,25,Plisses,Stable,Parle
22:04:25,311.42,NEUTRE,0.0,0.45,-0.45,22.1,21,Plisses,Stable,Parle
22:04:25,311.52,NEUTRE,0.0,0.43,-0.43,22.1,10,Plisses,Stable,Parle
22:04:25,311.56,NEUTRE,0.0,0.43,-0.43,22.1,23,Neutre,Stable,Parle
22:04:25,311.61,NEUTRE,0.0,0.43,-0.43,22.1,21,Neutre,Stable,Parle
22:04:26,311.69,NEUTRE,0.0,0.43,-0.43,22.1,12,Neutre,Stable,Fermee
22:04:26,311.73,NEUTRE,0.0,0.43,-0.43,22.1,22,Neutre,Releves,Fermee
22:04:26,311.78,NEUTRE,0.0,0.43,-0.43,22.1,21,Neutre,Releves,Parle
22:04:26,311.87,NEUTRE,0.0,0.5,-0.5,22.1,11,Plisses,Releves,Parle
22:04:26,311.91,NEUTRE,0.0,0.5,-0.5,22.1,22,Plisses,Stable,Parle
22:04:26,311.96,NEUTRE,0.0,0.5,-0.5,22.1,20,Plisses,Stable,Parle
22:04:26,312.05,NEUTRE,0.0,0.45,-0.45,22.1,11,Plisses,Stable,Fermee
22:04:26,312.1,NEUTRE,0.0,0.45,-0.45,22.1,21,Plisses,Releves,Fermee
22:04:26,312.14,NEUTRE,0.0,0.45,-0.45,22.2,20,Plisses,Releves,Parle
22:04:26,312.23,NEUTRE,0.0,0.38,-0.38,22.2,11,Plisses,Releves,Parle
22:04:26,312.27,NEUTRE,0.0,0.38,-0.38,22.2,22,Plisses,Stable,Parle
22:04:26,312.32,NEUTRE,0.0,0.38,-0.38,22.2,21,Plisses,Stable,Fermee
22:04:26,312.41,NEUTRE,0.0,0.36,-0.36,22.2,11,Plisses,Releves,Fermee
22:04:26,312.45,NEUTRE,0.0,0.36,-0.36,22.2,21,Plisses,Releves,Fermee
22:04:26,312.5,NEUTRE,0.0,0.36,-0.36,22.2,22,Plisses,Releves,Fermee
22:04:26,312.58,NEUTRE,0.0,0.43,-0.43,22.2,11,Plisses,Releves,Fermee
22:04:27,312.63,NEUTRE,0.0,0.43,-0.43,22.2,22,Plisses,Releves,Fermee
22:04:27,312.67,NEUTRE,0.0,0.43,-0.43,22.2,22,Plisses,Releves,Fermee
22:04:27,312.76,INCONFORT,-5.0,-4.55,-0.45,22.1,11,Plisses,Releves,Baillement
22:04:27,312.81,NEUTRE,0.0,0.45,-0.45,22.1,20,Plisses,Stable,Fermee
22:04:27,312.85,NEUTRE,0.0,0.45,-0.45,22.1,24,Plisses,Stable,Fermee
22:04:27,312.93,NEUTRE,0.0,0.35,-0.35,22.1,12,Plisses,Stable,Fermee
22:04:27,313.12,NEUTRE,0.0,0.35,-0.35,22.2,5,Plisses,Stable,Fermee
22:04:27,313.15,NEUTRE,0.0,0.35,-0.35,22.2,35,Plisses,Stable,Parle
22:04:27,313.22,NEUTRE,0.0,0.4,-0.4,22.2,14,Neutre,Stable,Parle
22:04:27,313.27,NEUTRE,0.0,0.4,-0.4,22.2,21,Neutre,Stable,Parle
22:04:27,313.31,NEUTRE,0.0,0.4,-0.4,22.2,25,Neutre,Stable,Parle
22:04:27,313.39,NEUTRE,0.0,0.39,-0.39,22.2,12,Neutre,Stable,Parle
22:04:27,313.43,NEUTRE,0.0,0.39,-0.39,22.2,24,Neutre,Stable,Parle
22:04:27,313.47,NEUTRE,0.0,0.39,-0.39,22.2,23,Neutre,Stable,Parle
22:04:27,313.55,NEUTRE,0.0,0.5,-0.5,22.2,12,Neutre,Stable,Parle
22:04:27,313.59,NEUTRE,0.0,0.5,-0.5,22.2,23,Neutre,Stable,Parle
22:04:28,313.64,NEUTRE,0.0,0.5,-0.5,22.2,22,Neutre,Stable,Parle
22:04:28,313.72,NEUTRE,0.0,0.5,-0.5,22.2,12,Neutre,Stable,Fermee
22:04:28,313.77,NEUTRE,0.0,0.5,-0.5,22.2,21,Ecarquilles,Stable,Fermee
22:04:28,313.81,NEUTRE,0.0,0.5,-0.5,22.2,22,Neutre,Stable,Parle
22:04:28,313.9,NEUTRE,0.0,0.43,-0.43,22.2,11,Neutre,Stable,Parle
22:04:28,313.94,NEUTRE,0.0,0.43,-0.43,22.2,22,Neutre,Stable,Parle
22:04:28,313.99,INCONFORT,-5.0,-4.57,-0.43,22.2,22,Neutre,Stable,Baillement
22:04:28,314.07,INCONFORT,-5.0,-4.64,-0.36,22.1,11,Neutre,Stable,Baillement
22:04:28,314.11,NEUTRE,0.0,0.36,-0.36,22.1,26,Neutre,Stable,Parle
22:04:28,314.15,NEUTRE,0.0,0.36,-0.36,22.1,24,Neutre,Stable,Parle
22:04:28,314.24,NEUTRE,0.0,0.38,-0.38,22.1,11,Neutre,Stable,Parle
22:04:28,314.28,NEUTRE,0.0,0.38,-0.38,22.1,22,Plisses,Releves,Parle
22:04:28,314.32,NEUTRE,0.0,0.38,-0.38,22.1,23,Plisses,Stable,Parle
22:04:28,314.41,NEUTRE,0.0,0.35,-0.35,22.1,11,Neutre,Stable,Parle
22:04:28,314.45,NEUTRE,0.0,0.35,-0.35,22.1,25,Neutre,Stable,Fermee
22:04:28,314.49,NEUTRE,0.0,0.35,-0.35,22.1,24,Neutre,Stable,Fermee
22:04:28,314.57,NEUTRE,0.0,0.35,-0.35,22.1,12,Neutre,Stable,Fermee
22:04:28,314.61,NEUTRE,0.0,0.35,-0.35,22.2,24,Neutre,Stable,Parle
22:04:29,314.66,NEUTRE,0.0,0.35,-0.35,22.2,19,Neutre,Stable,Parle
22:04:29,314.75,NEUTRE,0.0,0.52,-0.52,22.2,11,Neutre,Stable,Parle
22:04:29,314.79,NEUTRE,0.0,0.52,-0.52,22.2,24,Neutre,Stable,Fermee
22:04:29,314.83,CONFORT,5.0,5.52,-0.52,22.2,21,Neutre,Stable,Sourire leger
22:04:29,314.92,CONFORT,5.0,5.38,-0.38,22.1,11,Neutre,Stable,Sourire leger
22:04:29,314.97,CONFORT,5.0,5.38,-0.38,22.1,22,Neutre,Stable,Sourire leger
22:04:29,315.01,CONFORT,5.0,5.38,-0.38,22.1,23,Neutre,Stable,Sourire leger
22:04:29,315.1,NEUTRE,-1.0,-0.51,-0.49,22.1,11,Neutre,Fronces,Sourire leger
22:04:29,315.14,NEUTRE,-1.0,-0.51,-0.49,22.1,24,Neutre,Fronces,Sourire leger
22:04:29,315.18,NEUTRE,-1.0,-0.51,-0.49,22.1,22,Neutre,Fronces,Sourire leger
22:04:29,315.27,NEUTRE,-1.0,-0.52,-0.48,22.1,11,Neutre,Fronces,Sourire leger
22:04:29,315.32,NEUTRE,-1.0,-0.52,-0.48,22.1,20,Neutre,Fronces,Sourire leger
22:04:29,315.36,NEUTRE,-1.0,-0.52,-0.48,22.1,23,Neutre,Fronces,Sourire leger
22:04:29,315.45,NEUTRE,-1.0,-0.34,-0.66,22.1,11,Neutre,Fronces,Sourire leger
22:04:29,315.49,NEUTRE,-1.0,-0.34,-0.66,22.1,22,Neutre,Fronces,Sourire leger
22:04:29,315.53,NEUTRE,-1.0,-0.34,-0.66,22.2,24,Neutre,Fronces,Sourire leger
22:04:30,315.62,NEUTRE,-1.0,-0.47,-0.53,22.2,10,Neutre,Fronces,Sourire leger
22:04:30,315.67,NEUTRE,-1.0,-0.47,-0.53,22.2,22,Ecarquilles,Fronces,Sourire leger
22:04:30,315.7,NEUTRE,-1.0,-0.47,-0.53,22.2,26,Ecarquilles,Fronces,Sourire leger
22:04:30,315.79,NEUTRE,-1.0,-0.43,-0.57,22.2,11,Neutre,Fronces,Sourire leger
22:04:30,315.83,CONFORT,5.0,5.57,-0.57,22.2,24,Ecarquilles,Stable,Sourire leger
22:04:30,315.88,NEUTRE,-1.0,-0.43,-0.57,22.2,21,Ecarquilles,Fronces,Sourire leger
22:04:30,315.97,CONFORT,5.0,5.51,-0.51,22.1,11,Ecarquilles,Stable,Sourire leger
22:04:30,316.02,NEUTRE,-1.0,-0.49,-0.51,22.1,21,Neutre,Fronces,Sourire leger
22:04:30,316.06,NEUTRE,-1.0,-0.49,-0.51,22.2,22,Neutre,Fronces,Sourire leger
22:04:30,316.16,NEUTRE,-1.0,-0.49,-0.51,22.2,10,Neutre,Fronces,Sourire leger
22:04:30,316.21,NEUTRE,-1.0,-0.49,-0.51,22.2,21,Neutre,Fronces,Sourire leger
22:04:30,316.25,NEUTRE,-1.0,-0.49,-0.51,22.2,23,Neutre,Fronces,Sourire leger
22:04:30,316.34,NEUTRE,-1.0,-0.5,-0.5,22.2,11,Neutre,Fronces,Sourire leger
22:04:30,316.39,NEUTRE,-1.0,-0.5,-0.5,22.2,21,Neutre,Fronces,Sourire leger
22:04:30,316.44,CONFORT,5.0,5.5,-0.5,22.2,19,Neutre,Stable,Sourire leger
22:04:30,316.53,NEUTRE,0.0,0.49,-0.49,22.2,10,Neutre,Stable,Fermee
22:04:30,316.58,CONFORT,5.0,5.49,-0.49,22.1,21,Neutre,Stable,Sourire leger
22:04:31,316.63,INCONFORT,-6.0,-5.51,-0.49,22.1,19,Neutre,Fronces,Fermee
22:04:31,316.73,INCONFORT,-6.0,-5.49,-0.51,22.0,10,Neutre,Fronces,Fermee
22:04:31,316.78,INCONFORT,-6.0,-5.49,-0.51,21.9,17,Neutre,Fronces,Fermee
22:04:31,316.83,INCONFORT,-6.0,-5.49,-0.51,21.8,22,Neutre,Fronces,Fermee
22:04:31,316.91,INCONFORT,-6.0,-5.48,-0.52,21.7,12,Neutre,Fronces,Fermee
22:04:31,316.97,INCONFORT,-6.0,-5.48,-0.52,21.7,18,Neutre,Fronces,Fermee
22:04:31,317.01,INCONFORT,-6.0,-5.48,-0.52,21.6,23,Neutre,Fronces,Fermee
22:04:31,317.12,INCONFORT,-6.0,-5.5,-0.5,21.5,9,Neutre,Fronces,Fermee
22:04:31,317.18,NEUTRE,0.0,0.5,-0.5,21.5,14,Neutre,Stable,Fermee
22:04:31,317.23,NEUTRE,0.0,0.5,-0.5,21.6,20,Neutre,Stable,Fermee
22:04:31,317.32,NEUTRE,0.0,0.36,-0.36,21.6,11,Neutre,Stable,Fermee
22:04:31,317.37,NEUTRE,0.0,0.36,-0.36,21.6,20,Neutre,Stable,Fermee
22:04:31,317.42,NEUTRE,0.0,0.36,-0.36,21.6,19,Neutre,Stable,Fermee
22:04:31,317.52,NEUTRE,0.0,0.37,-0.37,21.6,10,Neutre,Stable,Fermee
22:04:31,317.57,NEUTRE,0.0,0.37,-0.37,21.7,19,Neutre,Stable,Fermee
22:04:32,317.62,NEUTRE,0.0,0.37,-0.37,21.7,20,Neutre,Stable,Fermee
22:04:32,317.72,NEUTRE,0.0,0.38,-0.38,21.7,9,Neutre,Stable,Fermee
22:04:32,317.77,NEUTRE,0.0,0.38,-0.38,21.7,19,Neutre,Stable,Fermee
22:04:32,317.83,NEUTRE,0.0,0.38,-0.38,21.7,18,Neutre,Stable,Fermee
22:04:32,317.93,NEUTRE,0.0,0.33,-0.33,21.7,10,Neutre,Stable,Fermee
22:04:32,317.97,NEUTRE,0.0,0.33,-0.33,21.8,20,Neutre,Stable,Fermee
22:04:32,318.18,NEUTRE,0.0,0.33,-0.33,21.8,4,Neutre,Stable,Fermee
22:04:32,318.26,NEUTRE,0.0,0.42,-0.42,21.8,12,Ecarquilles,Stable,Fermee
22:04:32,318.31,NEUTRE,0.0,0.42,-0.42,21.8,19,Neutre,Stable,Fermee
22:04:32,318.35,NEUTRE,0.0,0.42,-0.42,21.8,23,Neutre,Stable,Fermee
22:04:32,318.44,NEUTRE,0.0,0.43,-0.43,21.8,11,Neutre,Stable,Fermee
22:04:32,318.48,NEUTRE,0.0,0.43,-0.43,21.8,22,Neutre,Stable,Fermee
22:04:32,318.52,NEUTRE,0.0,0.43,-0.43,21.9,25,Neutre,Stable,Fermee
22:04:32,318.61,NEUTRE,0.0,0.44,-0.44,21.9,10,Neutre,Stable,Fermee
22:04:33,318.66,NEUTRE,0.0,0.44,-0.44,21.9,21,Neutre,Stable,Fermee
22:04:33,318.71,NEUTRE,0.0,0.44,-0.44,21.9,21,Ecarquilles,Stable,Fermee
22:04:33,318.81,NEUTRE,0.0,0.45,-0.45,21.9,9,Neutre,Stable,Fermee
22:04:33,318.85,NEUTRE,0.0,0.45,-0.45,21.9,24,Neutre,Stable,Fermee
22:04:33,318.89,INCONFORT,-6.0,-5.55,-0.45,21.8,23,Neutre,Fronces,Fermee
22:04:33,318.98,NEUTRE,0.0,0.39,-0.39,21.8,12,Neutre,Stable,Fermee
22:04:33,319.02,NEUTRE,0.0,0.39,-0.39,21.9,22,Plisses,Stable,Fermee
22:04:33,319.06,NEUTRE,0.0,0.39,-0.39,21.9,25,Plisses,Stable,Fermee
22:04:33,319.14,INCONFORT,-6.0,-5.64,-0.36,21.8,12,Plisses,Fronces,Fermee
22:04:33,319.19,NEUTRE,0.0,0.36,-0.36,21.8,22,Neutre,Stable,Fermee
22:04:33,319.23,INCONFORT,-6.0,-5.64,-0.36,21.7,24,Neutre,Fronces,Fermee
22:04:33,319.31,INCONFORT,-6.0,-5.66,-0.34,21.7,11,Neutre,Fronces,Fermee
22:04:33,319.35,NEUTRE,0.0,0.34,-0.34,21.7,25,Neutre,Stable,Fermee
22:04:33,319.4,NEUTRE,0.0,0.34,-0.34,21.7,23,Neutre,Stable,Fermee
22:04:33,319.47,NEUTRE,0.0,0.4,-0.4,21.7,13,Neutre,Stable,Fermee
22:04:33,319.51,NEUTRE,0.0,0.4,-0.4,21.7,24,Neutre,Stable,Fermee
22:04:34,319.64,NEUTRE,0.0,0.4,-0.4,21.7,7,Neutre,Stable,Fermee
22:04:34,319.73,NEUTRE,0.0,0.43,-0.43,21.8,11,Neutre,Stable,Fermee
22:04:34,319.78,NEUTRE,0.0,0.43,-0.43,21.8,21,Plisses,Stable,Fermee
22:04:34,319.82,NEUTRE,0.0,0.43,-0.43,21.8,24,Plisses,Stable,Fermee
22:04:34,319.9,NEUTRE,0.0,0.44,-0.44,21.8,12,Plisses,Stable,Fermee
22:04:34,319.94,NEUTRE,0.0,0.44,-0.44,21.8,24,Plisses,Stable,Fermee
22:04:34,319.98,NEUTRE,0.0,0.44,-0.44,21.8,23,Plisses,Stable,Fermee
22:04:34,320.06,NEUTRE,0.0,0.41,-0.41,21.8,12,Plisses,Stable,Fermee
22:04:34,320.1,NEUTRE,0.0,0.41,-0.41,21.9,24,Plisses,Stable,Fermee
22:04:34,320.15,NEUTRE,0.0,0.41,-0.41,21.9,21,Plisses,Stable,Fermee
22:04:34,320.24,NEUTRE,0.0,0.44,-0.44,21.9,10,Plisses,Stable,Fermee
22:04:34,320.28,NEUTRE,0.0,0.44,-0.44,21.9,23,Plisses,Stable,Fermee
22:04:34,320.33,NEUTRE,0.0,0.44,-0.44,21.9,23,Plisses,Stable,Fermee
22:04:34,320.42,NEUTRE,0.0,0.41,-0.41,21.9,11,Plisses,Stable,Fermee
22:04:34,320.46,NEUTRE,0.0,0.41,-0.41,21.9,21,Plisses,Stable,Fermee
22:04:34,320.5,NEUTRE,0.0,0.41,-0.41,21.9,24,Neutre,Stable,Fermee
22:04:34,320.6,NEUTRE,0.0,0.47,-0.47,22.0,10,Neutre,Stable,Fermee
22:04:35,320.64,NEUTRE,0.0,0.47,-0.47,22.0,22,Neutre,Stable,Fermee
22:04:35,320.69,NEUTRE,0.0,0.47,-0.47,22.0,22,Neutre,Stable,Fermee
22:04:35,320.78,NEUTRE,0.0,0.46,-0.46,22.0,11,Neutre,Stable,Fermee
22:04:35,320.82,NEUTRE,0.0,0.46,-0.46,22.0,22,Neutre,Stable,Fermee
22:04:35,320.87,NEUTRE,0.0,0.46,-0.46,22.0,22,Neutre,Stable,Fermee
22:04:35,320.96,NEUTRE,0.0,0.49,-0.49,22.0,10,Neutre,Stable,Fermee
22:04:35,321.01,NEUTRE,0.0,0.49,-0.49,22.0,20,Neutre,Stable,Fermee
22:04:35,321.05,NEUTRE,0.0,0.49,-0.49,22.0,21,Neutre,Stable,Fermee
22:04:35,321.15,NEUTRE,0.0,0.37,-0.37,22.0,10,Neutre,Stable,Fermee
22:04:35,321.2,NEUTRE,0.0,0.37,-0.37,22.1,18,Neutre,Stable,Fermee
22:04:35,321.25,NEUTRE,0.0,0.37,-0.37,22.1,20,Neutre,Stable,Fermee
22:04:35,321.35,NEUTRE,0.0,0.44,-0.44,22.1,10,Neutre,Stable,Fermee
22:04:35,321.39,NEUTRE,0.0,0.44,-0.44,22.1,22,Neutre,Stable,Fermee
22:04:35,321.44,NEUTRE,0.0,0.44,-0.44,22.1,22,Neutre,Stable,Fermee
22:04:35,321.52,NEUTRE,0.0,0.46,-0.46,22.1,12,Neutre,Stable,Fermee
22:04:35,321.56,NEUTRE,0.0,0.46,-0.46,22.1,21,Neutre,Stable,Fermee
22:04:35,321.61,NEUTRE,0.0,0.46,-0.46,22.1,22,Neutre,Stable,Fermee
22:04:36,321.69,NEUTRE,0.0,0.55,-0.55,22.1,12,Neutre,Stable,Fermee
22:04:36,321.73,NEUTRE,0.0,0.55,-0.55,22.1,20,Neutre,Stable,Fermee
22:04:36,321.78,NEUTRE,0.0,0.55,-0.55,22.1,23,Neutre,Stable,Fermee
22:04:36,321.85,NEUTRE,0.0,0.41,-0.41,22.1,13,Neutre,Stable,Fermee
22:04:36,321.89,NEUTRE,0.0,0.41,-0.41,22.1,23,Neutre,Stable,Fermee
22:04:36,321.94,NEUTRE,0.0,0.41,-0.41,22.2,22,Neutre,Stable,Fermee
22:04:36,322.01,NEUTRE,0.0,0.41,-0.41,22.2,13,Neutre,Stable,Fermee
22:04:36,322.06,NEUTRE,0.0,0.41,-0.41,22.2,22,Neutre,Stable,Fermee
22:04:36,322.1,NEUTRE,0.0,0.41,-0.41,22.2,20,Neutre,Stable,Fermee
22:04:36,322.18,NEUTRE,0.0,0.36,-0.36,22.2,13,Neutre,Stable,Fermee
22:04:36,322.23,NEUTRE,0.0,0.36,-0.36,22.2,21,Neutre,Stable,Fermee
22:04:36,322.27,NEUTRE,0.0,0.36,-0.36,22.2,21,Neutre,Stable,Fermee
22:04:36,322.36,NEUTRE,0.0,0.4,-0.4,22.2,11,Neutre,Stable,Fermee
22:04:36,322.4,NEUTRE,0.0,0.4,-0.4,22.2,23,Neutre,Stable,Fermee
22:04:36,322.45,NEUTRE,0.0,0.4,-0.4,22.2,20,Neutre,Stable,Fermee
22:04:36,322.54,NEUTRE,0.0,0.42,-0.42,22.2,11,Neutre,Stable,Fermee
22:04:36,322.58,NEUTRE,0.0,0.42,-0.42,22.2,22,Neutre,Stable,Fermee
22:04:37,322.63,NEUTRE,0.0,0.42,-0.42,22.2,21,Neutre,Stable,Fermee
22:04:37,322.71,NEUTRE,0.0,0.48,-0.48,22.2,11,Neutre,Stable,Fermee
22:04:37,322.75,NEUTRE,0.0,0.48,-0.48,22.2,24,Neutre,Stable,Fermee
22:04:37,322.8,NEUTRE,0.0,0.48,-0.48,22.2,23,Neutre,Stable,Fermee
22:04:37,322.88,NEUTRE,0.0,0.37,-0.37,22.3,12,Neutre,Stable,Fermee
22:04:37,322.93,NEUTRE,0.0,0.37,-0.37,22.3,21,Neutre,Stable,Fermee
22:04:37,322.97,NEUTRE,0.0,0.37,-0.37,22.3,22,Neutre,Stable,Fermee
22:04:37,323.06,NEUTRE,0.0,0.41,-0.41,22.3,11,Neutre,Stable,Fermee
22:04:37,323.1,NEUTRE,0.0,0.41,-0.41,22.3,23,Neutre,Stable,Fermee
22:04:37,323.29,NEUTRE,0.0,0.41,-0.41,22.3,5,Neutre,Stable,Fermee
22:04:37,323.36,NEUTRE,0.0,0.42,-0.42,22.3,14,Neutre,Stable,Fermee
22:04:37,323.41,NEUTRE,0.0,0.42,-0.42,22.3,20,Neutre,Stable,Fermee
22:04:37,323.45,NEUTRE,0.0,0.42,-0.42,22.3,23,Neutre,Stable,Fermee
22:04:37,323.53,NEUTRE,0.0,0.4,-0.4,22.3,12,Neutre,Stable,Fermee
22:04:37,323.59,NEUTRE,0.0,0.4,-0.4,22.3,18,Neutre,Stable,Fermee
22:04:38,323.64,NEUTRE,0.0,0.4,-0.4,22.3,19,Neutre,Stable,Fermee
22:04:38,323.74,NEUTRE,0.0,0.4,-0.4,22.3,10,Neutre,Stable,Fermee
22:04:38,323.79,NEUTRE,0.0,0.4,-0.4,22.3,20,Neutre,Stable,Fermee
22:04:38,323.84,NEUTRE,0.0,0.4,-0.4,22.3,20,Neutre,Stable,Fermee
22:04:38,323.94,NEUTRE,0.0,0.53,-0.53,22.3,9,Neutre,Stable,Fermee
22:04:38,323.99,NEUTRE,0.0,0.53,-0.53,22.3,19,Neutre,Stable,Fermee
22:04:38,324.04,NEUTRE,0.0,0.53,-0.53,22.3,19,Neutre,Stable,Fermee
22:04:38,324.13,NEUTRE,0.0,0.47,-0.47,22.3,11,Neutre,Stable,Fermee
22:04:38,324.17,NEUTRE,0.0,0.47,-0.47,22.3,21,Plisses,Stable,Fermee
22:04:38,324.22,NEUTRE,0.0,0.47,-0.47,22.3,21,Plisses,Stable,Fermee
22:04:38,324.3,NEUTRE,0.0,0.52,-0.52,22.3,11,Plisses,Stable,Fermee
22:04:38,324.35,NEUTRE,0.0,0.52,-0.52,22.3,21,Plisses,Stable,Fermee
22:04:38,324.4,NEUTRE,0.0,0.52,-0.52,22.3,22,Plisses,Stable,Fermee
22:04:38,324.49,NEUTRE,0.0,0.42,-0.42,22.3,10,Plisses,Stable,Fermee
22:04:38,324.54,NEUTRE,0.0,0.42,-0.42,22.3,18,Plisses,Stable,Fermee
22:04:38,324.59,NEUTRE,0.0,0.42,-0.42,22.4,20,Plisses,Stable,Fermee
22:04:39,324.69,NEUTRE,0.0,0.46,-0.46,22.4,9,Plisses,Stable,Fermee
22:04:39,324.74,NEUTRE,0.0,0.46,-0.46,22.4,21,Plisses,Stable,Fermee
22:04:39,324.79,NEUTRE,0.0,0.46,-0.46,22.4,20,Plisses,Stable,Fermee
22:04:39,324.88,NEUTRE,0.0,0.48,-0.48,22.4,10,Plisses,Stable,Fermee
22:04:39,324.93,NEUTRE,0.0,0.48,-0.48,22.4,20,Plisses,Stable,Fermee
22:04:39,324.97,NEUTRE,0.0,0.48,-0.48,22.4,22,Plisses,Stable,Fermee
22:04:39,325.07,NEUTRE,0.0,0.38,-0.38,22.4,10,Plisses,Stable,Fermee
22:04:39,325.12,NEUTRE,0.0,0.38,-0.38,22.4,20,Plisses,Stable,Fermee
22:04:39,325.16,NEUTRE,0.0,0.38,-0.38,22.4,22,Plisses,Stable,Fermee
22:04:39,325.26,NEUTRE,0.0,0.41,-0.41,22.4,10,Plisses,Stable,Fermee
22:04:39,325.3,INCONFORT,-6.0,-5.59,-0.41,22.3,21,Neutre,Fronces,Fermee
22:04:39,325.35,INCONFORT,-6.0,-5.59,-0.41,22.2,21,Neutre,Fronces,Fermee
22:04:39,325.43,INCONFORT,-6.0,-5.59,-0.41,22.1,11,Neutre,Fronces,Fermee
22:04:39,325.48,INCONFORT,-6.0,-5.59,-0.41,22.0,20,Neutre,Fronces,Fermee
22:04:39,325.53,INCONFORT,-6.0,-5.59,-0.41,22.0,21,Neutre,Fronces,Fermee
22:04:40,325.62,INCONFORT,-6.0,-5.56,-0.44,21.9,10,Neutre,Fronces,Fermee
22:04:40,325.67,INCONFORT,-6.0,-5.56,-0.44,21.8,19,Neutre,Fronces,Fermee
22:04:40,325.72,INCONFORT,-6.0,-5.56,-0.44,21.7,20,Neutre,Fronces,Fermee
22:04:40,325.82,INCONFORT,-6.0,-5.57,-0.43,21.7,10,Neutre,Fronces,Fermee
22:04:40,325.86,INCONFORT,-6.0,-5.57,-0.43,21.6,22,Neutre,Fronces,Fermee
22:04:40,325.9,INCONFORT,-6.0,-5.57,-0.43,21.5,24,Neutre,Fronces,Fermee
22:04:40,325.98,INCONFORT,-6.0,-5.58,-0.42,21.4,12,Neutre,Fronces,Fermee
22:04:40,326.03,INCONFORT,-6.0,-5.58,-0.42,21.4,23,Neutre,Fronces,Fermee
22:04:40,326.07,NEUTRE,0.0,0.42,-0.42,21.4,25,Neutre,Stable,Fermee
22:04:40,326.14,NEUTRE,0.0,0.5,-0.5,21.4,13,Neutre,Stable,Fermee
22:04:40,326.18,NEUTRE,0.0,0.5,-0.5,21.4,22,Neutre,Stable,Fermee
22:04:40,326.23,NEUTRE,0.0,0.5,-0.5,21.5,23,Neutre,Stable,Fermee
22:04:40,326.31,NEUTRE,0.0,0.39,-0.39,21.5,11,Plisses,Stable,Fermee
22:04:40,326.35,NEUTRE,0.0,0.39,-0.39,21.5,24,Plisses,Stable,Fermee
22:04:40,326.4,NEUTRE,0.0,0.39,-0.39,21.5,23,Plisses,Stable,Fermee
22:04:40,326.47,NEUTRE,0.0,0.42,-0.42,21.5,13,Plisses,Stable,Fermee
22:04:40,326.51,NEUTRE,0.0,0.42,-0.42,21.6,22,Plisses,Stable,Fermee
22:04:40,326.56,NEUTRE,0.0,0.42,-0.42,21.6,22,Plisses,Stable,Fermee
22:04:41,326.66,INCONFORT,-6.0,-5.56,-0.44,21.5,9,Plisses,Fronces,Fermee
22:04:41,326.71,NEUTRE,0.0,0.44,-0.44,21.5,22,Neutre,Stable,Fermee
22:04:41,326.75,NEUTRE,0.0,0.44,-0.44,21.5,22,Neutre,Stable,Fermee
22:04:41,326.83,NEUTRE,0.0,0.49,-0.49,21.6,12,Neutre,Stable,Fermee
22:04:41,326.88,NEUTRE,0.0,0.49,-0.49,21.6,22,Neutre,Stable,Fermee
22:04:41,326.91,NEUTRE,0.0,0.49,-0.49,21.6,26,Neutre,Stable,Fermee
22:04:41,326.99,INCONFORT,-6.0,-5.57,-0.43,21.5,12,Neutre,Fronces,Fermee
22:04:41,327.03,INCONFORT,-6.0,-5.57,-0.43,21.5,23,Neutre,Fronces,Fermee
22:04:41,327.08,INCONFORT,-6.0,-5.57,-0.43,21.4,21,Neutre,Fronces,Fermee
22:04:41,327.16,INCONFORT,-6.0,-5.57,-0.43,21.3,13,Neutre,Fronces,Fermee
22:04:41,327.2,INCONFORT,-6.0,-5.57,-0.43,21.3,24,Neutre,Fronces,Fermee
22:04:41,327.24,INCONFORT,-6.0,-5.57,-0.43,21.2,22,Neutre,Fronces,Fermee
22:04:41,327.33,INCONFORT,-6.0,-5.57,-0.43,21.1,10,Neutre,Fronces,Fermee
22:04:41,327.38,NEUTRE,0.0,0.43,-0.43,21.2,21,Neutre,Stable,Fermee
22:04:41,327.42,NEUTRE,0.0,0.43,-0.43,21.2,22,Neutre,Stable,Fermee
22:04:41,327.5,NEUTRE,0.0,0.42,-0.42,21.2,12,Neutre,Stable,Fermee
22:04:41,327.55,NEUTRE,0.0,0.42,-0.42,21.2,20,Neutre,Stable,Fermee
22:04:41,327.59,INCONFORT,-6.0,-5.58,-0.42,21.2,23,Neutre,Fronces,Fermee
22:04:42,327.69,INCONFORT,-6.0,-5.64,-0.36,21.1,10,Neutre,Fronces,Fermee
22:04:42,327.73,INCONFORT,-6.0,-5.64,-0.36,21.0,20,Neutre,Fronces,Fermee
22:04:42,327.78,INCONFORT,-6.0,-5.64,-0.36,21.0,20,Neutre,Fronces,Fermee
22:04:42,327.87,INCONFORT,-6.0,-5.54,-0.46,20.9,12,Neutre,Fronces,Fermee
22:04:42,327.91,INCONFORT,-6.0,-5.54,-0.46,20.9,20,Neutre,Fronces,Fermee
22:04:42,327.96,INCONFORT,-6.0,-5.54,-0.46,20.8,21,Neutre,Fronces,Fermee
22:04:42,328.04,INCONFORT,-6.0,-5.55,-0.45,20.7,12,Neutre,Fronces,Fermee
22:04:42,328.09,INCONFORT,-6.0,-5.55,-0.45,20.7,20,Neutre,Fronces,Fermee
22:04:42,328.14,INCONFORT,-6.0,-5.55,-0.45,20.6,22,Neutre,Fronces,Fermee
22:04:42,328.22,INCONFORT,-6.0,-5.55,-0.45,20.6,11,Neutre,Fronces,Fermee
22:04:42,328.27,INCONFORT,-6.0,-5.55,-0.45,20.5,22,Neutre,Fronces,Fermee
22:04:42,328.45,INCONFORT,-6.0,-5.55,-0.45,20.5,5,Neutre,Fronces,Fermee
22:04:42,328.51,INCONFORT,-6.0,-5.57,-0.43,20.4,16,Neutre,Fronces,Fermee
22:04:42,328.55,INCONFORT,-6.0,-5.57,-0.43,20.4,24,Neutre,Fronces,Fermee
22:04:42,328.6,INCONFORT,-6.0,-5.57,-0.43,20.3,21,Neutre,Fronces,Fermee
22:04:43,328.68,INCONFORT,-6.0,-5.57,-0.43,20.3,12,Neutre,Fronces,Fermee
22:04:43,328.73,INCONFORT,-6.0,-5.57,-0.43,20.2,21,Neutre,Fronces,Fermee
22:04:43,328.77,INCONFORT,-6.0,-5.57,-0.43,20.2,22,Neutre,Fronces,Fermee
22:04:43,328.85,INCONFORT,-6.0,-5.62,-0.38,20.2,13,Neutre,Fronces,Fermee
22:04:43,328.89,INCONFORT,-6.0,-5.62,-0.38,20.1,22,Neutre,Fronces,Fermee
22:04:43,328.93,INCONFORT,-6.0,-5.62,-0.38,20.1,23,Neutre,Fronces,Fermee
22:04:43,329.01,INCONFORT,-6.0,-5.54,-0.46,20.0,13,Neutre,Fronces,Fermee
22:04:43,329.04,INCONFORT,-6.0,-5.54,-0.46,20.0,26,Neutre,Fronces,Fermee
22:04:43,329.09,INCONFORT,-6.0,-5.54,-0.46,19.9,22,Neutre,Fronces,Fermee
22:04:43,329.17,INCONFORT,-6.0,-5.51,-0.49,19.9,13,Neutre,Fronces,Fermee
22:04:43,329.21,INCONFORT,-6.0,-5.51,-0.49,19.9,21,Neutre,Fronces,Fermee
22:04:43,329.26,INCONFORT,-6.0,-5.51,-0.49,19.8,21,Neutre,Fronces,Fermee
22:04:43,329.34,INCONFORT,-6.0,-5.58,-0.42,19.8,12,Neutre,Fronces,Fermee
22:04:43,329.39,INCONFORT,-6.0,-5.58,-0.42,19.8,22,Neutre,Fronces,Fermee
22:04:43,329.43,INCONFORT,-6.0,-5.58,-0.42,19.7,21,Neutre,Fronces,Fermee
22:04:43,329.52,INCONFORT,-6.0,-5.6,-0.4,19.7,11,Neutre,Fronces,Fermee
22:04:43,329.57,INCONFORT,-6.0,-5.6,-0.4,19.7,21,Neutre,Fronces,Fermee
22:04:43,329.61,INCONFORT,-6.0,-5.6,-0.4,19.6,21,Neutre,Fronces,Fermee
22:04:44,329.7,INCONFORT,-6.0,-5.58,-0.42,19.6,11,Neutre,Fronces,Fermee
22:04:44,329.74,INCONFORT,-6.0,-5.58,-0.42,19.6,23,Neutre,Fronces,Fermee
22:04:44,329.79,INCONFORT,-6.0,-5.58,-0.42,19.5,21,Neutre,Fronces,Fermee
22:04:44,329.87,INCONFORT,-6.0,-5.58,-0.42,19.5,12,Neutre,Fronces,Fermee
22:04:44,329.91,INCONFORT,-6.0,-5.58,-0.42,19.5,22,Neutre,Fronces,Fermee
22:04:44,329.96,INCONFORT,-6.0,-5.58,-0.42,19.4,21,Neutre,Fronces,Fermee
22:04:44,330.03,INCONFORT,-6.0,-5.57,-0.43,19.4,13,Neutre,Fronces,Fermee
22:04:44,330.08,INCONFORT,-6.0,-5.57,-0.43,19.4,20,Neutre,Fronces,Fermee
22:04:44,330.12,INCONFORT,-6.0,-5.57,-0.43,19.4,22,Neutre,Fronces,Fermee
22:04:44,330.2,INCONFORT,-6.0,-5.54,-0.46,19.3,12,Neutre,Fronces,Fermee
22:04:44,330.25,INCONFORT,-6.0,-5.54,-0.46,19.3,21,Neutre,Fronces,Fermee
22:04:44,330.3,INCONFORT,-6.0,-5.54,-0.46,19.3,21,Neutre,Fronces,Fermee
22:04:44,330.37,INCONFORT,-6.0,-5.54,-0.46,19.3,13,Neutre,Fronces,Fermee
22:04:44,330.42,INCONFORT,-6.0,-5.54,-0.46,19.2,21,Neutre,Fronces,Fermee
22:04:44,330.46,INCONFORT,-6.0,-5.54,-0.46,19.2,24,Neutre,Fronces,Fermee
22:04:44,330.56,INCONFORT,-6.0,-5.51,-0.49,19.2,10,Neutre,Fronces,Fermee
22:04:44,330.6,INCONFORT,-6.0,-5.51,-0.49,19.2,21,Neutre,Fronces,Fermee
22:04:45,330.65,INCONFORT,-6.0,-5.51,-0.49,19.1,20,Neutre,Fronces,Fermee
22:04:45,330.74,INCONFORT,-6.0,-5.55,-0.45,19.1,11,Neutre,Fronces,Fermee
22:04:45,330.79,INCONFORT,-6.0,-5.55,-0.45,19.1,20,Neutre,Fronces,Fermee
22:04:45,330.85,INCONFORT,-6.0,-5.55,-0.45,19.1,18,Neutre,Fronces,Fermee
22:04:45,330.95,INCONFORT,-6.0,-5.53,-0.47,19.0,9,Neutre,Fronces,Fermee
22:04:45,331.0,INCONFORT,-6.0,-5.53,-0.47,19.0,20,Neutre,Fronces,Fermee
22:04:45,331.05,INCONFORT,-6.0,-5.53,-0.47,19.0,20,Neutre,Fronces,Fermee
22:04:45,331.15,INCONFORT,-6.0,-5.55,-0.45,19.0,9,Neutre,Fronces,Fermee
22:04:45,331.2,INCONFORT,-6.0,-5.55,-0.45,19.0,19,Neutre,Fronces,Fermee
22:04:45,331.25,INCONFORT,-6.0,-5.55,-0.45,18.9,21,Neutre,Fronces,Fermee
22:04:45,331.35,INCONFORT,-6.0,-5.52,-0.48,18.9,10,Neutre,Fronces,Fermee
22:04:45,331.4,INCONFORT,-6.0,-5.52,-0.48,18.9,19,Neutre,Fronces,Fermee
22:04:45,331.45,INCONFORT,-6.0,-5.52,-0.48,18.9,20,Neutre,Fronces,Fermee
22:04:45,331.54,INCONFORT,-6.0,-5.53,-0.47,18.9,10,Neutre,Fronces,Fermee
22:04:45,331.58,INCONFORT,-6.0,-5.53,-0.47,18.9,22,Neutre,Fronces,Fermee
22:04:46,331.63,INCONFORT,-6.0,-5.53,-0.47,18.8,19,Neutre,Fronces,Fermee
22:04:46,331.73,INCONFORT,-6.0,-5.51,-0.49,18.8,9,Neutre,Fronces,Fermee
22:04:46,331.78,INCONFORT,-6.0,-5.51,-0.49,18.8,22,Neutre,Fronces,Fermee
22:04:46,331.83,INCONFORT,-6.0,-5.51,-0.49,18.8,19,Neutre,Fronces,Fermee
22:04:46,331.93,INCONFORT,-6.0,-5.49,-0.51,18.8,10,Neutre,Fronces,Fermee
22:04:46,331.98,INCONFORT,-6.0,-5.49,-0.51,18.8,20,Neutre,Fronces,Fermee
22:04:46,332.03,INCONFORT,-6.0,-5.49,-0.51,18.7,20,Neutre,Fronces,Fermee
22:04:46,332.14,INCONFORT,-6.0,-5.55,-0.45,18.7,9,Neutre,Fronces,Fermee
22:04:46,332.19,INCONFORT,-6.0,-5.55,-0.45,18.7,20,Neutre,Fronces,Fermee
22:04:46,332.24,INCONFORT,-6.0,-5.55,-0.45,18.7,19,Neutre,Fronces,Fermee
22:04:46,332.34,INCONFORT,-6.0,-5.58,-0.42,18.7,9,Neutre,Fronces,Fermee
22:04:46,332.39,INCONFORT,-6.0,-5.58,-0.42,18.7,20,Neutre,Fronces,Fermee
22:04:46,332.44,INCONFORT,-6.0,-5.58,-0.42,18.7,19,Neutre,Fronces,Fermee
22:04:46,332.54,NEUTRE,0.0,0.38,-0.38,18.7,9,Plisses,Stable,Fermee
22:04:46,332.59,NEUTRE,0.0,0.38,-0.38,18.8,21,Plisses,Stable,Fermee
22:04:47,332.64,INCONFORT,-6.0,-5.62,-0.38,18.8,18,Neutre,Fronces,Fermee
22:04:47,332.73,INCONFORT,-6.0,-5.56,-0.44,18.8,10,Neutre,Fronces,Fermee
22:04:47,332.78,INCONFORT,-6.0,-5.56,-0.44,18.8,19,Neutre,Fronces,Fermee
22:04:47,332.83,INCONFORT,-6.0,-5.56,-0.44,18.7,21,Neutre,Fronces,Fermee
22:04:47,332.92,INCONFORT,-6.0,-5.47,-0.53,18.7,10,Neutre,Fronces,Fermee
22:04:47,332.98,INCONFORT,-6.0,-5.47,-0.53,18.7,19,Neutre,Fronces,Fermee
22:04:47,333.02,INCONFORT,-6.0,-5.47,-0.53,18.7,21,Neutre,Fronces,Fermee
22:04:47,333.15,INCONFORT,-6.0,-5.52,-0.48,18.7,7,Neutre,Fronces,Fermee
22:04:47,333.19,INCONFORT,-6.0,-5.52,-0.48,18.7,21,Neutre,Fronces,Fermee
22:04:47,333.24,INCONFORT,-6.0,-5.52,-0.48,18.7,20,Neutre,Fronces,Fermee
22:04:47,333.34,INCONFORT,-6.0,-5.54,-0.46,18.6,10,Neutre,Fronces,Fermee
22:04:47,333.38,NEUTRE,0.0,0.46,-0.46,18.7,20,Plisses,Stable,Fermee
22:04:47,333.43,INCONFORT,-6.0,-5.54,-0.46,18.7,23,Neutre,Fronces,Fermee
22:04:47,333.51,NEUTRE,0.0,0.38,-0.38,18.8,11,Plisses,Stable,Fermee
22:04:47,333.55,NEUTRE,0.0,0.38,-0.38,18.9,23,Neutre,Stable,Fermee
22:04:48,333.76,NEUTRE,0.0,0.38,-0.38,18.9,4,Neutre,Stable,Fermee
22:04:48,333.85,INCONFORT,-6.0,-5.7,-0.3,18.9,11,Plisses,Fronces,Fermee
22:04:48,333.89,INCONFORT,-6.0,-5.7,-0.3,18.9,23,Neutre,Fronces,Fermee
22:04:48,333.93,INCONFORT,-6.0,-5.7,-0.3,18.9,24,Neutre,Fronces,Fermee
22:04:48,334.01,NEUTRE,0.0,0.47,-0.47,18.9,12,Neutre,Stable,Fermee
22:04:48,334.06,NEUTRE,0.0,0.47,-0.47,19.0,22,Neutre,Stable,Fermee
22:04:48,334.1,NEUTRE,0.0,0.47,-0.47,19.1,22,Neutre,Stable,Fermee
22:04:48,334.19,NEUTRE,0.0,0.39,-0.39,19.2,11,Neutre,Stable,Fermee
22:04:48,334.23,NEUTRE,0.0,0.39,-0.39,19.2,21,Neutre,Stable,Fermee
22:04:48,334.28,NEUTRE,0.0,0.39,-0.39,19.3,21,Neutre,Stable,Fermee
22:04:48,334.37,NEUTRE,0.0,0.49,-0.49,19.4,11,Neutre,Stable,Fermee
22:04:48,334.41,NEUTRE,0.0,0.49,-0.49,19.4,22,Plisses,Stable,Fermee
22:04:48,334.46,NEUTRE,0.0,0.49,-0.49,19.5,19,Plisses,Stable,Fermee
22:04:48,334.55,NEUTRE,0.0,0.41,-0.41,19.5,11,Plisses,Stable,Fermee
22:04:48,334.6,NEUTRE,0.0,0.41,-0.41,19.6,19,Plisses,Stable,Fermee
22:04:49,334.65,NEUTRE,0.0,0.41,-0.41,19.7,20,Neutre,Stable,Fermee
22:04:49,334.75,NEUTRE,0.0,0.44,-0.44,19.7,10,Neutre,Stable,Fermee
22:04:49,334.8,NEUTRE,0.0,0.44,-0.44,19.8,21,Neutre,Stable,Fermee
22:04:49,334.86,NEUTRE,0.0,0.44,-0.44,19.8,17,Neutre,Stable,Fermee
22:04:49,334.95,NEUTRE,0.0,0.46,-0.46,19.9,10,Neutre,Stable,Fermee
22:04:49,335.0,NEUTRE,0.0,0.46,-0.46,19.9,19,Neutre,Stable,Fermee
22:04:49,335.06,INCONFORT,-6.0,-5.54,-0.46,19.9,17,Neutre,Fronces,Fermee
22:04:49,335.16,INCONFORT,-6.0,-5.6,-0.4,19.9,9,Neutre,Fronces,Fermee
22:04:49,335.22,INCONFORT,-6.0,-5.6,-0.4,19.8,18,Neutre,Fronces,Fermee
22:04:49,335.27,INCONFORT,-6.0,-5.6,-0.4,19.8,18,Neutre,Fronces,Fermee
22:04:49,335.37,INCONFORT,-6.0,-5.6,-0.4,19.7,10,Neutre,Fronces,Fermee
22:04:49,335.42,INCONFORT,-6.0,-5.6,-0.4,19.7,19,Neutre,Fronces,Fermee
22:04:49,335.48,INCONFORT,-6.0,-5.6,-0.4,19.7,15,Neutre,Fronces,Fermee
22:04:50,335.69,NEUTRE,0.0,0.47,-0.47,19.7,4,Neutre,Stable,Fermee
22:04:50,335.75,INCONFORT,-6.0,-5.53,-0.47,19.7,15,Neutre,Fronces,Fermee
22:04:50,335.82,INCONFORT,-6.0,-5.53,-0.47,19.7,14,Neutre,Fronces,Parle
22:04:50,335.94,INCONFORT,-6.0,-5.45,-0.55,19.6,8,Neutre,Fronces,Fermee
22:04:50,335.99,INCONFORT,-6.0,-5.45,-0.55,19.6,20,Neutre,Fronces,Parle
22:04:50,336.05,INCONFORT,-6.0,-5.45,-0.55,19.6,18,Neutre,Fronces,Parle
22:04:50,336.16,NEUTRE,0.0,0.35,-0.35,19.6,8,Neutre,Stable,Fermee
22:04:50,336.21,NEUTRE,0.0,0.35,-0.35,19.7,18,Neutre,Stable,Fermee
22:04:50,336.27,INCONFORT,-6.0,-5.65,-0.35,19.6,17,Plisses,Fronces,Fermee
22:04:50,336.37,INCONFORT,-6.0,-5.58,-0.42,19.6,10,Neutre,Fronces,Fermee
22:04:50,336.42,INCONFORT,-6.0,-5.58,-0.42,19.6,19,Plisses,Fronces,Fermee
22:04:50,336.47,NEUTRE,0.0,0.42,-0.42,19.6,19,Plisses,Stable,Fermee
22:04:50,336.58,INCONFORT,-6.0,-5.66,-0.34,19.6,9,Neutre,Fronces,Fermee
22:04:51,336.64,NEUTRE,0.0,0.34,-0.34,19.7,17,Neutre,Stable,Fermee
22:04:51,336.69,INCONFORT,-6.0,-5.66,-0.34,19.6,17,Plisses,Fronces,Fermee
22:04:51,336.8,INCONFORT,-6.0,-5.64,-0.36,19.6,9,Plisses,Fronces,Fermee
22:04:51,336.85,INCONFORT,-6.0,-5.64,-0.36,19.6,18,Plisses,Fronces,Fermee
22:04:51,336.91,INCONFORT,-6.0,-5.64,-0.36,19.5,18,Neutre,Fronces,Fermee
22:04:51,337.05,NEUTRE,0.0,0.51,-0.51,19.6,6,Neutre,Stable,Fermee
22:04:51,337.12,INCONFORT,-6.0,-5.49,-0.51,19.6,14,Plisses,Fronces,Fermee
22:04:51,337.18,INCONFORT,-6.0,-5.49,-0.51,19.5,15,Neutre,Fronces,Fermee
22:04:51,337.31,INCONFORT,-6.0,-5.64,-0.36,19.5,7,Neutre,Fronces,Fermee
22:04:51,337.38,INCONFORT,-6.0,-5.64,-0.36,19.5,13,Neutre,Fronces,Fermee
22:04:51,337.44,INCONFORT,-6.0,-5.64,-0.36,19.4,16,Neutre,Fronces,Fermee
22:04:51,337.59,NEUTRE,0.0,0.31,-0.31,19.5,6,Neutre,Stable,Fermee
22:04:52,337.66,INCONFORT,-6.0,-5.69,-0.31,19.5,14,Neutre,Fronces,Fermee
22:04:52,337.73,INCONFORT,-6.0,-5.69,-0.31,19.4,13,Neutre,Fronces,Fermee
22:04:52,337.86,INCONFORT,-6.0,-5.63,-0.37,19.4,7,Neutre,Fronces,Fermee
22:04:52,337.92,INCONFORT,-6.0,-5.63,-0.37,19.4,16,Neutre,Fronces,Fermee
22:04:52,338.0,INCONFORT,-6.0,-5.63,-0.37,19.4,12,Neutre,Fronces,Fermee
22:04:52,338.15,INCONFORT,-6.0,-5.6,-0.4,19.3,6,Neutre,Fronces,Fermee
22:04:52,338.22,INCONFORT,-6.0,-5.6,-0.4,19.3,15,Neutre,Fronces,Fermee
22:04:52,338.3,INCONFORT,-6.0,-5.6,-0.4,19.3,12,Neutre,Fronces,Fermee
22:04:52,338.43,INCONFORT,-6.0,-5.66,-0.34,19.3,7,Neutre,Fronces,Fermee
22:04:52,338.5,INCONFORT,-6.0,-5.66,-0.34,19.2,14,Neutre,Fronces,Fermee
22:04:52,338.56,INCONFORT,-6.0,-5.66,-0.34,19.2,17,Neutre,Fronces,Fermee
22:04:53,338.69,INCONFORT,-6.0,-5.66,-0.34,19.2,7,Neutre,Fronces,Fermee
22:04:53,338.76,INCONFORT,-6.0,-5.66,-0.34,19.2,14,Neutre,Fronces,Fermee
22:04:53,338.83,INCONFORT,-6.0,-5.66,-0.34,19.1,15,Neutre,Fronces,Fermee
22:04:53,338.95,NEUTRE,0.0,0.34,-0.34,19.2,7,Neutre,Stable,Fermee
22:04:53,339.02,NEUTRE,0.0,0.34,-0.34,19.3,14,Neutre,Stable,Fermee
22:04:53,339.09,NEUTRE,0.0,0.34,-0.34,19.3,15,Neutre,Stable,Fermee
22:04:53,339.24,NEUTRE,0.0,0.37,-0.37,19.4,6,Neutre,Stable,Fermee
22:04:53,339.3,NEUTRE,0.0,0.37,-0.37,19.5,15,Neutre,Stable,Fermee
22:04:53,339.37,NEUTRE,0.0,0.37,-0.37,19.5,15,Neutre,Stable,Fermee
22:04:53,339.51,NEUTRE,0.0,0.39,-0.39,19.6,7,Neutre,Stable,Fermee
22:04:53,339.56,INCONFORT,-6.0,-5.61,-0.39,19.5,18,Neutre,Fronces,Fermee
22:04:54,339.63,INCONFORT,-6.0,-5.61,-0.39,19.5,15,Neutre,Fronces,Fermee
22:04:54,339.75,INCONFORT,-6.0,-5.65,-0.35,19.5,7,Neutre,Fronces,Fermee
22:04:54,339.82,INCONFORT,-6.0,-5.65,-0.35,19.5,14,Neutre,Fronces,Fermee
22:04:54,339.89,INCONFORT,-6.0,-5.65,-0.35,19.4,15,Neutre,Fronces,Fermee
22:04:54,340.0,INCONFORT,-6.0,-5.62,-0.38,19.4,9,Neutre,Fronces,Fermee
22:04:54,340.24,INCONFORT,-6.0,-5.62,-0.38,19.4,4,Neutre,Fronces,Fermee
22:04:54,340.3,INCONFORT,-6.0,-5.62,-0.38,19.3,15,Neutre,Fronces,Fermee
22:04:54,340.41,INCONFORT,-6.0,-5.62,-0.38,19.3,8,Neutre,Fronces,Fermee
22:04:54,340.47,INCONFORT,-6.0,-5.62,-0.38,19.3,16,Neutre,Fronces,Fermee
22:04:54,340.54,NEUTRE,0.0,0.38,-0.38,19.4,16,Neutre,Stable,Fermee
22:04:55,340.67,INCONFORT,-6.0,-5.58,-0.42,19.3,7,Neutre,Fronces,Fermee
22:04:55,340.74,NEUTRE,0.0,0.42,-0.42,19.4,14,Neutre,Stable,Fermee
22:04:55,340.8,NEUTRE,0.0,0.42,-0.42,19.5,17,Neutre,Stable,Fermee
22:04:55,340.96,NEUTRE,0.0,0.41,-0.41,19.5,6,Neutre,Stable,Fermee
22:04:55,341.03,NEUTRE,0.0,0.41,-0.41,19.6,14,Neutre,Stable,Fermee
22:04:55,341.09,NEUTRE,0.0,0.41,-0.41,19.6,17,Plisses,Stable,Fermee
22:04:55,341.22,NEUTRE,0.0,0.38,-0.38,19.7,7,Plisses,Stable,Fermee
22:04:55,341.28,NEUTRE,0.0,0.38,-0.38,19.7,15,Plisses,Stable,Fermee
22:04:55,341.35,NEUTRE,0.0,0.38,-0.38,19.8,15,Neutre,Stable,Fermee
22:04:55,341.47,NEUTRE,0.0,0.37,-0.37,19.9,8,Neutre,Stable,Fermee
22:04:55,341.55,NEUTRE,0.0,0.37,-0.37,19.9,13,Neutre,Stable,Fermee
22:04:55,341.6,NEUTRE,0.0,0.37,-0.37,20.0,16,Neutre,Stable,Fermee
22:04:56,341.72,NEUTRE,0.0,0.36,-0.36,20.0,8,Neutre,Stable,Fermee
22:04:56,341.79,NEUTRE,0.0,0.36,-0.36,20.1,14,Neutre,Stable,Fermee
22:04:56,341.85,NEUTRE,0.0,0.36,-0.36,20.1,16,Neutre,Stable,Fermee
22:04:56,341.97,NEUTRE,0.0,0.47,-0.47,20.2,8,Neutre,Stable,Fermee
22:04:56,342.03,NEUTRE,0.0,0.47,-0.47,20.2,16,Neutre,Stable,Fermee
22:04:56,342.1,NEUTRE,0.0,0.47,-0.47,20.2,14,Neutre,Stable,Fermee
22:04:56,342.24,NEUTRE,0.0,0.43,-0.43,20.3,7,Neutre,Stable,Fermee
22:04:56,342.31,NEUTRE,0.0,0.43,-0.43,20.3,13,Neutre,Stable,Fermee
22:04:56,342.38,NEUTRE,0.0,0.43,-0.43,20.4,14,Neutre,Stable,Fermee
22:04:56,342.49,NEUTRE,0.0,0.58,-0.58,20.4,9,Neutre,Stable,Fermee
22:04:56,342.56,NEUTRE,0.0,0.58,-0.58,20.5,14,Neutre,Stable,Fermee
22:04:57,342.62,NEUTRE,0.0,0.58,-0.58,20.5,15,Neutre,Stable,Fermee
22:04:57,342.75,NEUTRE,0.0,0.54,-0.54,20.5,8,Neutre,Stable,Fermee
22:04:57,342.81,INCONFORT,-6.0,-5.46,-0.54,20.5,15,Neutre,Fronces,Fermee
22:04:57,342.88,NEUTRE,0.0,0.54,-0.54,20.5,15,Neutre,Stable,Fermee
22:04:57,342.99,INCONFORT,-6.0,-5.56,-0.44,20.5,8,Neutre,Fronces,Fermee
22:04:57,343.06,INCONFORT,-6.0,-5.56,-0.44,20.4,15,Neutre,Fronces,Fermee
22:04:57,343.13,INCONFORT,-6.0,-5.56,-0.44,20.4,12,Neutre,Fronces,Fermee
22:04:57,343.26,INCONFORT,-6.0,-5.59,-0.41,20.3,8,Plisses,Fronces,Fermee
22:04:57,343.32,INCONFORT,-6.0,-5.59,-0.41,20.3,15,Plisses,Fronces,Fermee
22:04:57,343.38,INCONFORT,-6.0,-5.59,-0.41,20.2,17,Neutre,Fronces,Fermee
22:04:57,343.51,NEUTRE,0.0,0.41,-0.41,20.3,7,Neutre,Stable,Fermee
22:04:57,343.56,NEUTRE,0.0,0.41,-0.41,20.3,18,Neutre,Stable,Fermee
22:04:58,343.63,NEUTRE,0.0,0.41,-0.41,20.4,14,Neutre,Stable,Fermee
22:04:58,343.76,NEUTRE,0.0,0.45,-0.45,20.4,7,Neutre,Stable,Fermee
22:04:58,343.83,NEUTRE,0.0,0.45,-0.45,20.5,15,Neutre,Stable,Fermee
22:04:58,343.91,NEUTRE,0.0,0.45,-0.45,20.5,12,Neutre,Stable,Fermee
22:04:58,344.03,NEUTRE,0.0,0.33,-0.33,20.5,8,Neutre,Stable,Fermee
22:04:58,344.09,NEUTRE,0.0,0.33,-0.33,20.6,15,Neutre,Stable,Fermee
22:04:58,344.16,NEUTRE,0.0,0.33,-0.33,20.6,16,Neutre,Stable,Fermee
22:04:58,344.29,NEUTRE,0.0,0.41,-0.41,20.7,7,Neutre,Stable,Fermee
22:04:58,344.35,NEUTRE,0.0,0.41,-0.41,20.7,18,Neutre,Stable,Fermee
22:04:58,344.42,NEUTRE,0.0,0.41,-0.41,20.7,14,Neutre,Stable,Fermee
22:04:58,344.55,NEUTRE,0.0,0.38,-0.38,20.8,7,Neutre,Stable,Fermee
22:04:59,344.62,NEUTRE,0.0,0.38,-0.38,20.8,13,Neutre,Stable,Fermee
22:04:59,344.68,NEUTRE,0.0,0.38,-0.38,20.8,18,Neutre,Stable,Fermee
22:04:59,344.79,NEUTRE,0.0,0.31,-0.31,20.9,8,Neutre,Stable,Fermee
22:04:59,344.85,NEUTRE,0.0,0.31,-0.31,20.9,17,Neutre,Stable,Fermee
22:04:59,344.92,NEUTRE,0.0,0.31,-0.31,20.9,15,Neutre,Stable,Fermee
22:04:59,345.05,NEUTRE,0.0,0.28,-0.28,21.0,7,Neutre,Stable,Fermee
22:04:59,345.12,NEUTRE,0.0,0.28,-0.28,21.0,14,Neutre,Stable,Fermee
22:04:59,345.18,NEUTRE,0.0,0.28,-0.28,21.0,14,Neutre,Stable,Fermee
22:04:59,345.31,NEUTRE,0.0,0.35,-0.35,21.1,8,Neutre,Stable,Fermee
22:04:59,345.37,NEUTRE,0.0,0.35,-0.35,21.1,16,Neutre,Stable,Fermee
22:04:59,345.42,NEUTRE,0.0,0.35,-0.35,21.1,17,Neutre,Stable,Fermee
22:04:59,345.55,NEUTRE,0.0,0.32,-0.32,21.1,7,Neutre,Stable,Fermee
22:04:59,345.61,NEUTRE,0.0,0.32,-0.32,21.2,16,Neutre,Stable,Fermee
22:05:00,345.69,NEUTRE,0.0,0.32,-0.32,21.2,13,Neutre,Stable,Fermee
22:05:00,345.83,NEUTRE,0.0,0.3,-0.3,21.2,6,Neutre,Stable,Fermee
22:05:00,345.91,NEUTRE,0.0,0.3,-0.3,21.2,13,Neutre,Stable,Fermee
22:05:00,345.97,NEUTRE,0.0,0.3,-0.3,21.3,15,Neutre,Stable,Fermee
22:05:00,346.11,NEUTRE,0.0,0.35,-0.35,21.3,7,Neutre,Stable,Fermee
22:05:00,346.18,INCONFORT,-6.0,-5.65,-0.35,21.2,13,Neutre,Fronces,Fermee
22:05:00,346.25,NEUTRE,0.0,0.35,-0.35,21.3,13,Neutre,Stable,Fermee
22:05:00,346.37,NEUTRE,0.0,0.37,-0.37,21.3,8,Neutre,Stable,Fermee
22:05:00,346.43,NEUTRE,0.0,0.37,-0.37,21.3,16,Neutre,Stable,Fermee
22:05:00,346.5,NEUTRE,0.0,0.37,-0.37,21.3,15,Neutre,Stable,Fermee
22:05:01,346.64,NEUTRE,0.0,0.32,-0.32,21.4,6,Neutre,Stable,Fermee
22:05:01,346.71,NEUTRE,0.0,0.32,-0.32,21.4,15,Neutre,Stable,Fermee
22:05:01,346.78,NEUTRE,0.0,0.32,-0.32,21.4,14,Neutre,Stable,Fermee
22:05:01,346.92,NEUTRE,0.0,0.3,-0.3,21.4,6,Neutre,Stable,Fermee
22:05:01,346.98,NEUTRE,0.0,0.3,-0.3,21.4,15,Neutre,Stable,Fermee
22:05:01,347.04,NEUTRE,0.0,0.3,-0.3,21.5,16,Neutre,Stable,Fermee
22:05:01,347.18,NEUTRE,0.0,0.29,-0.29,21.5,7,Neutre,Stable,Fermee
22:05:01,347.25,INCONFORT,-6.0,-5.71,-0.29,21.4,15,Neutre,Fronces,Fermee
22:05:01,347.31,NEUTRE,0.0,0.29,-0.29,21.4,16,Neutre,Stable,Fermee
22:05:01,347.42,NEUTRE,0.0,0.31,-0.31,21.5,9,Neutre,Stable,Fermee
22:05:02,347.67,NEUTRE,0.0,0.31,-0.31,21.5,3,Neutre,Stable,Fermee
22:05:02,347.73,NEUTRE,0.0,0.31,-0.31,21.5,17,Neutre,Stable,Fermee
22:05:02,347.85,NEUTRE,0.0,0.31,-0.31,21.5,8,Neutre,Stable,Fermee
22:05:02,347.91,NEUTRE,0.0,0.31,-0.31,21.5,16,Neutre,Stable,Fermee
22:05:02,347.95,NEUTRE,0.0,0.31,-0.31,21.6,21,Neutre,Stable,Fermee
22:05:02,348.06,NEUTRE,0.0,0.32,-0.32,21.6,9,Neutre,Stable,Fermee
22:05:02,348.14,NEUTRE,0.0,0.32,-0.32,21.6,12,Neutre,Stable,Fermee
22:05:02,348.2,NEUTRE,0.0,0.32,-0.32,21.6,15,Neutre,Stable,Fermee
22:05:02,348.35,NEUTRE,0.0,0.36,-0.36,21.6,6,Neutre,Stable,Fermee
22:05:02,348.43,NEUTRE,0.0,0.36,-0.36,21.6,12,Neutre,Stable,Fermee
22:05:02,348.51,NEUTRE,0.0,0.36,-0.36,21.7,12,Neutre,Stable,Fermee
22:05:03,348.63,NEUTRE,0.0,0.32,-0.32,21.7,8,Neutre,Stable,Fermee
22:05:03,348.69,NEUTRE,0.0,0.32,-0.32,21.7,16,Neutre,Stable,Fermee
22:05:03,348.76,NEUTRE,0.0,0.32,-0.32,21.7,16,Neutre,Stable,Fermee
22:05:03,348.87,NEUTRE,0.0,0.3,-0.3,21.7,8,Neutre,Stable,Fermee
22:05:03,348.94,NEUTRE,0.0,0.3,-0.3,21.7,14,Neutre,Stable,Fermee
22:05:03,349.0,NEUTRE,0.0,0.3,-0.3,21.8,17,Neutre,Stable,Fermee
22:05:03,349.15,NEUTRE,0.0,0.42,-0.42,21.8,6,Plisses,Stable,Fermee
22:05:03,349.19,NEUTRE,0.0,0.42,-0.42,21.8,21,Plisses,Stable,Fermee
22:05:03,349.26,NEUTRE,0.0,0.42,-0.42,21.8,14,Plisses,Stable,Fermee
22:05:03,349.39,NEUTRE,0.0,0.42,-0.42,21.8,7,Plisses,Stable,Fermee
22:05:03,349.45,NEUTRE,0.0,0.42,-0.42,21.8,16,Plisses,Stable,Fermee
22:05:03,349.52,NEUTRE,0.0,0.42,-0.42,21.8,13,Neutre,Stable,Fermee
22:05:04,349.64,NEUTRE,0.0,0.42,-0.42,21.9,8,Plisses,Stable,Fermee
22:05:04,349.71,NEUTRE,0.0,0.42,-0.42,21.9,14,Neutre,Stable,Fermee
22:05:04,349.77,NEUTRE,0.0,0.42,-0.42,21.9,18,Neutre,Stable,Fermee
22:05:04,349.91,NEUTRE,0.0,0.39,-0.39,21.9,6,Neutre,Stable,Fermee
22:05:04,349.96,NEUTRE,0.0,0.39,-0.39,21.9,19,Neutre,Stable,Fermee
22:05:04,350.02,NEUTRE,0.0,0.39,-0.39,21.9,16,Neutre,Stable,Fermee
22:05:04,350.15,NEUTRE,0.0,0.39,-0.39,21.9,7,Plisses,Stable,Fermee
22:05:04,350.21,NEUTRE,0.0,0.39,-0.39,21.9,16,Neutre,Stable,Fermee
22:05:04,350.28,NEUTRE,0.0,0.39,-0.39,22.0,14,Neutre,Stable,Fermee
22:05:04,350.43,INCONFORT,-6.0,-5.55,-0.45,21.9,6,Neutre,Fronces,Fermee
22:05:04,350.51,NEUTRE,0.0,0.45,-0.45,21.9,12,Neutre,Stable,Fermee
22:05:04,350.58,NEUTRE,0.0,0.45,-0.45,21.9,13,Neutre,Stable,Fermee
22:05:05,350.72,NEUTRE,0.0,0.43,-0.43,21.9,7,Neutre,Stable,Fermee
22:05:05,350.79,NEUTRE,0.0,0.43,-0.43,21.9,13,Neutre,Stable,Fermee
22:05:05,350.85,NEUTRE,0.0,0.43,-0.43,21.9,16,Plisses,Stable,Fermee
22:05:05,350.99,INCONFORT,-4.0,-3.53,-0.47,21.9,7,Plisses,Stable,Grimace / Tension
22:05:05,351.07,NEUTRE,0.0,0.47,-0.47,21.9,12,Plisses,Stable,Fermee
22:05:05,351.13,INCONFORT,-4.0,-3.53,-0.47,21.8,17,Plisses,Stable,Grimace / Tension
22:05:05,351.29,INCONFORT,-4.0,-4.54,0.54,21.7,6,Plisses,Stable,Grimace / Tension
22:05:05,351.34,NEUTRE,-1.0,-1.54,0.54,21.7,17,Plisses,Fronces,Grand Sourire
22:05:05,351.4,INCONFORT,-10.0,-10.54,0.54,21.7,19,Plisses,Fronces,Grimace / Tension
22:05:05,351.53,NEUTRE,0.0,0.41,-0.41,21.7,7,Plisses,Stable,Fermee
22:05:05,351.58,INCONFORT,-6.0,-5.59,-0.41,21.6,19,Plisses,Fronces,Fermee
22:05:06,351.66,NEUTRE,0.0,0.41,-0.41,21.6,12,Plisses,Stable,Fermee
22:05:06,351.8,NEUTRE,0.0,0.38,-0.38,21.6,7,Plisses,Stable,Fermee
22:05:06,351.87,NEUTRE,0.0,0.38,-0.38,21.7,14,Plisses,Stable,Fermee
22:05:06,351.94,NEUTRE,0.0,0.38,-0.38,21.7,14,Plisses,Stable,Fermee
22:05:06,352.07,NEUTRE,0.0,0.58,-0.58,21.7,7,Plisses,Stable,Fermee
22:05:06,352.13,NEUTRE,0.0,0.58,-0.58,21.7,17,Plisses,Stable,Fermee
22:05:06,352.19,NEUTRE,0.0,0.58,-0.58,21.7,15,Plisses,Stable,Fermee
22:05:06,352.33,NEUTRE,0.0,0.65,-0.65,21.7,7,Neutre,Stable,Fermee
22:05:06,352.41,NEUTRE,0.0,0.65,-0.65,21.7,12,Plisses,Stable,Fermee
22:05:06,352.47,INCONFORT,-6.0,-5.35,-0.65,21.7,16,Plisses,Fronces,Fermee
22:05:06,352.6,NEUTRE,0.0,-0.4,0.4,21.7,7,Plisses,Stable,Fermee
22:05:07,352.66,NEUTRE,0.0,-0.4,0.4,21.7,15,Neutre,Stable,Fermee
22:05:07,352.74,NEUTRE,0.0,-0.4,0.4,21.7,12,Neutre,Stable,Fermee
22:05:07,352.87,NEUTRE,0.0,0.63,-0.63,21.7,7,Neutre,Stable,Fermee
22:05:07,352.94,NEUTRE,0.0,0.63,-0.63,21.8,13,Plisses,Stable,Fermee
22:05:07,353.0,NEUTRE,0.0,0.63,-0.63,21.8,19,Plisses,Stable,Fermee
22:05:07,353.14,NEUTRE,0.0,0.37,-0.37,21.8,6,Plisses,Stable,Fermee
22:05:07,353.21,NEUTRE,0.0,0.37,-0.37,21.8,14,Plisses,Stable,Fermee
22:05:07,353.28,NEUTRE,0.0,0.37,-0.37,21.8,13,Plisses,Stable,Parle
22:05:07,353.41,NEUTRE,0.0,0.41,-0.41,21.8,8,Plisses,Stable,Fermee
22:05:07,353.46,NEUTRE,0.0,0.41,-0.41,21.8,18,Plisses,Stable,Parle
22:05:07,353.53,NEUTRE,0.0,0.41,-0.41,21.9,14,Plisses,Stable,Fermee
22:05:08,353.66,NEUTRE,0.0,0.44,-0.44,21.9,7,Plisses,Stable,Parle
22:05:08,353.73,NEUTRE,0.0,0.44,-0.44,21.9,13,Plisses,Stable,Fermee
22:05:08,353.8,NEUTRE,0.0,0.44,-0.44,21.9,14,Plisses,Stable,Fermee
22:05:08,353.92,INCONFORT,-6.0,-5.51,-0.49,21.8,8,Plisses,Fronces,Fermee
22:05:08,353.98,NEUTRE,0.0,0.49,-0.49,21.8,16,Plisses,Stable,Fermee
22:05:08,354.05,NEUTRE,0.0,0.49,-0.49,21.8,13,Plisses,Stable,Fermee
22:05:08,354.19,INCONFORT,-6.0,-5.48,-0.52,21.8,7,Plisses,Fronces,Fermee
22:05:08,354.25,NEUTRE,0.0,0.52,-0.52,21.8,16,Plisses,Stable,Fermee
22:05:08,354.3,NEUTRE,0.0,0.52,-0.52,21.8,17,Plisses,Stable,Fermee
22:05:08,354.45,NEUTRE,0.0,0.51,-0.51,21.8,6,Plisses,Stable,Fermee
22:05:08,354.51,INCONFORT,-6.0,-5.49,-0.51,21.7,15,Plisses,Fronces,Fermee
22:05:08,354.57,INCONFORT,-6.0,-5.49,-0.51,21.7,17,Plisses,Fronces,Fermee
22:05:09,354.71,INCONFORT,-6.0,-5.46,-0.54,21.6,7,Plisses,Fronces,Fermee
22:05:09,354.77,INCONFORT,-6.0,-5.46,-0.54,21.5,14,Plisses,Fronces,Fermee
22:05:09,354.83,NEUTRE,0.0,0.54,-0.54,21.5,16,Plisses,Stable,Fermee
22:05:09,354.95,INCONFORT,-6.0,-5.57,-0.43,21.5,8,Plisses,Fronces,Fermee
22:05:09,355.2,INCONFORT,-6.0,-5.57,-0.43,21.4,4,Plisses,Fronces,Parle
22:05:09,355.25,INCONFORT,-6.0,-5.57,-0.43,21.3,19,Plisses,Fronces,Parle
22:05:09,355.37,INCONFORT,-6.0,-5.46,-0.54,21.3,8,Plisses,Fronces,Parle
22:05:09,355.43,INCONFORT,-10.0,-9.46,-0.54,21.2,18,Plisses,Fronces,Grimace / Tension
22:05:09,355.5,INCONFORT,-6.0,-5.46,-0.54,21.1,14,Plisses,Fronces,Parle
22:05:10,355.62,INCONFORT,-6.0,-5.37,-0.63,21.1,8,Plisses,Fronces,Parle
22:05:10,355.68,INCONFORT,-6.0,-5.37,-0.63,21.0,17,Plisses,Fronces,Parle
22:05:10,355.74,INCONFORT,-6.0,-5.37,-0.63,20.9,16,Plisses,Fronces,Parle
22:05:10,355.9,INCONFORT,-6.0,-5.4,-0.6,20.9,6,Plisses,Fronces,Parle
22:05:10,355.95,INCONFORT,-6.0,-5.4,-0.6,20.8,18,Plisses,Fronces,Parle
22:05:10,356.02,NEUTRE,0.0,0.6,-0.6,20.9,13,Plisses,Stable,Parle
22:05:10,356.17,NEUTRE,0.0,0.36,-0.36,20.9,7,Plisses,Stable,Fermee
22:05:10,356.23,NEUTRE,0.0,0.36,-0.36,20.9,15,Plisses,Stable,Fermee
22:05:10,356.29,NEUTRE,0.0,0.36,-0.36,21.0,16,Plisses,Stable,Fermee
22:05:10,356.44,NEUTRE,0.0,-0.32,0.32,21.0,6,Plisses,Stable,Fermee
22:05:10,356.5,NEUTRE,0.0,-0.32,0.32,21.0,14,Plisses,Stable,Fermee
22:05:10,356.57,NEUTRE,0.0,-0.32,0.32,21.0,15,Plisses,Stable,Fermee
22:05:11,356.71,NEUTRE,0.0,-0.31,0.31,21.1,7,Plisses,Stable,Fermee
22:05:11,356.79,NEUTRE,0.0,-0.31,0.31,21.1,12,Plisses,Stable,Fermee
22:05:11,356.86,NEUTRE,0.0,-0.31,0.31,21.1,13,Plisses,Stable,Fermee
22:05:11,357.0,NEUTRE,0.0,0.46,-0.46,21.2,6,Plisses,Stable,Fermee
22:05:11,357.06,NEUTRE,0.0,0.46,-0.46,21.2,16,Plisses,Stable,Fermee
22:05:11,357.14,NEUTRE,0.0,0.46,-0.46,21.2,12,Plisses,Stable,Fermee
22:05:11,357.3,NEUTRE,0.0,0.53,-0.53,21.2,6,Plisses,Stable,Fermee
22:05:11,357.38,NEUTRE,0.0,0.53,-0.53,21.3,12,Plisses,Stable,Fermee
22:05:11,357.45,NEUTRE,0.0,0.53,-0.53,21.3,13,Plisses,Stable,Fermee
22:05:11,357.57,NEUTRE,0.0,0.68,-0.68,21.3,8,Plisses,Stable,Fermee
22:05:12,357.63,NEUTRE,0.0,0.68,-0.68,21.3,16,Plisses,Stable,Fermee
22:05:12,357.7,NEUTRE,0.0,0.68,-0.68,21.4,15,Plisses,Stable,Fermee
22:05:12,357.85,NEUTRE,0.0,0.5,-0.5,21.4,6,Plisses,Stable,Fermee
22:05:12,357.9,NEUTRE,0.0,0.5,-0.5,21.4,18,Neutre,Stable,Fermee
22:05:12,357.96,NEUTRE,0.0,0.5,-0.5,21.4,15,Neutre,Stable,Fermee
22:05:12,358.1,NEUTRE,0.0,0.59,-0.59,21.4,7,Neutre,Stable,Fermee
22:05:12,358.17,NEUTRE,0.0,0.59,-0.59,21.5,14,Plisses,Stable,Fermee
22:05:12,358.22,NEUTRE,0.0,0.59,-0.59,21.5,18,Plisses,Stable,Fermee
22:05:12,358.35,NEUTRE,0.0,0.65,-0.65,21.5,8,Plisses,Stable,Fermee
22:05:12,358.42,NEUTRE,0.0,0.65,-0.65,21.5,13,Plisses,Stable,Fermee
22:05:12,358.48,NEUTRE,0.0,0.65,-0.65,21.5,15,Plisses,Stable,Fermee
22:05:13,358.62,NEUTRE,0.0,0.58,-0.58,21.6,7,Plisses,Stable,Fermee
22:05:13,358.7,NEUTRE,0.0,0.58,-0.58,21.6,12,Plisses,Stable,Fermee
22:05:13,358.78,NEUTRE,0.0,0.58,-0.58,21.6,12,Plisses,Stable,Parle
22:05:13,358.92,NEUTRE,0.0,0.53,-0.53,21.6,7,Plisses,Stable,Parle
22:05:13,358.98,NEUTRE,0.0,0.53,-0.53,21.6,16,Plisses,Stable,Parle
22:05:13,359.05,NEUTRE,0.0,0.53,-0.53,21.7,14,Plisses,Stable,Fermee
22:05:13,359.18,NEUTRE,0.0,0.4,-0.4,21.7,7,Neutre,Stable,Fermee
22:05:13,359.24,NEUTRE,0.0,0.4,-0.4,21.7,15,Neutre,Stable,Fermee
22:05:13,359.32,NEUTRE,0.0,0.4,-0.4,21.7,12,Plisses,Stable,Fermee
22:05:13,359.44,INCONFORT,-10.0,-10.4,0.4,21.6,8,Plisses,Fronces,Grimace / Tension
22:05:13,359.5,INCONFORT,-10.0,-10.4,0.4,21.6,14,Neutre,Fronces,Grimace / Tension
22:05:13,359.58,INCONFORT,-6.0,-6.4,0.4,21.5,13,Plisses,Fronces,Parle
22:05:14,359.71,INCONFORT,-10.0,-9.6,-0.4,21.4,7,Neutre,Fronces,Grimace / Tension
22:05:14,359.77,INCONFORT,-10.0,-9.6,-0.4,21.4,17,Neutre,Fronces,Grimace / Tension
22:05:14,359.82,INCONFORT,-10.0,-9.6,-0.4,21.3,18,Plisses,Fronces,Grimace / Tension
22:05:14,359.97,INCONFORT,-10.0,-10.27,0.27,21.2,6,Plisses,Fronces,Grimace / Tension
22:05:14,360.04,INCONFORT,-6.0,-6.27,0.27,21.2,14,Neutre,Fronces,Fermee
22:05:14,360.12,INCONFORT,-6.0,-6.27,0.27,21.1,12,Plisses,Fronces,Fermee
22:05:14,360.24,INCONFORT,-6.0,-5.73,-0.27,21.0,8,Plisses,Fronces,Fermee
22:05:14,360.29,INCONFORT,-10.0,-9.73,-0.27,21.0,20,Plisses,Fronces,Grimace / Tension
22:05:14,360.33,INCONFORT,-10.0,-9.73,-0.27,20.9,21,Neutre,Fronces,Grimace / Tension
22:05:14,360.5,INCONFORT,-10.0,-9.69,-0.31,20.9,6,Plisses,Fronces,Grimace / Tension
22:05:14,360.55,INCONFORT,-10.0,-9.69,-0.31,20.8,17,Plisses,Fronces,Grimace / Tension
22:05:14,360.6,INCONFORT,-10.0,-9.69,-0.31,20.7,20,Plisses,Fronces,Grimace / Tension
22:05:15,360.76,INCONFORT,-10.0,-9.76,-0.24,20.7,6,Plisses,Fronces,Grimace / Tension
22:05:15,360.82,INCONFORT,-6.0,-5.76,-0.24,20.6,15,Neutre,Fronces,Fermee
22:05:15,360.88,INCONFORT,-10.0,-9.76,-0.24,20.6,17,Neutre,Fronces,Grimace / Tension
22:05:15,361.02,INCONFORT,-10.0,-9.73,-0.27,20.5,7,Neutre,Fronces,Grimace / Tension
22:05:15,361.09,INCONFORT,-6.0,-5.73,-0.27,20.5,14,Neutre,Fronces,Parle
22:05:15,361.15,INCONFORT,-6.0,-5.73,-0.27,20.4,17,Plisses,Fronces,Fermee
22:05:15,361.28,INCONFORT,-6.0,-5.49,-0.51,20.4,7,Plisses,Fronces,Fermee
22:05:15,361.34,INCONFORT,-6.0,-5.49,-0.51,20.3,16,Neutre,Fronces,Fermee
22:05:15,361.4,INCONFORT,-6.0,-5.49,-0.51,20.3,16,Neutre,Fronces,Fermee
22:05:15,361.52,INCONFORT,-6.0,-5.67,-0.33,20.2,7,Neutre,Fronces,Fermee
22:05:15,361.58,INCONFORT,-10.0,-9.67,-0.33,20.2,16,Plisses,Fronces,Grimace / Tension
22:05:16,361.64,NEUTRE,0.0,0.33,-0.33,20.2,15,Plisses,Stable,Parle
22:05:16,361.79,INCONFORT,-5.0,-4.57,-0.43,20.2,6,Plisses,Stable,Baillement
22:05:16,361.85,NEUTRE,0.0,0.43,-0.43,20.2,16,Plisses,Stable,Parle
22:05:16,361.92,NEUTRE,0.0,0.43,-0.43,20.3,14,Plisses,Stable,Parle
22:05:16,362.03,NEUTRE,0.0,0.43,-0.43,20.3,9,Plisses,Stable,Fermee
22:05:16,362.09,NEUTRE,0.0,0.43,-0.43,20.4,15,Plisses,Stable,Fermee
22:05:16,362.15,NEUTRE,0.0,0.43,-0.43,20.4,17,Plisses,Stable,Parle
22:05:16,362.28,INCONFORT,-4.0,-3.64,-0.36,20.4,7,Neutre,Stable,Grimace / Tension
22:05:16,362.33,NEUTRE,0.0,0.36,-0.36,20.4,17,Neutre,Stable,Fermee
22:05:16,362.56,NEUTRE,0.0,0.36,-0.36,20.5,4,Ecarquilles,Stable,Fermee
22:05:17,362.69,INCONFORT,-4.0,-4.32,0.32,20.4,7,Neutre,Stable,Grimace / Tension
22:05:17,362.77,INCONFORT,-10.0,-10.32,0.32,20.4,13,Neutre,Fronces,Grimace / Tension
22:05:17,362.83,INCONFORT,-10.0,-10.32,0.32,20.3,16,Neutre,Fronces,Grimace / Tension
22:05:17,362.99,INCONFORT,-10.0,-9.68,-0.32,20.3,6,Neutre,Fronces,Grimace / Tension
22:05:17,363.06,INCONFORT,-10.0,-9.68,-0.32,20.2,15,Plisses,Fronces,Grimace / Tension
22:05:17,363.13,INCONFORT,-10.0,-9.68,-0.32,20.2,13,Plisses,Fronces,Grimace / Tension
22:05:17,363.27,INCONFORT,-10.0,-9.68,-0.32,20.1,7,Plisses,Fronces,Grimace / Tension
22:05:17,363.32,INCONFORT,-10.0,-9.68,-0.32,20.1,18,Neutre,Fronces,Grimace / Tension
22:05:17,363.39,INCONFORT,-10.0,-9.68,-0.32,20.0,14,Plisses,Fronces,Grimace / Tension
22:05:17,363.54,INCONFORT,-10.0,-9.71,-0.29,20.0,6,Plisses,Fronces,Grimace / Tension
22:05:17,363.62,INCONFORT,-4.0,-3.71,-0.29,20.0,13,Neutre,Stable,Grimace / Tension
22:05:18,363.67,INCONFORT,-4.0,-3.71,-0.29,19.9,17,Neutre,Stable,Grimace / Tension
22:05:18,363.79,INCONFORT,-4.0,-3.7,-0.3,19.9,8,Neutre,Stable,Grimace / Tension
22:05:18,363.85,INCONFORT,-4.0,-3.7,-0.3,19.8,17,Neutre,Stable,Grimace / Tension
22:05:18,363.92,INCONFORT,-10.0,-9.7,-0.3,19.8,14,Neutre,Fronces,Grimace / Tension
22:05:18,364.08,INCONFORT,-4.0,-3.73,-0.27,19.8,6,Neutre,Stable,Grimace / Tension
22:05:18,364.15,INCONFORT,-10.0,-9.73,-0.27,19.7,13,Neutre,Fronces,Grimace / Tension
22:05:18,364.22,INCONFORT,-4.0,-3.73,-0.27,19.7,14,Neutre,Stable,Grimace / Tension
22:05:18,364.35,INCONFORT,-4.0,-4.28,0.28,19.7,7,Plisses,Stable,Grimace / Tension
22:05:18,364.41,INCONFORT,-4.0,-4.28,0.28,19.6,18,Neutre,Stable,Grimace / Tension
22:05:18,364.47,INCONFORT,-10.0,-10.28,0.28,19.6,17,Neutre,Fronces,Grimace / Tension
22:05:18,364.6,INCONFORT,-4.0,-3.7,-0.3,19.6,7,Neutre,Stable,Grimace / Tension
22:05:19,364.66,INCONFORT,-4.0,-3.7,-0.3,19.5,17,Neutre,Releves,Grimace / Tension
22:05:19,364.73,INCONFORT,-4.0,-3.7,-0.3,19.5,15,Neutre,Stable,Grimace / Tension
22:05:19,364.87,INCONFORT,-4.0,-3.68,-0.32,19.5,7,Neutre,Releves,Grimace / Tension
22:05:19,364.93,INCONFORT,-4.0,-3.68,-0.32,19.4,15,Neutre,Releves,Grimace / Tension
22:05:19,364.99,INCONFORT,-4.0,-3.68,-0.32,19.4,18,Neutre,Releves,Grimace / Tension
22:05:19,365.14,INCONFORT,-4.0,-3.66,-0.34,19.4,6,Ecarquilles,Releves,Grimace / Tension
22:05:19,365.22,INCONFORT,-4.0,-3.66,-0.34,19.4,13,Neutre,Releves,Grimace / Tension
22:05:19,365.29,INCONFORT,-4.0,-3.66,-0.34,19.3,13,Ecarquilles,Stable,Grimace / Tension
22:05:19,365.45,INCONFORT,-4.0,-3.69,-0.31,19.3,6,Neutre,Releves,Grimace / Tension
22:05:19,365.53,INCONFORT,-4.0,-3.69,-0.31,19.3,12,Neutre,Releves,Grimace / Tension
22:05:19,365.59,INCONFORT,-4.0,-3.69,-0.31,19.3,15,Neutre,Releves,Grimace / Tension
22:05:20,365.75,INCONFORT,-4.0,-3.66,-0.34,19.2,6,Neutre,Releves,Grimace / Tension
22:05:20,365.81,NEUTRE,0.0,0.34,-0.34,19.3,16,Neutre,Stable,Parle
22:05:20,365.88,INCONFORT,-4.0,-3.66,-0.34,19.3,15,Neutre,Releves,Grimace / Tension
22:05:20,366.03,INCONFORT,-4.0,-3.65,-0.35,19.2,6,Ecarquilles,Releves,Grimace / Tension
22:05:20,366.12,INCONFORT,-4.0,-3.65,-0.35,19.2,11,Ecarquilles,Releves,Grimace / Tension
22:05:20,366.19,INCONFORT,-4.0,-3.65,-0.35,19.2,13,Ecarquilles,Releves,Grimace / Tension
22:05:20,366.33,INCONFORT,-4.0,-4.3,0.3,19.2,7,Ecarquilles,Releves,Grimace / Tension
22:05:20,366.38,INCONFORT,-4.0,-4.3,0.3,19.2,16,Ecarquilles,Releves,Grimace / Tension
22:05:20,366.44,INCONFORT,-4.0,-4.3,0.3,19.1,17,Ecarquilles,Releves,Grimace / Tension
22:05:20,366.61,INCONFORT,-4.0,-4.45,0.45,19.1,6,Ecarquilles,Releves,Grimace / Tension
22:05:21,366.66,INCONFORT,-4.0,-4.45,0.45,19.1,18,Neutre,Releves,Grimace / Tension
22:05:21,366.72,INCONFORT,-4.0,-4.45,0.45,19.1,17,Neutre,Releves,Grimace / Tension
22:05:21,366.87,INCONFORT,-4.0,-4.44,0.44,19.0,6,Neutre,Releves,Grimace / Tension
22:05:21,366.96,INCONFORT,-4.0,-4.44,0.44,19.0,10,Ecarquilles,Releves,Grimace / Tension
22:05:21,367.05,INCONFORT,-4.0,-4.44,0.44,19.0,11,Ecarquilles,Releves,Grimace / Tension
22:05:21,367.19,INCONFORT,-4.0,-4.33,0.33,19.0,7,Ecarquilles,Releves,Grimace / Tension
22:05:21,367.25,INCONFORT,-4.0,-4.33,0.33,19.0,14,Neutre,Releves,Grimace / Tension
22:05:21,367.31,INCONFORT,-4.0,-4.33,0.33,18.9,16,Ecarquilles,Releves,Grimace / Tension
22:05:21,367.5,INCONFORT,-4.0,-4.34,0.34,18.9,5,Ecarquilles,Releves,Grimace / Tension
22:05:21,367.58,INCONFORT,-4.0,-4.34,0.34,18.9,12,Ecarquilles,Releves,Grimace / Tension
22:05:22,367.65,INCONFORT,-4.0,-4.34,0.34,18.9,13,Ecarquilles,Releves,Grimace / Tension
22:05:22,367.76,INCONFORT,-4.0,-3.69,-0.31,18.9,9,Neutre,Releves,Grimace / Tension
22:05:22,367.83,NEUTRE,0.0,0.31,-0.31,18.9,15,Plisses,Stable,Parle
22:05:22,367.88,INCONFORT,-5.0,-4.69,-0.31,18.9,17,Plisses,Stable,Baillement
22:05:22,368.03,INCONFORT,-5.0,-4.67,-0.33,18.9,6,Plisses,Releves,Baillement
22:05:22,368.09,INCONFORT,-5.0,-4.67,-0.33,18.9,15,Plisses,Releves,Baillement
22:05:22,368.16,NEUTRE,0.0,0.33,-0.33,19.0,16,Plisses,Releves,Parle
22:05:22,368.31,INCONFORT,-5.0,-4.62,-0.38,18.9,6,Neutre,Stable,Baillement
22:05:22,368.4,NEUTRE,0.0,0.38,-0.38,19.0,12,Neutre,Stable,Parle
22:05:22,368.47,NEUTRE,0.0,0.38,-0.38,19.1,13,Neutre,Stable,Parle
22:05:22,368.6,NEUTRE,0.0,0.42,-0.42,19.1,7,Plisses,Stable,Parle
22:05:23,368.68,NEUTRE,0.0,0.42,-0.42,19.2,14,Plisses,Stable,Parle
22:05:23,368.73,NEUTRE,0.0,0.42,-0.42,19.3,19,Plisses,Stable,Parle
22:05:23,368.89,NEUTRE,0.0,0.45,-0.45,19.3,6,Plisses,Stable,Parle
22:05:23,368.94,NEUTRE,0.0,0.45,-0.45,19.4,19,Plisses,Stable,Parle
22:05:23,369.0,NEUTRE,0.0,0.45,-0.45,19.5,17,Plisses,Stable,Parle
22:05:23,369.13,NEUTRE,0.0,0.46,-0.46,19.5,7,Plisses,Releves,Parle
22:05:23,369.19,NEUTRE,0.0,0.46,-0.46,19.6,16,Plisses,Stable,Parle
22:05:23,369.25,INCONFORT,-4.0,-3.54,-0.46,19.6,16,Plisses,Releves,Grimace / Tension
22:05:23,369.4,NEUTRE,0.0,-0.31,0.31,19.6,6,Neutre,Releves,Parle
22:05:23,369.46,INCONFORT,-4.0,-4.31,0.31,19.6,14,Neutre,Stable,Grimace / Tension
22:05:23,369.53,INCONFORT,-4.0,-4.31,0.31,19.6,15,Neutre,Stable,Grimace / Tension
22:05:24,369.68,INCONFORT,-4.0,-4.31,0.31,19.5,6,Neutre,Stable,Grimace / Tension
22:05:24,369.75,INCONFORT,-4.0,-4.31,0.31,19.5,13,Neutre,Stable,Grimace / Tension
22:05:24,369.82,INCONFORT,-10.0,-10.31,0.31,19.5,15,Ecarquilles,Fronces,Grimace / Tension
22:05:24,369.96,INCONFORT,-10.0,-10.25,0.25,19.4,7,Ecarquilles,Fronces,Grimace / Tension
22:05:24,370.02,INCONFORT,-10.0,-10.25,0.25,19.4,16,Neutre,Fronces,Grimace / Tension
22:05:24,370.09,INCONFORT,-10.0,-10.25,0.25,19.4,13,Neutre,Fronces,Grimace / Tension
22:05:24,370.24,INCONFORT,-10.0,-10.28,0.28,19.3,6,Neutre,Fronces,Grimace / Tension
22:05:24,370.49,INCONFORT,-10.0,-10.28,0.28,19.3,3,Ecarquilles,Fronces,Grimace / Tension
22:05:24,370.54,INCONFORT,-4.0,-4.28,0.28,19.3,19,Neutre,Stable,Grimace / Tension
22:05:25,370.63,INCONFORT,-6.0,-6.35,0.35,19.3,11,Neutre,Fronces,Fermee
22:05:25,370.69,NEUTRE,0.0,-0.35,0.35,19.3,16,Plisses,Stable,Fermee
22:05:25,370.76,NEUTRE,0.0,-0.35,0.35,19.4,15,Plisses,Releves,Parle
22:05:25,370.89,NEUTRE,0.0,0.33,-0.33,19.5,7,Plisses,Stable,Fermee
22:05:25,370.97,NEUTRE,0.0,0.33,-0.33,19.5,13,Plisses,Stable,Parle
22:05:25,371.04,NEUTRE,0.0,0.33,-0.33,19.6,13,Plisses,Stable,Fermee
22:05:25,371.17,NEUTRE,0.0,-0.29,0.29,19.6,7,Plisses,Stable,Fermee
22:05:25,371.25,NEUTRE,0.0,-0.29,0.29,19.7,11,Plisses,Stable,Fermee
22:05:25,371.31,NEUTRE,0.0,-0.29,0.29,19.8,17,Plisses,Stable,Fermee
22:05:25,371.45,NEUTRE,0.0,-0.33,0.33,19.8,7,Plisses,Stable,Fermee
22:05:25,371.52,NEUTRE,0.0,-0.33,0.33,19.9,14,Plisses,Stable,Parle
22:05:25,371.58,NEUTRE,0.0,-0.33,0.33,19.9,16,Plisses,Stable,Parle
22:05:26,371.73,NEUTRE,0.0,0.28,-0.28,20.0,6,Plisses,Stable,Fermee
22:05:26,371.78,NEUTRE,0.0,0.28,-0.28,20.0,20,Plisses,Stable,Fermee
22:05:26,371.85,NEUTRE,0.0,0.28,-0.28,20.1,13,Plisses,Releves,Fermee
22:05:26,371.97,NEUTRE,0.0,0.67,-0.67,20.1,8,Plisses,Releves,Fermee
22:05:26,372.02,NEUTRE,0.0,0.67,-0.67,20.2,19,Plisses,Stable,Fermee
22:05:26,372.07,NEUTRE,0.0,0.67,-0.67,20.2,19,Plisses,Stable,Fermee
22:05:26,372.21,NEUTRE,0.0,0.49,-0.49,20.3,7,Plisses,Stable,Parle
22:05:26,372.28,NEUTRE,0.0,0.49,-0.49,20.3,14,Plisses,Stable,Fermee
22:05:26,372.35,NEUTRE,0.0,0.49,-0.49,20.3,14,Plisses,Stable,Fermee
22:05:26,372.47,NEUTRE,0.0,0.51,-0.51,20.4,8,Plisses,Stable,Fermee
22:05:26,372.52,NEUTRE,0.0,0.51,-0.51,20.4,23,Plisses,Stable,Fermee
22:05:26,372.58,NEUTRE,0.0,0.51,-0.51,20.5,15,Plisses,Stable,Fermee
22:05:27,372.71,NEUTRE,0.0,0.53,-0.53,20.5,7,Plisses,Stable,Fermee
22:05:27,372.76,NEUTRE,0.0,0.53,-0.53,20.5,20,Plisses,Stable,Fermee
22:05:27,372.82,NEUTRE,0.0,0.53,-0.53,20.6,16,Plisses,Stable,Fermee
22:05:27,372.99,NEUTRE,0.0,0.58,-0.58,20.6,6,Plisses,Stable,Fermee
22:05:27,373.04,NEUTRE,0.0,0.58,-0.58,20.7,17,Plisses,Stable,Fermee
22:05:27,373.15,NEUTRE,0.0,0.58,-0.58,20.7,9,Plisses,Stable,Fermee
22:05:27,373.27,INCONFORT,-6.0,-6.33,0.33,20.6,7,Plisses,Fronces,Fermee
22:05:27,373.35,NEUTRE,0.0,-0.33,0.33,20.7,13,Plisses,Stable,Parle
22:05:27,373.41,NEUTRE,0.0,-0.33,0.33,20.7,16,Plisses,Stable,Parle
22:05:27,373.52,NEUTRE,0.0,-0.31,0.31,20.8,8,Plisses,Stable,Fermee
22:05:27,373.58,NEUTRE,0.0,-0.31,0.31,20.8,16,Plisses,Stable,Fermee
22:05:28,373.66,NEUTRE,0.0,-0.31,0.31,20.8,13,Plisses,Stable,Fermee
22:05:28,373.79,NEUTRE,0.0,0.34,-0.34,20.9,7,Plisses,Stable,Fermee
22:05:28,373.85,NEUTRE,0.0,0.34,-0.34,20.9,16,Plisses,Stable,Fermee
22:05:28,373.92,NEUTRE,0.0,0.34,-0.34,20.9,15,Plisses,Stable,Parle
22:05:28,374.08,NEUTRE,0.0,0.34,-0.34,21.0,6,Plisses,Stable,Fermee
22:05:28,374.15,NEUTRE,0.0,0.34,-0.34,21.0,14,Plisses,Stable,Parle
22:05:28,374.22,NEUTRE,0.0,0.34,-0.34,21.0,13,Plisses,Stable,Parle
22:05:28,374.41,NEUTRE,0.0,0.67,-0.67,21.0,5,Plisses,Stable,Parle
22:05:28,374.47,NEUTRE,0.0,0.67,-0.67,21.1,17,Plisses,Stable,Parle
22:05:28,374.52,NEUTRE,0.0,0.67,-0.67,21.1,16,Plisses,Stable,Parle
22:05:29,374.66,NEUTRE,0.0,0.44,-0.44,21.1,7,Plisses,Stable,Parle
22:05:29,374.73,NEUTRE,0.0,0.44,-0.44,21.2,15,Neutre,Stable,Parle
22:05:29,374.79,NEUTRE,0.0,0.44,-0.44,21.2,15,Plisses,Stable,Parle
22:05:29,374.92,NEUTRE,0.0,0.34,-0.34,21.2,7,Plisses,Stable,Parle
22:05:29,374.98,NEUTRE,0.0,0.34,-0.34,21.2,15,Plisses,Stable,Parle
22:05:29,375.06,NEUTRE,0.0,0.34,-0.34,21.3,13,Plisses,Stable,Parle
22:05:29,375.19,NEUTRE,0.0,0.43,-0.43,21.3,7,Plisses,Releves,Fermee
22:05:29,375.24,NEUTRE,0.0,0.43,-0.43,21.3,19,Plisses,Stable,Parle
22:05:29,375.28,NEUTRE,0.0,0.43,-0.43,21.3,20,Plisses,Stable,Parle
22:05:29,375.42,NEUTRE,0.0,0.35,-0.35,21.4,7,Plisses,Releves,Parle
22:05:29,375.5,NEUTRE,0.0,0.35,-0.35,21.4,12,Plisses,Stable,Fermee
22:05:29,375.55,NEUTRE,0.0,0.35,-0.35,21.4,19,Plisses,Stable,Fermee
22:05:30,375.66,NEUTRE,0.0,0.32,-0.32,21.4,8,Plisses,Stable,Fermee
22:05:30,375.72,INCONFORT,-4.0,-3.68,-0.32,21.4,18,Plisses,Stable,Grimace / Tension
22:05:30,375.78,NEUTRE,0.0,0.32,-0.32,21.4,17,Plisses,Stable,Parle
22:05:30,375.92,NEUTRE,0.0,0.31,-0.31,21.4,6,Plisses,Stable,Parle
22:05:30,375.98,NEUTRE,0.0,0.31,-0.31,21.4,15,Neutre,Stable,Parle
22:05:30,376.05,NEUTRE,0.0,0.31,-0.31,21.4,15,Neutre,Stable,Parle
22:05:30,376.21,NEUTRE,0.0,0.44,-0.44,21.5,6,Neutre,Stable,Fermee
22:05:30,376.27,NEUTRE,0.0,0.44,-0.44,21.5,16,Neutre,Stable,Fermee
22:05:30,376.36,NEUTRE,0.0,0.44,-0.44,21.5,11,Neutre,Stable,Fermee
22:05:30,376.53,NEUTRE,0.0,0.39,-0.39,21.5,5,Neutre,Stable,Fermee
22:05:30,376.6,NEUTRE,0.0,0.39,-0.39,21.5,13,Plisses,Stable,Fermee
22:05:31,376.67,NEUTRE,0.0,0.39,-0.39,21.6,13,Plisses,Stable,Fermee
22:05:31,376.88,NEUTRE,0.0,0.46,-0.46,21.6,4,Plisses,Stable,Fermee
22:05:31,376.95,NEUTRE,0.0,0.46,-0.46,21.6,15,Plisses,Stable,Fermee
22:05:31,377.01,NEUTRE,0.0,0.46,-0.46,21.6,17,Plisses,Stable,Fermee
22:05:31,377.16,NEUTRE,0.0,0.49,-0.49,21.6,6,Plisses,Stable,Fermee
22:05:31,377.23,NEUTRE,0.0,0.49,-0.49,21.7,14,Plisses,Stable,Fermee
22:05:31,377.3,NEUTRE,0.0,0.49,-0.49,21.7,14,Plisses,Stable,Fermee
22:05:31,377.45,NEUTRE,0.0,0.52,-0.52,21.7,6,Plisses,Stable,Fermee
22:05:31,377.52,NEUTRE,0.0,0.52,-0.52,21.7,13,Plisses,Stable,Fermee
22:05:31,377.6,NEUTRE,0.0,0.52,-0.52,21.7,13,Plisses,Stable,Fermee
22:05:32,377.73,NEUTRE,0.0,0.51,-0.51,21.7,7,Plisses,Stable,Fermee
22:05:32,377.78,NEUTRE,0.0,0.51,-0.51,21.8,16,Plisses,Stable,Fermee
22:05:32,377.84,NEUTRE,0.0,0.51,-0.51,21.8,19,Plisses,Stable,Fermee
22:05:32,377.94,NEUTRE,0.0,0.46,-0.46,21.8,10,Plisses,Stable,Fermee
22:05:32,378.17,NEUTRE,0.0,0.46,-0.46,21.8,4,Plisses,Stable,Fermee
22:05:32,378.21,NEUTRE,0.0,0.46,-0.46,21.8,29,Plisses,Stable,Fermee
22:05:32,378.3,NEUTRE,0.0,0.4,-0.4,21.8,10,Plisses,Stable,Fermee
22:05:32,378.35,NEUTRE,0.0,0.4,-0.4,21.8,19,Plisses,Stable,Fermee
22:05:32,378.4,NEUTRE,0.0,0.4,-0.4,21.9,19,Plisses,Stable,Fermee
22:05:32,378.49,NEUTRE,0.0,0.44,-0.44,21.9,10,Plisses,Stable,Fermee
22:05:32,378.55,NEUTRE,0.0,0.44,-0.44,21.9,19,Plisses,Stable,Fermee
22:05:32,378.59,NEUTRE,0.0,0.44,-0.44,21.9,20,Plisses,Stable,Fermee
22:05:33,378.7,NEUTRE,0.0,0.42,-0.42,21.9,9,Plisses,Stable,Fermee
14:07:51,29.12,NEUTRE,0.0,0.0,-0.0,21.0,0,Neutre,Stable,Fermee
14:07:51,29.28,NEUTRE,0.0,0.8,-0.8,21.1,6,Neutre,Stable,Fermee
14:07:51,29.31,NEUTRE,0.0,0.8,-0.8,21.1,28,Neutre,Stable,Fermee
14:07:51,29.34,NEUTRE,0.0,0.8,-0.8,21.1,30,Neutre,Stable,Fermee
14:07:51,29.41,NEUTRE,0.0,0.89,-0.89,21.1,14,Neutre,Stable,Fermee
14:07:51,29.44,NEUTRE,0.0,0.89,-0.89,21.2,39,Neutre,Stable,Fermee
14:07:51,29.47,NEUTRE,0.0,0.89,-0.89,21.2,29,Neutre,Stable,Fermee
14:07:51,29.53,NEUTRE,0.0,0.83,-0.83,21.2,17,Neutre,Stable,Fermee
14:07:51,29.57,NEUTRE,0.0,0.83,-0.83,21.2,25,Neutre,Stable,Fermee
14:07:51,29.6,NEUTRE,0.0,0.83,-0.83,21.3,32,Neutre,Stable,Fermee
14:07:51,29.65,NEUTRE,0.0,0.87,-0.87,21.3,18,Neutre,Stable,Fermee
14:07:51,29.7,NEUTRE,0.0,0.87,-0.87,21.3,24,Neutre,Stable,Fermee
14:07:51,29.72,NEUTRE,0.0,0.87,-0.87,21.3,37,Neutre,Stable,Fermee
14:07:51,29.78,NEUTRE,0.0,0.77,-0.77,21.4,19,Neutre,Stable,Fermee
14:07:51,29.81,NEUTRE,0.0,0.77,-0.77,21.4,32,Neutre,Stable,Fermee
14:07:51,29.83,NEUTRE,0.0,0.77,-0.77,21.4,37,Neutre,Stable,Fermee
14:07:51,29.88,NEUTRE,0.0,0.88,-0.88,21.4,19,Neutre,Stable,Fermee
14:07:51,29.91,NEUTRE,0.0,0.88,-0.88,21.5,39,Neutre,Stable,Fermee
14:07:51,29.93,NEUTRE,0.0,0.88,-0.88,21.5,40,Neutre,Stable,Fermee
14:07:52,29.99,NEUTRE,0.0,0.85,-0.85,21.5,18,Neutre,Stable,Fermee
14:07:52,30.03,NEUTRE,0.0,0.85,-0.85,21.5,24,Neutre,Stable,Fermee
14:07:52,30.05,NEUTRE,0.0,0.85,-0.85,21.5,39,Neutre,Stable,Fermee
14:07:52,30.11,CONFORT,5.0,5.91,-0.91,21.5,16,Neutre,Stable,Sourire leger
14:07:52,30.16,CONFORT,5.0,5.91,-0.91,21.5,22,Neutre,Stable,Grand Sourire
14:07:52,30.18,CONFORT,5.0,5.91,-0.91,21.5,39,Neutre,Stable,Grand Sourire
14:07:52,30.24,CONFORT,8.0,7.02,0.98,21.5,17,Neutre,Stable,Grand Sourire
14:07:52,30.26,CONFORT,8.0,7.02,0.98,21.5,39,Neutre,Stable,Grand Sourire
14:07:52,30.3,CONFORT,8.0,7.02,0.98,21.5,28,Neutre,Stable,Grand Sourire
14:07:52,30.35,CONFORT,8.0,7.03,0.97,21.5,21,Neutre,Stable,Grand Sourire
14:07:52,30.37,CONFORT,8.0,7.03,0.97,21.5,35,Neutre,Stable,Grand Sourire
14:07:52,30.4,CONFORT,8.0,7.03,0.97,21.4,43,Neutre,Stable,Grand Sourire
14:07:52,30.44,CONFORT,8.0,7.03,0.97,21.4,21,Neutre,Stable,Grand Sourire
14:07:52,30.49,CONFORT,8.0,7.03,0.97,21.4,22,Neutre,Stable,Grand Sourire
14:07:52,30.52,CONFORT,8.0,7.03,0.97,21.4,37,Neutre,Stable,Grand Sourire
14:07:52,30.56,CONFORT,8.0,7.02,0.98,21.4,21,Neutre,Stable,Grand Sourire
14:07:52,30.6,CONFORT,8.0,7.02,0.98,21.4,26,Neutre,Stable,Grand Sourire
14:07:52,30.63,CONFORT,8.0,7.02,0.98,21.4,34,Neutre,Stable,Grand Sourire
14:07:52,30.68,CONFORT,8.0,7.03,0.97,21.4,19,Neutre,Stable,Grand Sourire
14:07:52,30.72,CONFORT,8.0,7.03,0.97,21.4,24,Neutre,Stable,Grand Sourire
14:07:52,30.85,CONFORT,8.0,7.03,0.97,21.4,7,Neutre,Stable,Grand Sourire
14:07:52,30.9,CONFORT,8.0,7.11,0.89,21.4,22,Neutre,Stable,Grand Sourire
14:07:52,30.92,NEUTRE,-1.0,-1.89,0.89,21.4,36,Neutre,Stable,Grimace / Tension
14:07:52,30.95,NEUTRE,-1.0,-1.89,0.89,21.4,41,Neutre,Stable,Grimace / Tension
14:07:53,31.01,NEUTRE,0.0,0.74,-0.74,21.4,15,Neutre,Stable,Parle
14:07:53,31.05,NEUTRE,0.0,0.74,-0.74,21.5,24,Neutre,Stable,Parle
14:07:53,31.08,NEUTRE,0.0,0.74,-0.74,21.5,33,Neutre,Stable,Parle
14:07:53,31.14,NEUTRE,0.0,0.86,-0.86,21.5,17,Neutre,Stable,Parle
14:07:53,31.18,NEUTRE,0.0,0.86,-0.86,21.5,25,Neutre,Stable,Parle
14:07:53,31.21,NEUTRE,0.0,0.86,-0.86,21.5,32,Neutre,Stable,Parle
14:07:53,31.26,NEUTRE,0.0,0.86,-0.86,21.6,19,Neutre,Stable,Parle
14:07:53,31.29,NEUTRE,0.0,0.86,-0.86,21.6,37,Neutre,Stable,Fermee
14:07:53,31.32,NEUTRE,0.0,0.86,-0.86,21.6,33,Neutre,Stable,Fermee
14:07:53,31.36,NEUTRE,0.0,0.89,-0.89,21.6,22,Neutre,Stable,Fermee
14:07:53,31.4,NEUTRE,0.0,0.89,-0.89,21.6,25,Neutre,Stable,Fermee
14:07:53,31.42,NEUTRE,0.0,0.89,-0.89,21.6,41,Neutre,Stable,Fermee
14:07:53,31.48,NEUTRE,0.0,0.81,-0.81,21.7,16,Neutre,Stable,Fermee
14:07:53,31.52,NEUTRE,0.0,0.81,-0.81,21.7,25,Neutre,Stable,Fermee
14:07:53,31.55,CONFORT,5.0,5.81,-0.81,21.7,41,Neutre,Stable,Sourire leger
14:07:53,31.59,CONFORT,5.0,5.83,-0.83,21.7,21,Neutre,Stable,Sourire leger
14:07:53,31.61,CONFORT,5.0,5.83,-0.83,21.6,45,Neutre,Stable,Sourire leger
14:07:53,31.65,CONFORT,5.0,5.83,-0.83,21.6,27,Neutre,Stable,Sourire leger
14:07:53,31.71,CONFORT,5.0,5.86,-0.86,21.6,17,Neutre,Stable,Sourire leger
14:07:53,31.73,CONFORT,5.0,5.86,-0.86,21.6,38,Neutre,Stable,Sourire leger
14:07:53,31.76,CONFORT,5.0,5.86,-0.86,21.6,39,Neutre,Stable,Sourire leger
14:07:53,31.81,CONFORT,5.0,5.81,-0.81,21.6,18,Neutre,Stable,Sourire leger
14:07:53,31.86,CONFORT,5.0,5.81,-0.81,21.6,21,Neutre,Stable,Sourire leger
14:07:53,31.89,CONFORT,5.0,5.81,-0.81,21.6,37,Neutre,Stable,Sourire leger
14:07:53,31.94,CONFORT,5.0,5.9,-0.9,21.5,17,Neutre,Stable,Sourire leger
14:07:54,31.97,CONFORT,5.0,5.9,-0.9,21.5,37,Neutre,Stable,Sourire leger
14:07:54,32.01,CONFORT,5.0,5.9,-0.9,21.5,23,Neutre,Stable,Sourire leger
14:07:54,32.06,CONFORT,5.0,5.89,-0.89,21.5,20,Neutre,Stable,Sourire leger
14:07:54,32.09,CONFORT,5.0,5.89,-0.89,21.5,38,Neutre,Stable,Sourire leger
14:07:54,32.12,CONFORT,5.0,5.89,-0.89,21.5,30,Neutre,Stable,Sourire leger
14:07:54,32.17,CONFORT,5.0,5.88,-0.88,21.5,18,Neutre,Stable,Sourire leger
14:07:54,32.22,CONFORT,5.0,5.88,-0.88,21.5,23,Neutre,Stable,Sourire leger
14:07:54,32.25,NEUTRE,0.0,0.88,-0.88,21.5,33,Neutre,Stable,Fermee
14:07:54,32.3,NEUTRE,0.0,0.85,-0.85,21.5,19,Neutre,Stable,Fermee
14:07:54,32.32,INCONFORT,-6.0,-5.15,-0.85,21.4,39,Neutre,Fronces,Fermee
14:07:54,32.35,INCONFORT,-6.0,-5.15,-0.85,21.4,33,Neutre,Fronces,Fermee
14:07:54,32.41,INCONFORT,-6.0,-5.24,-0.76,21.3,18,Neutre,Fronces,Fermee
14:07:54,32.43,INCONFORT,-6.0,-5.24,-0.76,21.2,39,Neutre,Fronces,Fermee
14:07:54,32.46,NEUTRE,-1.0,-0.24,-0.76,21.3,28,Neutre,Fronces,Sourire leger
14:07:54,32.52,INCONFORT,-6.0,-5.34,-0.66,21.2,18,Neutre,Fronces,Fermee
14:07:54,32.55,INCONFORT,-6.0,-5.34,-0.66,21.1,31,Neutre,Fronces,Fermee
14:07:54,32.58,INCONFORT,-6.0,-5.34,-0.66,21.1,39,Neutre,Fronces,Fermee
14:07:54,32.63,INCONFORT,-6.0,-5.38,-0.62,21.0,17,Neutre,Fronces,Fermee
14:07:54,32.66,NEUTRE,-1.0,-0.38,-0.62,21.0,39,Neutre,Fronces,Sourire leger
14:07:54,32.69,INCONFORT,-6.0,-5.38,-0.62,21.0,30,Neutre,Fronces,Fermee
14:07:54,32.74,INCONFORT,-6.0,-5.48,-0.52,20.9,20,Neutre,Fronces,Fermee
14:07:54,32.77,INCONFORT,-6.0,-5.48,-0.52,20.9,35,Plisses,Fronces,Fermee
14:07:54,32.79,NEUTRE,0.0,0.52,-0.52,20.9,39,Plisses,Stable,Fermee
14:07:54,32.85,CONFORT,5.0,5.52,-0.52,20.9,16,Plisses,Stable,Sourire leger
14:07:54,32.89,NEUTRE,0.0,0.52,-0.52,20.9,25,Plisses,Stable,Fermee
14:07:54,32.93,NEUTRE,0.0,0.52,-0.52,21.0,29,Plisses,Stable,Fermee
14:07:55,32.98,NEUTRE,0.0,0.35,-0.35,21.0,19,Plisses,Stable,Fermee
14:07:55,33.01,NEUTRE,0.0,0.35,-0.35,21.0,33,Plisses,Stable,Fermee
14:07:55,33.03,CONFORT,5.0,4.65,0.35,21.0,39,Plisses,Releves,Sourire leger
14:07:55,33.09,NEUTRE,0.0,0.47,-0.47,21.1,17,Plisses,Stable,Fermee
14:07:55,33.12,NEUTRE,0.0,0.47,-0.47,21.1,39,Plisses,Stable,Fermee
14:07:55,33.14,CONFORT,5.0,4.53,0.47,21.1,35,Plisses,Stable,Sourire leger
14:07:55,33.2,CONFORT,5.0,5.68,-0.68,21.1,18,Plisses,Stable,Sourire leger
14:07:55,33.23,CONFORT,5.0,5.68,-0.68,21.1,28,Plisses,Stable,Sourire leger
14:07:55,33.27,CONFORT,5.0,5.68,-0.68,21.1,30,Plisses,Stable,Sourire leger
14:07:55,33.32,NEUTRE,0.0,0.8,-0.8,21.1,17,Neutre,Stable,Fermee
14:07:55,33.35,CONFORT,5.0,5.8,-0.8,21.1,38,Neutre,Stable,Sourire leger
14:07:55,33.38,CONFORT,5.0,5.8,-0.8,21.1,31,Neutre,Stable,Sourire leger
14:07:55,33.44,CONFORT,5.0,5.82,-0.82,21.1,16,Neutre,Stable,Sourire leger
14:07:55,33.47,CONFORT,5.0,5.82,-0.82,21.1,35,Neutre,Stable,Sourire leger
14:07:55,33.51,CONFORT,5.0,5.82,-0.82,21.1,25,Neutre,Stable,Sourire leger
14:07:55,33.56,NEUTRE,0.0,0.76,-0.76,21.1,21,Neutre,Stable,Fermee
14:07:55,33.58,CONFORT,5.0,5.76,-0.76,21.1,38,Neutre,Stable,Sourire leger
14:07:55,33.61,NEUTRE,0.0,0.76,-0.76,21.1,40,Neutre,Stable,Fermee
14:07:55,33.67,NEUTRE,0.0,0.78,-0.78,21.2,16,Neutre,Stable,Fermee
14:07:55,33.7,NEUTRE,0.0,0.78,-0.78,21.2,33,Neutre,Stable,Fermee
14:07:55,33.72,CONFORT,5.0,5.78,-0.78,21.2,38,Neutre,Stable,Sourire leger
14:07:55,33.77,NEUTRE,0.0,0.82,-0.82,21.2,20,Neutre,Stable,Fermee
14:07:55,33.81,CONFORT,5.0,5.82,-0.82,21.2,27,Neutre,Stable,Sourire leger
14:07:55,33.84,CONFORT,5.0,5.82,-0.82,21.2,38,Neutre,Stable,Sourire leger
14:07:55,33.9,CONFORT,5.0,5.8,-0.8,21.2,16,Neutre,Stable,Sourire leger
14:07:56,34.03,NEUTRE,0.0,0.8,-0.8,21.2,7,Neutre,Stable,Fermee
14:07:56,34.06,CONFORT,5.0,5.8,-0.8,21.2,39,Neutre,Stable,Sourire leger
14:07:56,34.11,CONFORT,5.0,5.86,-0.86,21.2,20,Neutre,Stable,Sourire leger
14:07:56,34.14,CONFORT,5.0,5.86,-0.86,21.2,30,Neutre,Stable,Sourire leger
14:07:56,34.17,NEUTRE,0.0,0.86,-0.86,21.2,36,Neutre,Stable,Fermee
14:07:56,34.21,NEUTRE,0.0,0.77,-0.77,21.3,21,Neutre,Stable,Fermee
14:07:56,34.25,NEUTRE,0.0,0.77,-0.77,21.3,27,Neutre,Stable,Fermee
14:07:56,34.28,NEUTRE,0.0,0.77,-0.77,21.3,36,Neutre,Stable,Fermee
14:07:56,34.34,NEUTRE,0.0,0.8,-0.8,21.3,15,Neutre,Stable,Fermee
14:07:56,34.38,NEUTRE,0.0,0.8,-0.8,21.4,26,Neutre,Stable,Fermee
14:07:56,34.41,NEUTRE,0.0,0.8,-0.8,21.4,31,Neutre,Stable,Fermee
14:07:56,34.46,NEUTRE,0.0,0.8,-0.8,21.4,20,Neutre,Stable,Fermee
14:07:56,34.49,NEUTRE,0.0,0.8,-0.8,21.4,37,Neutre,Stable,Fermee
14:07:56,34.51,NEUTRE,0.0,0.8,-0.8,21.5,40,Ecarquilles,Stable,Fermee
14:07:56,34.56,NEUTRE,0.0,0.79,-0.79,21.5,20,Neutre,Stable,Fermee
14:07:56,34.59,NEUTRE,0.0,0.79,-0.79,21.5,38,Neutre,Stable,Fermee
14:07:56,34.62,NEUTRE,0.0,0.79,-0.79,21.5,34,Neutre,Stable,Fermee
14:07:56,34.67,NEUTRE,0.0,0.8,-0.8,21.5,20,Neutre,Stable,Fermee
14:07:56,34.69,NEUTRE,0.0,0.8,-0.8,21.6,35,Ecarquilles,Stable,Fermee
14:07:56,34.72,NEUTRE,0.0,0.8,-0.8,21.6,34,Neutre,Stable,Fermee
14:07:56,34.77,CONFORT,5.0,5.76,-0.76,21.6,19,Neutre,Stable,Sourire leger
14:07:56,34.8,NEUTRE,0.0,0.76,-0.76,21.6,38,Ecarquilles,Stable,Fermee
14:07:56,34.83,NEUTRE,0.0,0.76,-0.76,21.6,38,Ecarquilles,Stable,Fermee
14:07:56,34.87,NEUTRE,0.0,0.71,-0.71,21.6,21,Neutre,Stable,Fermee
14:07:56,34.9,NEUTRE,0.0,0.71,-0.71,21.6,41,Neutre,Stable,Fermee
14:07:56,34.93,NEUTRE,0.0,0.71,-0.71,21.7,34,Ecarquilles,Stable,Fermee
14:07:57,34.98,NEUTRE,0.0,0.77,-0.77,21.7,19,Neutre,Stable,Fermee
14:07:57,35.0,NEUTRE,0.0,0.77,-0.77,21.7,38,Ecarquilles,Stable,Fermee
14:07:57,35.03,NEUTRE,0.0,0.77,-0.77,21.7,37,Ecarquilles,Stable,Fermee
14:07:57,35.08,NEUTRE,0.0,0.78,-0.78,21.7,21,Ecarquilles,Stable,Fermee
14:07:57,35.11,NEUTRE,0.0,0.78,-0.78,21.7,34,Ecarquilles,Stable,Fermee
14:07:57,35.13,NEUTRE,0.0,0.78,-0.78,21.7,41,Ecarquilles,Stable,Fermee
14:07:57,35.19,NEUTRE,0.0,0.63,-0.63,21.8,17,Ecarquilles,Stable,Fermee
14:07:57,35.21,NEUTRE,0.0,0.63,-0.63,21.8,41,Ecarquilles,Stable,Fermee
14:07:57,35.24,NEUTRE,0.0,0.63,-0.63,21.8,35,Ecarquilles,Stable,Fermee
14:07:57,35.3,NEUTRE,0.0,0.7,-0.7,21.8,18,Ecarquilles,Stable,Fermee
14:07:57,35.33,NEUTRE,0.0,0.7,-0.7,21.8,26,Neutre,Stable,Fermee
14:07:57,35.36,NEUTRE,0.0,0.7,-0.7,21.8,32,Neutre,Stable,Fermee
14:07:57,35.42,NEUTRE,0.0,0.7,-0.7,21.8,18,Neutre,Stable,Fermee
14:07:57,35.45,NEUTRE,0.0,0.7,-0.7,21.9,37,Neutre,Stable,Fermee
14:07:57,35.48,NEUTRE,0.0,0.7,-0.7,21.9,31,Neutre,Stable,Fermee
14:07:57,35.53,NEUTRE,0.0,0.8,-0.8,21.9,19,Neutre,Stable,Fermee
14:07:57,35.56,NEUTRE,0.0,0.8,-0.8,21.9,36,Neutre,Stable,Fermee
14:07:57,35.58,NEUTRE,0.0,0.8,-0.8,21.9,38,Neutre,Stable,Fermee
14:07:57,35.63,NEUTRE,0.0,0.79,-0.79,21.9,21,Neutre,Stable,Fermee
14:07:57,35.66,NEUTRE,0.0,0.79,-0.79,21.9,30,Neutre,Stable,Fermee
14:07:57,35.69,NEUTRE,0.0,0.79,-0.79,21.9,37,Neutre,Stable,Fermee
14:07:57,35.74,NEUTRE,0.0,0.79,-0.79,22.0,17,Neutre,Stable,Fermee
14:07:57,35.77,NEUTRE,0.0,0.79,-0.79,22.0,39,Neutre,Stable,Fermee
14:07:57,35.81,NEUTRE,0.0,0.79,-0.79,22.0,25,Neutre,Stable,Fermee
14:07:57,35.86,NEUTRE,0.0,0.78,-0.78,22.0,19,Neutre,Stable,Fermee
14:07:57,35.89,CONFORT,5.0,5.78,-0.78,22.0,34,Neutre,Stable,Sourire leger
14:07:57,35.92,NEUTRE,0.0,0.78,-0.78,22.0,40,Neutre,Stable,Fermee
14:07:58,35.96,NEUTRE,0.0,0.74,-0.74,22.0,21,Neutre,Stable,Fermee
14:07:58,35.99,NEUTRE,0.0,0.74,-0.74,22.0,35,Neutre,Stable,Fermee
14:07:58,36.03,NEUTRE,0.0,0.74,-0.74,22.0,26,Neutre,Stable,Fermee
14:07:58,36.09,NEUTRE,0.0,0.84,-0.84,22.0,17,Neutre,Stable,Fermee
14:07:58,36.11,NEUTRE,0.0,0.84,-0.84,22.0,38,Neutre,Stable,Fermee
14:07:58,36.16,NEUTRE,0.0,0.84,-0.84,22.0,23,Neutre,Stable,Fermee
14:07:58,36.21,NEUTRE,0.0,0.82,-0.82,22.0,18,Neutre,Stable,Fermee
14:07:58,36.24,CONFORT,5.0,5.82,-0.82,22.0,34,Neutre,Stable,Sourire leger
14:07:58,36.26,NEUTRE,0.0,0.82,-0.82,22.0,39,Neutre,Stable,Fermee
14:07:58,36.32,NEUTRE,0.0,0.78,-0.78,22.0,18,Neutre,Stable,Fermee
14:07:58,36.34,NEUTRE,0.0,0.78,-0.78,22.1,35,Neutre,Stable,Fermee
14:07:58,36.37,NEUTRE,0.0,0.78,-0.78,22.1,40,Neutre,Stable,Fermee
14:07:58,36.43,NEUTRE,0.0,0.77,-0.77,22.1,16,Neutre,Stable,Fermee
14:07:58,36.46,NEUTRE,0.0,0.77,-0.77,22.1,35,Neutre,Stable,Fermee
14:07:58,36.49,NEUTRE,0.0,0.77,-0.77,22.1,34,Neutre,Stable,Fermee
14:07:58,36.54,NEUTRE,0.0,0.84,-0.84,22.1,19,Neutre,Stable,Fermee
14:07:58,36.57,NEUTRE,0.0,0.84,-0.84,22.1,33,Neutre,Stable,Fermee
14:07:58,36.59,NEUTRE,0.0,0.84,-0.84,22.1,35,Neutre,Stable,Fermee
14:07:58,36.65,NEUTRE,0.0,0.8,-0.8,22.1,19,Neutre,Stable,Fermee
14:07:58,36.67,CONFORT,5.0,5.8,-0.8,22.1,36,Neutre,Stable,Sourire leger
14:07:58,36.7,NEUTRE,0.0,0.8,-0.8,22.1,37,Neutre,Stable,Fermee
14:07:58,36.75,NEUTRE,0.0,0.83,-0.83,22.1,20,Neutre,Stable,Fermee
14:07:58,36.77,NEUTRE,0.0,0.83,-0.83,22.1,40,Neutre,Stable,Fermee
14:07:58,36.81,NEUTRE,0.0,0.83,-0.83,22.1,29,Neutre,Stable,Fermee
14:07:58,36.86,NEUTRE,0.0,0.8,-0.8,22.1,18,Neutre,Stable,Fermee
14:07:58,36.89,NEUTRE,0.0,0.8,-0.8,22.1,37,Neutre,Stable,Fermee
14:07:58,36.91,NEUTRE,0.0,0.8,-0.8,22.2,38,Neutre,Stable,Fermee
14:07:59,36.97,NEUTRE,0.0,0.81,-0.81,22.2,18,Neutre,Stable,Fermee
14:07:59,37.0,NEUTRE,0.0,0.81,-0.81,22.2,32,Neutre,Stable,Fermee
14:07:59,37.03,NEUTRE,0.0,0.81,-0.81,22.2,40,Neutre,Stable,Fermee
14:07:59,37.08,NEUTRE,0.0,0.83,-0.83,22.2,19,Neutre,Stable,Fermee
14:07:59,37.11,NEUTRE,0.0,0.83,-0.83,22.2,29,Neutre,Stable,Fermee
14:07:59,37.14,NEUTRE,0.0,0.83,-0.83,22.2,33,Neutre,Stable,Fermee
14:07:59,37.32,NEUTRE,0.0,0.84,-0.84,22.2,5,Neutre,Stable,Fermee
14:07:59,37.35,NEUTRE,0.0,0.84,-0.84,22.2,35,Neutre,Stable,Fermee
14:07:59,37.38,NEUTRE,0.0,0.84,-0.84,22.2,32,Neutre,Stable,Fermee
14:07:59,37.42,NEUTRE,0.0,0.8,-0.8,22.2,22,Neutre,Stable,Fermee
14:07:59,37.46,NEUTRE,0.0,0.8,-0.8,22.2,29,Neutre,Stable,Fermee
14:07:59,37.48,NEUTRE,0.0,0.8,-0.8,22.2,37,Neutre,Stable,Fermee
14:07:59,37.54,NEUTRE,0.0,0.8,-0.8,22.2,17,Neutre,Stable,Fermee
14:07:59,37.57,NEUTRE,0.0,0.8,-0.8,22.2,33,Neutre,Stable,Fermee
14:07:59,37.61,NEUTRE,0.0,0.8,-0.8,22.2,23,Neutre,Stable,Fermee
14:07:59,37.66,NEUTRE,0.0,0.79,-0.79,22.2,19,Neutre,Stable,Fermee
14:07:59,37.69,NEUTRE,0.0,0.79,-0.79,22.3,40,Neutre,Stable,Fermee
14:07:59,37.72,NEUTRE,0.0,0.79,-0.79,22.3,27,Neutre,Releves,Fermee
14:07:59,37.77,NEUTRE,0.0,0.86,-0.86,22.3,20,Neutre,Stable,Fermee
14:07:59,37.8,NEUTRE,0.0,0.86,-0.86,22.3,38,Neutre,Stable,Fermee
14:07:59,37.83,CONFORT,5.0,5.86,-0.86,22.2,37,Neutre,Stable,Sourire leger
14:07:59,37.87,NEUTRE,0.0,0.75,-0.75,22.2,20,Neutre,Stable,Fermee
14:07:59,37.9,NEUTRE,0.0,0.75,-0.75,22.3,35,Neutre,Stable,Fermee
14:07:59,37.93,NEUTRE,0.0,0.75,-0.75,22.3,38,Plisses,Releves,Fermee
14:08:00,37.99,NEUTRE,0.0,0.63,-0.63,22.3,17,Plisses,Releves,Fermee
14:08:00,38.01,NEUTRE,0.0,0.63,-0.63,22.3,38,Plisses,Stable,Fermee
14:57:10,996.13,NEUTRE,0.0,0.0,0.0,21.0,0,Neutre,Stable,Fermee
14:57:10,996.22,NEUTRE,0.0,0.0,0.0,21.1,11,Neutre,Stable,Fermee
14:57:10,996.43,NEUTRE,0.0,0.0,0.0,21.1,4,Neutre,Stable,Fermee
14:57:10,996.45,NEUTRE,0.0,0.0,0.0,21.1,46,Plisses,Stable,Fermee
14:57:10,996.47,NEUTRE,0.0,0.0,0.0,21.1,46,Plisses,Stable,Fermee
14:57:10,996.52,NEUTRE,0.0,0.0,0.0,21.2,20,Plisses,Stable,Fermee
14:57:10,996.55,NEUTRE,5.0,5.0,0.0,21.2,43,Plisses,Stable,Sourire leger
14:57:10,996.66,NEUTRE,0.0,0.0,0.0,21.2,9,Neutre,Stable,Fermee
14:57:10,996.76,NEUTRE,5.0,5.0,0.0,21.2,9,Neutre,Stable,Sourire leger
14:57:10,996.79,NEUTRE,5.0,5.0,0.0,21.3,33,Neutre,Stable,Sourire leger
14:57:10,996.88,NEUTRE,5.0,5.0,0.0,21.3,10,Neutre,Stable,Grand Sourire
14:57:10,997.01,NEUTRE,8.0,5.0,3.0,21.3,7,Neutre,Stable,Grand Sourire
14:57:11,997.04,NEUTRE,8.0,5.0,3.0,21.3,32,Neutre,Stable,Grand Sourire
14:57:11,997.14,NEUTRE,8.0,5.0,3.0,21.4,10,Neutre,Stable,Grand Sourire
14:57:11,997.26,CONFORT,8.0,5.0,3.0,21.4,7,Plisses,Stable,Grand Sourire
14:57:11,997.3,CONFORT,8.0,5.0,3.0,21.4,32,Neutre,Stable,Grand Sourire
14:57:11,997.39,CONFORT,8.0,5.0,3.0,21.3,11,Plisses,Stable,Grand Sourire
14:57:11,997.52,CONFORT,8.0,5.0,3.0,21.3,7,Plisses,Stable,Grand Sourire
14:57:11,997.55,CONFORT,8.0,5.0,3.0,21.3,29,Neutre,Stable,Grand Sourire
14:57:11,997.65,CONFORT,8.0,5.0,3.0,21.3,9,Neutre,Stable,Grand Sourire
14:57:11,997.79,CONFORT,8.0,5.0,3.0,21.3,7,Neutre,Stable,Grand Sourire
14:57:11,997.82,CONFORT,8.0,5.0,3.0,21.3,33,Neutre,Stable,Grand Sourire
14:57:11,997.91,CONFORT,8.0,5.0,3.0,21.3,10,Neutre,Stable,Grand Sourire
14:57:12,998.04,CONFORT,8.0,5.0,3.0,21.3,7,Neutre,Stable,Grand Sourire
14:57:12,998.07,CONFORT,8.0,5.0,3.0,21.3,32,Neutre,Stable,Grand Sourire
14:57:12,998.17,CONFORT,8.0,5.0,3.0,21.3,9,Plisses,Stable,Grand Sourire
14:57:12,998.3,CONFORT,8.0,5.0,3.0,21.3,8,Plisses,Stable,Grand Sourire
14:57:12,998.33,CONFORT,8.0,5.0,3.0,21.3,31,Neutre,Stable,Grand Sourire
14:57:12,998.42,CONFORT,8.0,5.0,3.0,21.3,11,Neutre,Stable,Grand Sourire
14:57:12,998.55,CONFORT,8.0,5.0,3.0,21.3,7,Neutre,Stable,Grand Sourire
14:57:12,998.58,CONFORT,-3.0,-6.0,3.0,21.3,32,Neutre,Fronces,Parle
14:57:12,998.67,CONFORT,-3.0,-6.0,3.0,21.3,11,Neutre,Fronces,Fermee
14:57:12,998.8,NEUTRE,-6.0,-6.0,0.0,21.3,7,Neutre,Fronces,Fermee
14:57:12,998.83,NEUTRE,-6.0,-6.0,0.0,21.3,31,Neutre,Fronces,Fermee
14:57:12,998.94,NEUTRE,-6.0,-6.0,0.0,21.3,9,Neutre,Fronces,Fermee
14:57:12,999.01,NEUTRE,-1.0,-1.0,0.0,21.4,13,Neutre,Fronces,Sourire leger
14:57:13,999.18,NEUTRE,-1.0,-1.0,0.0,21.4,5,Neutre,Fronces,Sourire leger
14:57:13,999.22,NEUTRE,-1.0,-1.0,0.0,21.4,31,Neutre,Fronces,Sourire leger
14:57:13,999.28,NEUTRE,-6.0,-6.0,0.0,21.4,15,Neutre,Fronces,Fermee
14:57:13,999.31,NEUTRE,-6.0,-6.0,0.0,21.4,31,Neutre,Fronces,Fermee
14:57:13,999.34,INCONFORT,-6.0,-6.0,0.0,21.4,31,Neutre,Fronces,Fermee
14:57:13,999.41,INCONFORT,-6.0,-6.0,0.0,21.3,14,Neutre,Fronces,Fermee
14:57:13,999.45,INCONFORT,-6.0,-6.0,0.0,21.2,30,Neutre,Fronces,Fermee
14:57:13,999.48,INCONFORT,-6.0,-6.0,0.0,21.2,31,Neutre,Fronces,Fermee
14:57:13,999.61,INCONFORT,-6.0,-6.0,0.0,21.1,7,Neutre,Fronces,Fermee
14:57:13,999.64,INCONFORT,-6.0,-6.0,0.0,21.0,32,Neutre,Fronces,Fermee
14:57:13,999.74,INCONFORT,0.0,0.0,0.0,21.0,10,Neutre,Stable,Fermee
14:57:13,999.87,INCONFORT,0.0,0.0,0.0,20.9,7,Neutre,Releves,Fermee
14:57:13,999.9,INCONFORT,0.0,0.0,0.0,20.9,31,Neutre,Releves,Fermee
14:57:13,1000.01,NEUTRE,0.0,0.0,0.0,20.9,9,Neutre,Releves,Fermee
14:57:14,1000.08,NEUTRE,5.0,5.0,0.0,20.9,13,Neutre,Releves,Sourire leger
14:57:14,1000.11,NEUTRE,5.0,5.0,0.0,21.0,31,Neutre,Releves,Sourire leger
14:57:14,1000.21,NEUTRE,5.0,5.0,0.0,21.0,10,Neutre,Stable,Grand Sourire
14:57:14,1000.34,NEUTRE,8.0,5.0,3.0,21.0,7,Neutre,Stable,Grand Sourire
14:57:14,1000.37,NEUTRE,8.0,5.0,3.0,21.1,32,Neutre,Stable,Grand Sourire
14:57:14,1000.46,NEUTRE,8.0,5.0,3.0,21.1,10,Neutre,Stable,Grand Sourire
14:57:14,1000.59,CONFORT,8.0,5.0,3.0,21.1,7,Plisses,Stable,Grand Sourire
14:57:14,1000.63,CONFORT,8.0,5.0,3.0,21.1,30,Plisses,Stable,Grand Sourire
14:57:14,1000.72,CONFORT,8.0,5.0,3.0,21.1,10,Plisses,Stable,Grand Sourire
14:57:14,1000.86,CONFORT,8.0,5.0,3.0,21.1,7,Plisses,Stable,Grand Sourire
14:57:14,1000.89,CONFORT,8.0,5.0,3.0,21.1,30,Plisses,Stable,Grand Sourire
14:57:14,1000.99,CONFORT,-1.0,-4.0,3.0,21.1,10,Plisses,Stable,Grimace / Tension
14:57:15,1001.12,CONFORT,-1.0,-4.0,3.0,21.1,7,Plisses,Stable,Grimace / Tension
14:57:15,1001.16,CONFORT,-1.0,-4.0,3.0,21.1,30,Plisses,Stable,Grimace / Tension
14:57:15,1001.26,NEUTRE,-1.0,-4.0,3.0,21.1,9,Plisses,Stable,Grimace / Tension
14:57:15,1001.33,NEUTRE,-1.0,-4.0,3.0,21.1,13,Plisses,Stable,Grimace / Tension
14:57:15,1001.37,NEUTRE,-1.0,-4.0,3.0,21.2,27,Plisses,Releves,Grimace / Tension
14:57:15,1001.47,NEUTRE,-1.0,-4.0,3.0,21.2,10,Plisses,Stable,Grimace / Tension
14:57:15,1001.59,NEUTRE,-1.0,-4.0,3.0,21.2,7,Plisses,Releves,Grimace / Tension
14:57:15,1001.63,NEUTRE,-1.0,-4.0,3.0,21.2,30,Plisses,Releves,Grimace / Tension
14:57:15,1001.72,NEUTRE,-1.0,-4.0,3.0,21.3,11,Plisses,Stable,Grimace / Tension
14:57:15,1001.84,NEUTRE,-1.0,-4.0,3.0,21.3,7,Plisses,Stable,Grimace / Tension
14:57:15,1001.88,NEUTRE,-1.0,-4.0,3.0,21.3,29,Plisses,Stable,Grimace / Tension
14:57:15,1001.97,NEUTRE,-1.0,-4.0,3.0,21.3,11,Plisses,Stable,Grimace / Tension
14:57:16,1002.1,NEUTRE,-1.0,-4.0,3.0,21.4,7,Plisses,Stable,Grimace / Tension
14:57:16,1002.13,NEUTRE,-1.0,-4.0,3.0,21.4,31,Plisses,Stable,Grimace / Tension
14:57:16,1002.23,NEUTRE,-1.0,-4.0,3.0,21.4,9,Plisses,Stable,Grimace / Tension
14:57:16,1002.31,NEUTRE,-1.0,-4.0,3.0,21.4,13,Plisses,Stable,Grimace / Tension
14:57:16,1002.34,NEUTRE,-1.0,-4.0,3.0,21.4,32,Plisses,Releves,Grimace / Tension
14:57:16,1002.44,NEUTRE,-1.0,-4.0,3.0,21.5,10,Plisses,Stable,Grimace / Tension
14:57:16,1002.57,NEUTRE,-1.0,-4.0,3.0,21.5,7,Plisses,Stable,Grimace / Tension
14:57:16,1002.6,NEUTRE,-1.0,-4.0,3.0,21.5,30,Plisses,Releves,Grimace / Tension
14:57:16,1002.71,NEUTRE,-1.0,-4.0,3.0,21.5,9,Plisses,Stable,Grimace / Tension
14:57:16,1002.79,NEUTRE,-1.0,-4.0,3.0,21.5,12,Plisses,Stable,Grimace / Tension
14:57:16,1002.83,NEUTRE,-1.0,-4.0,3.0,21.6,24,Plisses,Stable,Grimace / Tension
14:57:16,1002.92,NEUTRE,-1.0,-4.0,3.0,21.6,10,Plisses,Stable,Grimace / Tension
14:57:17,1003.05,NEUTRE,-1.0,-4.0,3.0,21.6,7,Plisses,Stable,Grimace / Tension
14:57:17,1003.09,NEUTRE,-1.0,-4.0,3.0,21.6,31,Plisses,Stable,Grimace / Tension
14:57:17,1003.18,NEUTRE,-1.0,-4.0,3.0,21.6,10,Plisses,Stable,Grimace / Tension
14:57:17,1003.3,NEUTRE,-1.0,-4.0,3.0,21.7,8,Plisses,Stable,Grimace / Tension
14:57:17,1003.34,NEUTRE,-1.0,-4.0,3.0,21.7,26,Plisses,Stable,Grimace / Tension
14:57:17,1003.44,NEUTRE,-1.0,-4.0,3.0,21.7,9,Plisses,Stable,Grimace / Tension
14:57:17,1003.52,NEUTRE,-1.0,-4.0,3.0,21.7,12,Plisses,Stable,Grimace / Tension
14:57:17,1003.55,NEUTRE,-1.0,-4.0,3.0,21.7,29,Plisses,Stable,Grimace / Tension
14:57:17,1003.65,NEUTRE,-1.0,-4.0,3.0,21.7,9,Plisses,Stable,Grimace / Tension
14:57:17,1003.73,NEUTRE,-1.0,-4.0,3.0,21.8,12,Plisses,Stable,Grimace / Tension
14:57:17,1003.76,NEUTRE,-1.0,-4.0,3.0,21.8,31,Plisses,Stable,Grimace / Tension
14:57:17,1003.86,NEUTRE,-1.0,-4.0,3.0,21.8,10,Plisses,Stable,Grimace / Tension
14:57:17,1003.99,NEUTRE,-1.0,-4.0,3.0,21.8,7,Plisses,Stable,Grimace / Tension
14:57:17,1004.03,NEUTRE,-1.0,-4.0,3.0,21.8,31,Plisses,Stable,Grimace / Tension
14:57:18,1004.13,NEUTRE,-1.0,-4.0,3.0,21.8,9,Plisses,Stable,Grimace / Tension
14:57:18,1004.21,NEUTRE,-1.0,-4.0,3.0,21.8,12,Plisses,Stable,Grimace / Tension
14:57:18,1004.24,NEUTRE,-1.0,-4.0,3.0,21.9,30,Plisses,Stable,Grimace / Tension
14:57:18,1004.34,NEUTRE,-1.0,-4.0,3.0,21.9,10,Plisses,Stable,Grimace / Tension
14:57:18,1004.47,NEUTRE,-1.0,-4.0,3.0,21.9,7,Plisses,Stable,Grimace / Tension
14:57:18,1004.5,NEUTRE,-1.0,-4.0,3.0,21.9,30,Plisses,Stable,Grimace / Tension
14:57:18,1004.6,NEUTRE,-1.0,-4.0,3.0,21.9,9,Plisses,Stable,Grimace / Tension
14:57:18,1004.68,NEUTRE,-1.0,-4.0,3.0,21.9,12,Plisses,Stable,Grimace / Tension
14:57:18,1004.71,NEUTRE,-1.0,-4.0,3.0,21.9,32,Plisses,Stable,Grimace / Tension
14:57:18,1004.81,NEUTRE,-1.0,-4.0,3.0,21.9,10,Plisses,Releves,Grimace / Tension
14:57:18,1004.94,NEUTRE,-1.0,-4.0,3.0,21.9,7,Plisses,Releves,Grimace / Tension
14:57:18,1004.97,NEUTRE,-1.0,-4.0,3.0,22.0,31,Plisses,Stable,Grimace / Tension
14:57:19,1005.06,NEUTRE,-1.0,-4.0,3.0,22.0,10,Plisses,Stable,Grimace / Tension
14:57:19,1005.19,NEUTRE,-1.0,-4.0,3.0,22.0,7,Plisses,Stable,Grimace / Tension
14:57:19,1005.22,NEUTRE,-1.0,-4.0,3.0,22.0,30,Plisses,Stable,Grimace / Tension
14:57:19,1005.32,NEUTRE,-1.0,-4.0,3.0,22.0,10,Plisses,Releves,Grimace / Tension
14:57:19,1005.46,NEUTRE,-1.0,-4.0,3.0,22.0,7,Plisses,Releves,Grimace / Tension
14:57:19,1005.49,NEUTRE,-1.0,-4.0,3.0,22.0,30,Plisses,Releves,Grimace / Tension
14:57:19,1005.73,NEUTRE,-1.0,-4.0,3.0,22.0,4,Plisses,Releves,Grimace / Tension
14:57:19,1005.82,NEUTRE,-1.0,-4.0,3.0,22.0,10,Plisses,Releves,Grimace / Tension
14:57:19,1005.86,NEUTRE,-1.0,-4.0,3.0,22.0,31,Plisses,Releves,Grimace / Tension
14:57:19,1005.89,NEUTRE,-1.0,-4.0,3.0,22.1,27,Plisses,Releves,Grimace / Tension
14:57:19,1005.98,NEUTRE,-1.0,-4.0,3.0,22.1,11,Plisses,Releves,Grimace / Tension
14:57:19,1006.01,NEUTRE,-1.0,-4.0,3.0,22.1,30,Plisses,Releves,Grimace / Tension
14:57:20,1006.05,NEUTRE,-1.0,-4.0,3.0,22.1,29,Plisses,Releves,Grimace / Tension
14:57:20,1006.13,NEUTRE,-1.0,-4.0,3.0,22.1,12,Plisses,Releves,Grimace / Tension
14:57:20,1006.16,NEUTRE,-1.0,-4.0,3.0,22.1,31,Plisses,Stable,Grimace / Tension
14:57:20,1006.26,NEUTRE,-1.0,-4.0,3.0,22.1,10,Neutre,Stable,Grimace / Tension
14:57:20,1006.4,NEUTRE,-1.0,-4.0,3.0,22.1,6,Neutre,Stable,Grimace / Tension
14:57:20,1006.44,NEUTRE,-1.0,-4.0,3.0,22.1,28,Plisses,Stable,Grimace / Tension
14:57:20,1006.54,NEUTRE,-1.0,-4.0,3.0,22.1,10,Neutre,Stable,Grimace / Tension
14:57:20,1006.67,NEUTRE,-1.0,-4.0,3.0,22.1,7,Neutre,Stable,Grimace / Tension
14:57:20,1006.7,NEUTRE,-1.0,-4.0,3.0,22.1,30,Neutre,Stable,Grimace / Tension
14:57:20,1006.8,NEUTRE,-1.0,-4.0,3.0,22.2,10,Neutre,Stable,Grimace / Tension
14:57:20,1006.93,NEUTRE,-1.0,-4.0,3.0,22.2,7,Neutre,Stable,Grimace / Tension
14:57:20,1006.96,NEUTRE,-1.0,-4.0,3.0,22.2,30,Neutre,Stable,Grimace / Tension
14:57:21,1007.07,NEUTRE,-1.0,-4.0,3.0,22.2,9,Plisses,Stable,Grimace / Tension
14:57:21,1007.15,NEUTRE,-1.0,-4.0,3.0,22.2,12,Neutre,Stable,Grimace / Tension
14:57:21,1007.18,NEUTRE,-1.0,-4.0,3.0,22.2,30,Neutre,Stable,Grimace / Tension
14:57:21,1007.27,NEUTRE,-1.0,-4.0,3.0,22.2,10,Neutre,Stable,Grimace / Tension
14:57:21,1007.41,NEUTRE,-1.0,-4.0,3.0,22.2,7,Neutre,Stable,Grimace / Tension
14:57:21,1007.44,NEUTRE,-1.0,-4.0,3.0,22.2,31,Neutre,Stable,Grimace / Tension
14:57:21,1007.54,NEUTRE,-1.0,-4.0,3.0,22.2,9,Neutre,Stable,Grimace / Tension
14:57:21,1007.62,NEUTRE,-1.0,-4.0,3.0,22.2,13,Neutre,Stable,Grimace / Tension
14:57:21,1007.65,NEUTRE,-1.0,-4.0,3.0,22.2,29,Neutre,Stable,Grimace / Tension
14:57:21,1007.75,NEUTRE,-1.0,-4.0,3.0,22.2,10,Neutre,Stable,Grimace / Tension
14:57:21,1007.87,NEUTRE,-4.0,-4.0,0.0,22.2,7,Neutre,Stable,Grimace / Tension
14:57:21,1007.91,NEUTRE,-4.0,-4.0,0.0,22.2,30,Neutre,Stable,Grimace / Tension
14:57:21,1008.0,NEUTRE,-4.0,-4.0,0.0,22.2,10,Neutre,Stable,Grimace / Tension
14:57:22,1008.13,NEUTRE,-4.0,-4.0,0.0,22.2,7,Neutre,Stable,Grimace / Tension
14:57:22,1008.16,NEUTRE,-4.0,-4.0,0.0,22.3,31,Neutre,Stable,Grimace / Tension
14:57:22,1008.26,NEUTRE,-4.0,-4.0,0.0,22.3,10,Neutre,Stable,Grimace / Tension
14:57:22,1008.39,NEUTRE,-4.0,-4.0,0.0,22.3,7,Plisses,Releves,Grimace / Tension
14:57:22,1008.43,NEUTRE,-4.0,-4.0,0.0,22.3,31,Plisses,Releves,Grimace / Tension
14:57:22,1008.52,NEUTRE,-4.0,-4.0,0.0,22.3,10,Plisses,Stable,Grimace / Tension
14:57:22,1008.66,INCONFORT,-4.0,-4.0,0.0,22.2,7,Plisses,Stable,Grimace / Tension
14:57:22,1008.69,NEUTRE,0.0,0.0,0.0,22.2,29,Plisses,Stable,Parle
14:57:22,1008.79,NEUTRE,-4.0,-4.0,0.0,22.2,9,Plisses,Stable,Grimace / Tension
14:57:22,1008.92,NEUTRE,0.0,0.0,0.0,22.2,7,Neutre,Stable,Parle
14:57:22,1008.96,NEUTRE,0.0,0.0,0.0,22.2,28,Neutre,Stable,Parle
14:57:23,1009.05,NEUTRE,5.0,5.0,0.0,22.2,10,Neutre,Stable,Sourire leger
14:57:23,1009.19,NEUTRE,5.0,5.0,0.0,22.2,7,Neutre,Stable,Sourire leger
14:57:23,1009.22,NEUTRE,5.0,5.0,0.0,22.2,30,Plisses,Stable,Sourire leger
14:57:23,1009.32,NEUTRE,5.0,5.0,0.0,22.2,10,Neutre,Stable,Sourire leger
14:57:23,1009.45,NEUTRE,5.0,5.0,0.0,22.2,7,Plisses,Stable,Sourire leger
14:57:23,1009.48,NEUTRE,5.0,5.0,0.0,22.2,30,Plisses,Stable,Sourire leger
14:57:23,1009.59,NEUTRE,5.0,5.0,0.0,22.2,9,Plisses,Stable,Sourire leger
14:57:23,1009.66,NEUTRE,5.0,5.0,0.0,22.3,13,Plisses,Stable,Sourire leger
14:57:23,1009.7,CONFORT,5.0,5.0,0.0,22.2,29,Plisses,Stable,Sourire leger
14:57:23,1009.79,CONFORT,0.0,0.0,0.0,22.2,10,Plisses,Stable,Fermee
14:57:23,1009.92,NEUTRE,0.0,0.0,0.0,22.2,7,Plisses,Stable,Fermee
14:57:23,1009.95,NEUTRE,0.0,0.0,0.0,22.2,31,Plisses,Stable,Fermee
14:57:24,1010.04,NEUTRE,0.0,0.0,0.0,22.2,10,Plisses,Stable,Fermee
14:57:24,1010.18,NEUTRE,0.0,0.0,0.0,22.2,7,Plisses,Releves,Fermee
14:57:24,1010.22,NEUTRE,0.0,0.0,0.0,22.2,23,Neutre,Releves,Fermee
14:57:24,1010.32,NEUTRE,0.0,0.0,0.0,22.2,10,Plisses,Releves,Fermee
14:57:24,1010.45,NEUTRE,0.0,0.0,0.0,22.2,7,Plisses,Releves,Fermee
14:57:24,1010.48,NEUTRE,0.0,0.0,0.0,22.2,31,Plisses,Releves,Fermee
14:57:24,1010.57,NEUTRE,0.0,0.0,0.0,22.3,10,Plisses,Releves,Fermee
14:57:24,1010.7,NEUTRE,0.0,0.0,0.0,22.3,7,Neutre,Releves,Fermee
14:57:24,1010.73,NEUTRE,0.0,0.0,0.0,22.3,30,Neutre,Releves,Fermee
14:57:24,1010.84,NEUTRE,0.0,0.0,0.0,22.3,9,Neutre,Releves,Fermee
14:57:24,1010.92,NEUTRE,0.0,0.0,0.0,22.3,12,Plisses,Releves,Fermee
14:57:24,1010.95,NEUTRE,0.0,0.0,0.0,22.3,32,Plisses,Releves,Fermee
14:57:25,1011.04,NEUTRE,0.0,0.0,0.0,22.3,10,Neutre,Releves,Fermee
14:57:25,1011.17,NEUTRE,0.0,0.0,0.0,22.3,7,Plisses,Releves,Fermee
14:57:25,1011.2,NEUTRE,0.0,0.0,0.0,22.3,31,Plisses,Releves,Fermee
14:57:25,1011.29,NEUTRE,0.0,0.0,0.0,22.3,11,Plisses,Releves,Fermee
14:57:25,1011.42,NEUTRE,0.0,0.0,0.0,22.3,7,Plisses,Releves,Fermee
14:57:25,1011.45,NEUTRE,0.0,0.0,0.0,22.3,30,Plisses,Releves,Fermee
14:57:25,1011.56,NEUTRE,0.0,0.0,0.0,22.3,9,Plisses,Releves,Fermee
14:57:25,1011.64,NEUTRE,0.0,0.0,0.0,22.3,12,Plisses,Releves,Parle
14:57:25,1011.67,NEUTRE,0.0,0.0,0.0,22.3,30,Plisses,Releves,Parle
14:57:25,1011.76,NEUTRE,0.0,0.0,0.0,22.3,11,Plisses,Releves,Parle
14:57:25,1011.89,NEUTRE,0.0,0.0,0.0,22.3,7,Plisses,Releves,Parle
14:57:25,1011.92,NEUTRE,0.0,0.0,0.0,22.3,31,Plisses,Releves,Fermee
14:57:25,1012.03,NEUTRE,0.0,0.0,0.0,22.3,9,Plisses,Releves,Fermee
14:57:26,1012.1,NEUTRE,0.0,0.0,0.0,22.3,13,Plisses,Releves,Fermee
14:57:26,1012.14,NEUTRE,0.0,0.0,0.0,22.3,30,Plisses,Releves,Fermee
14:57:26,1012.23,NEUTRE,0.0,0.0,0.0,22.3,11,Plisses,Releves,Fermee
14:57:26,1012.49,NEUTRE,0.0,0.0,0.0,22.3,3,Plisses,Releves,Fermee
14:57:26,1012.52,NEUTRE,0.0,0.0,0.0,22.3,30,Plisses,Releves,Fermee
14:57:26,1012.55,NEUTRE,0.0,0.0,0.0,22.3,32,Plisses,Releves,Fermee
14:57:26,1012.62,NEUTRE,0.0,0.0,0.0,22.4,14,Plisses,Releves,Fermee
14:57:26,1012.66,NEUTRE,0.0,0.0,0.0,22.4,30,Plisses,Releves,Fermee
14:57:26,1012.69,NEUTRE,0.0,0.0,0.0,22.4,31,Plisses,Releves,Fermee
14:57:26,1012.76,NEUTRE,0.0,0.0,0.0,22.4,14,Plisses,Releves,Fermee
14:57:26,1012.79,NEUTRE,0.0,0.0,0.0,22.4,31,Neutre,Releves,Fermee
14:57:26,1012.82,NEUTRE,0.0,0.0,0.0,22.4,30,Plisses,Releves,Fermee
14:57:26,1012.95,NEUTRE,0.0,0.0,0.0,22.4,7,Neutre,Releves,Fermee
14:57:26,1012.98,NEUTRE,0.0,0.0,0.0,22.4,29,Plisses,Releves,Fermee
14:57:27,1013.08,NEUTRE,0.0,0.0,0.0,22.4,10,Neutre,Releves,Fermee
14:57:27,1013.21,NEUTRE,0.0,0.0,0.0,22.4,7,Plisses,Releves,Fermee
14:57:27,1013.24,NEUTRE,0.0,0.0,0.0,22.4,30,Neutre,Releves,Fermee
14:57:27,1013.34,NEUTRE,0.0,0.0,0.0,22.4,10,Plisses,Releves,Fermee
14:57:27,1013.47,NEUTRE,0.0,0.0,0.0,22.4,7,Plisses,Releves,Fermee
14:57:27,1013.5,NEUTRE,0.0,0.0,0.0,22.4,31,Plisses,Releves,Fermee
14:57:27,1013.59,NEUTRE,0.0,0.0,0.0,22.4,11,Plisses,Releves,Fermee
14:57:27,1013.73,NEUTRE,0.0,0.0,0.0,22.4,7,Plisses,Releves,Fermee
14:57:27,1013.76,NEUTRE,0.0,0.0,0.0,22.4,30,Plisses,Releves,Fermee
14:57:27,1013.85,NEUTRE,0.0,0.0,0.0,22.4,10,Plisses,Releves,Fermee
14:57:27,1013.99,NEUTRE,0.0,0.0,0.0,22.4,7,Plisses,Releves,Fermee
14:57:27,1014.02,NEUTRE,0.0,0.0,0.0,22.4,30,Plisses,Releves,Fermee
14:57:28,1014.11,NEUTRE,0.0,0.0,0.0,22.4,10,Plisses,Releves,Fermee
14:57:28,1014.24,NEUTRE,0.0,0.0,0.0,22.4,7,Plisses,Releves,Fermee
14:57:28,1014.28,NEUTRE,0.0,0.0,0.0,22.4,30,Plisses,Releves,Fermee
14:57:28,1014.37,NEUTRE,0.0,0.0,0.0,22.4,10,Plisses,Releves,Fermee
14:57:28,1014.5,NEUTRE,0.0,0.0,0.0,22.4,7,Neutre,Releves,Fermee
14:57:28,1014.53,NEUTRE,0.0,0.0,0.0,22.4,30,Plisses,Releves,Fermee
14:57:28,1014.63,NEUTRE,0.0,0.0,0.0,22.4,10,Neutre,Releves,Fermee
14:57:28,1014.76,NEUTRE,0.0,0.0,0.0,22.4,7,Plisses,Releves,Fermee
14:57:28,1014.79,NEUTRE,0.0,0.0,0.0,22.4,29,Plisses,Releves,Fermee
14:57:28,1014.89,NEUTRE,0.0,0.0,0.0,22.4,10,Neutre,Releves,Fermee
14:57:28,1015.03,NEUTRE,0.0,0.0,0.0,22.4,7,Plisses,Releves,Fermee
14:57:29,1015.06,NEUTRE,0.0,0.0,0.0,22.4,31,Plisses,Releves,Fermee
14:57:29,1015.16,NEUTRE,0.0,0.0,0.0,22.4,9,Neutre,Releves,Fermee
14:57:29,1015.29,NEUTRE,0.0,0.0,0.0,22.4,7,Plisses,Releves,Fermee
14:57:29,1015.32,NEUTRE,0.0,0.0,0.0,22.4,32,Plisses,Releves,Fermee
14:57:29,1015.43,NEUTRE,0.0,0.0,0.0,22.4,9,Plisses,Releves,Fermee
14:57:29,1015.5,NEUTRE,0.0,0.0,0.0,22.4,14,Plisses,Releves,Fermee
14:57:29,1015.53,NEUTRE,0.0,0.0,0.0,22.4,31,Plisses,Releves,Fermee
14:57:29,1015.62,NEUTRE,0.0,0.0,0.0,22.4,10,Plisses,Releves,Fermee
14:57:29,1015.76,NEUTRE,0.0,0.0,0.0,22.4,7,Plisses,Releves,Fermee
14:57:29,1015.8,NEUTRE,0.0,0.0,0.0,22.4,30,Plisses,Releves,Fermee
14:57:29,1015.89,NEUTRE,-4.0,-4.0,0.0,22.4,10,Plisses,Releves,Grimace / Tension
14:57:29,1016.02,NEUTRE,-1.0,-4.0,3.0,22.4,7,Plisses,Releves,Grimace / Tension
14:57:30,1016.05,NEUTRE,-1.0,-4.0,3.0,22.4,29,Plisses,Releves,Grimace / Tension
14:57:30,1016.14,NEUTRE,-1.0,-4.0,3.0,22.4,11,Plisses,Releves,Grimace / Tension
14:57:30,1016.27,NEUTRE,-1.0,-4.0,3.0,22.4,7,Plisses,Releves,Grimace / Tension
14:57:30,1016.3,NEUTRE,-1.0,-4.0,3.0,22.4,31,Plisses,Releves,Grimace / Tension
14:57:30,1016.39,NEUTRE,-1.0,-4.0,3.0,22.4,10,Plisses,Releves,Grimace / Tension
14:57:30,1016.53,NEUTRE,0.0,0.0,0.0,22.4,7,Plisses,Releves,Fermee
14:57:30,1016.56,NEUTRE,0.0,0.0,0.0,22.4,31,Plisses,Releves,Fermee
14:57:30,1016.65,NEUTRE,0.0,0.0,0.0,22.4,10,Plisses,Releves,Fermee
14:57:30,1016.78,NEUTRE,0.0,0.0,0.0,22.4,7,Plisses,Releves,Fermee
14:57:30,1016.82,NEUTRE,0.0,0.0,0.0,22.4,24,Plisses,Releves,Fermee
14:57:30,1016.92,NEUTRE,-4.0,-4.0,0.0,22.4,10,Plisses,Releves,Grimace / Tension
14:57:31,1017.05,NEUTRE,0.0,0.0,0.0,22.5,7,Plisses,Releves,Fermee
14:57:31,1017.08,NEUTRE,0.0,0.0,0.0,22.5,31,Plisses,Releves,Fermee
14:57:31,1017.18,NEUTRE,0.0,0.0,0.0,22.5,10,Plisses,Releves,Fermee
14:57:31,1017.31,NEUTRE,0.0,0.0,0.0,22.5,7,Neutre,Stable,Fermee
14:57:31,1017.34,NEUTRE,0.0,0.0,0.0,22.5,32,Neutre,Stable,Fermee
14:57:31,1017.44,NEUTRE,0.0,0.0,0.0,22.5,10,Neutre,Stable,Fermee
14:57:31,1017.57,NEUTRE,0.0,0.0,0.0,22.5,7,Neutre,Stable,Fermee
14:57:31,1017.6,NEUTRE,0.0,0.0,0.0,22.5,30,Neutre,Stable,Fermee
14:57:31,1017.69,NEUTRE,5.0,5.0,0.0,22.5,10,Plisses,Releves,Sourire leger
14:57:31,1017.83,NEUTRE,0.0,0.0,0.0,22.5,7,Neutre,Releves,Fermee
14:57:31,1017.86,NEUTRE,0.0,0.0,0.0,22.5,31,Neutre,Stable,Fermee
14:57:31,1017.96,NEUTRE,0.0,0.0,0.0,22.5,10,Neutre,Stable,Fermee
14:57:32,1018.1,NEUTRE,0.0,0.0,0.0,22.5,7,Neutre,Stable,Parle
14:57:32,1018.13,NEUTRE,0.0,0.0,0.0,22.5,32,Neutre,Stable,Parle
14:57:32,1018.22,NEUTRE,0.0,0.0,0.0,22.5,10,Neutre,Stable,Parle
14:57:32,1018.35,NEUTRE,0.0,0.0,0.0,22.5,7,Neutre,Stable,Parle
14:57:32,1018.38,NEUTRE,0.0,0.0,0.0,22.5,30,Neutre,Stable,Parle
14:57:32,1018.48,NEUTRE,0.0,0.0,0.0,22.5,10,Neutre,Stable,Parle
14:57:32,1018.6,NEUTRE,0.0,0.0,0.0,22.5,7,Neutre,Stable,Fermee
14:57:32,1018.63,NEUTRE,5.0,5.0,0.0,22.5,30,Neutre,Stable,Sourire leger
14:57:32,1018.72,NEUTRE,5.0,5.0,0.0,22.5,11,Neutre,Stable,Sourire leger
14:57:32,1018.86,NEUTRE,5.0,5.0,0.0,22.5,7,Neutre,Stable,Sourire leger
14:57:32,1018.9,NEUTRE,5.0,5.0,0.0,22.5,31,Neutre,Stable,Sourire leger
14:57:32,1018.99,NEUTRE,5.0,5.0,0.0,22.5,10,Neutre,Stable,Sourire leger
14:57:33,1019.26,NEUTRE,5.0,5.0,0.0,22.5,3,Neutre,Stable,Sourire leger
14:57:33,1019.29,NEUTRE,5.0,5.0,0.0,22.5,31,Neutre,Stable,Sourire leger
14:57:33,1019.32,NEUTRE,5.0,5.0,0.0,22.5,32,Neutre,Stable,Sourire leger
14:57:33,1019.39,CONFORT,5.0,5.0,0.0,22.4,14,Neutre,Stable,Sourire leger
14:57:33,1019.42,CONFORT,5.0,5.0,0.0,22.4,31,Neutre,Stable,Sourire leger
14:57:33,1019.45,CONFORT,5.0,5.0,0.0,22.4,30,Plisses,Releves,Sourire leger
14:57:33,1019.52,CONFORT,5.0,5.0,0.0,22.4,14,Plisses,Stable,Sourire leger
14:57:33,1019.55,CONFORT,5.0,5.0,0.0,22.3,32,Neutre,Stable,Sourire leger
14:57:33,1019.59,CONFORT,5.0,5.0,0.0,22.3,30,Neutre,Stable,Sourire leger
14:57:33,1019.66,CONFORT,5.0,5.0,0.0,22.3,14,Neutre,Stable,Sourire leger
14:57:33,1019.69,CONFORT,5.0,5.0,0.0,22.3,26,Neutre,Stable,Sourire leger
14:57:33,1019.79,CONFORT,5.0,5.0,0.0,22.2,10,Neutre,Stable,Sourire leger
14:57:33,1019.92,CONFORT,5.0,5.0,0.0,22.2,7,Neutre,Stable,Sourire leger
14:57:33,1019.95,CONFORT,5.0,5.0,0.0,22.2,30,Neutre,Stable,Sourire leger
14:57:34,1020.04,CONFORT,5.0,5.0,0.0,22.2,10,Neutre,Stable,Sourire leger
14:57:34,1020.17,CONFORT,5.0,5.0,0.0,22.1,7,Ecarquilles,Stable,Sourire leger
14:57:34,1020.2,CONFORT,5.0,5.0,0.0,22.1,31,Neutre,Stable,Sourire leger
14:57:34,1020.29,CONFORT,0.0,0.0,0.0,22.1,10,Ecarquilles,Stable,Fermee
14:57:34,1020.42,CONFORT,5.0,5.0,0.0,22.1,7,Ecarquilles,Stable,Sourire leger
14:57:34,1020.46,CONFORT,5.0,5.0,0.0,22.0,30,Ecarquilles,Stable,Sourire leger
14:57:34,1020.56,CONFORT,5.0,5.0,0.0,22.0,9,Ecarquilles,Stable,Sourire leger
14:57:34,1020.64,CONFORT,5.0,5.0,0.0,22.0,12,Ecarquilles,Stable,Sourire leger
14:57:34,1020.67,CONFORT,5.0,5.0,0.0,22.0,31,Ecarquilles,Stable,Sourire leger
14:57:34,1020.76,NEUTRE,0.0,0.0,0.0,22.0,10,Ecarquilles,Stable,Fermee
14:57:34,1020.89,NEUTRE,0.0,0.0,0.0,22.0,7,Neutre,Stable,Fermee
14:57:34,1020.92,NEUTRE,0.0,0.0,0.0,22.0,30,Ecarquilles,Stable,Fermee
14:57:34,1021.01,NEUTRE,0.0,0.0,0.0,22.0,10,Neutre,Stable,Fermee
14:57:35,1021.14,NEUTRE,0.0,0.0,0.0,22.0,7,Neutre,Stable,Fermee
14:57:35,1021.17,NEUTRE,0.0,0.0,0.0,22.0,30,Neutre,Stable,Fermee
14:57:35,1021.27,NEUTRE,0.0,0.0,0.0,22.1,10,Neutre,Stable,Parle
14:57:35,1021.41,NEUTRE,0.0,0.0,0.0,22.1,7,Neutre,Stable,Fermee
14:57:35,1021.44,NEUTRE,0.0,0.0,0.0,22.1,31,Plisses,Stable,Fermee
14:57:35,1021.54,NEUTRE,5.0,5.0,0.0,22.1,9,Neutre,Stable,Sourire leger
14:57:35,1021.62,NEUTRE,5.0,5.0,0.0,22.1,13,Neutre,Stable,Sourire leger
14:57:35,1021.65,NEUTRE,5.0,5.0,0.0,22.1,30,Neutre,Stable,Sourire leger
14:57:35,1021.74,NEUTRE,5.0,5.0,0.0,22.1,10,Neutre,Stable,Sourire leger
14:57:35,1021.87,NEUTRE,5.0,5.0,0.0,22.1,7,Plisses,Stable,Sourire leger
14:57:35,1021.9,NEUTRE,5.0,5.0,0.0,22.1,30,Plisses,Stable,Sourire leger
14:57:35,1022.0,NEUTRE,5.0,5.0,0.0,22.1,9,Plisses,Stable,Sourire leger
14:57:36,1022.13,NEUTRE,5.0,5.0,0.0,22.1,7,Plisses,Stable,Sourire leger
14:57:36,1022.16,CONFORT,5.0,5.0,0.0,22.1,30,Plisses,Stable,Sourire leger
14:57:36,1022.25,CONFORT,5.0,5.0,0.0,22.1,10,Neutre,Stable,Sourire leger
14:57:36,1022.38,CONFORT,5.0,5.0,0.0,22.1,7,Neutre,Stable,Sourire leger
14:57:36,1022.41,CONFORT,5.0,5.0,0.0,22.0,31,Neutre,Stable,Sourire leger
14:57:36,1022.51,CONFORT,5.0,5.0,0.0,22.0,10,Neutre,Stable,Sourire leger
14:57:36,1022.63,CONFORT,5.0,5.0,0.0,22.0,7,Neutre,Stable,Sourire leger
14:57:36,1022.67,CONFORT,5.0,5.0,0.0,22.0,31,Neutre,Stable,Sourire leger
14:57:36,1022.76,CONFORT,5.0,5.0,0.0,22.0,10,Neutre,Stable,Sourire leger
14:57:36,1022.89,CONFORT,5.0,5.0,0.0,21.9,7,Neutre,Stable,Sourire leger
14:57:36,1022.92,CONFORT,5.0,5.0,0.0,21.9,30,Neutre,Stable,Sourire leger
14:57:36,1023.01,CONFORT,5.0,5.0,0.0,21.9,11,Neutre,Stable,Sourire leger
14:57:37,1023.15,CONFORT,5.0,5.0,0.0,21.9,7,Neutre,Stable,Sourire leger
14:57:37,1023.18,CONFORT,5.0,5.0,0.0,21.9,31,Neutre,Stable,Sourire leger
14:57:37,1023.28,CONFORT,5.0,5.0,0.0,21.9,10,Neutre,Stable,Sourire leger
14:57:37,1023.41,CONFORT,5.0,5.0,0.0,21.8,7,Neutre,Stable,Sourire leger
14:57:37,1023.44,CONFORT,5.0,5.0,0.0,21.8,31,Neutre,Stable,Sourire leger
14:57:37,1023.53,CONFORT,5.0,5.0,0.0,21.8,10,Neutre,Stable,Sourire leger
14:57:37,1023.67,CONFORT,5.0,5.0,0.0,21.8,7,Neutre,Stable,Sourire leger
14:57:37,1023.7,CONFORT,5.0,5.0,0.0,21.8,30,Neutre,Stable,Sourire leger
14:57:37,1023.79,CONFORT,5.0,5.0,0.0,21.8,11,Neutre,Stable,Sourire leger
14:57:37,1023.92,CONFORT,5.0,5.0,0.0,21.7,7,Neutre,Stable,Sourire leger
14:57:37,1023.95,CONFORT,5.0,5.0,0.0,21.7,32,Neutre,Stable,Sourire leger
14:57:38,1024.04,CONFORT,5.0,5.0,0.0,21.7,10,Neutre,Stable,Sourire leger
14:57:38,1024.18,CONFORT,5.0,5.0,0.0,21.7,7,Plisses,Stable,Sourire leger
14:57:38,1024.21,CONFORT,5.0,5.0,0.0,21.7,31,Neutre,Stable,Sourire leger
14:57:38,1024.31,CONFORT,5.0,5.0,0.0,21.7,10,Neutre,Stable,Sourire leger
14:57:38,1024.43,CONFORT,5.0,5.0,0.0,21.7,7,Neutre,Stable,Sourire leger
14:57:38,1024.46,CONFORT,5.0,5.0,0.0,21.6,31,Neutre,Stable,Sourire leger
14:57:38,1024.56,CONFORT,5.0,5.0,0.0,21.6,10,Neutre,Stable,Sourire leger
14:57:38,1024.68,CONFORT,5.0,5.0,0.0,21.6,7,Neutre,Stable,Sourire leger
14:57:38,1024.72,CONFORT,5.0,5.0,0.0,21.6,31,Neutre,Stable,Sourire leger
14:57:38,1024.81,CONFORT,5.0,5.0,0.0,21.6,10,Neutre,Stable,Sourire leger
14:57:38,1024.95,CONFORT,5.0,5.0,0.0,21.6,7,Neutre,Stable,Sourire leger
14:57:38,1024.98,CONFORT,5.0,5.0,0.0,21.6,32,Neutre,Stable,Sourire leger
14:57:39,1025.07,CONFORT,5.0,5.0,0.0,21.6,10,Neutre,Stable,Sourire leger
14:57:39,1025.2,CONFORT,5.0,5.0,0.0,21.5,7,Neutre,Stable,Grand Sourire
14:57:39,1025.23,CONFORT,5.0,5.0,0.0,21.5,31,Neutre,Stable,Grand Sourire
14:57:39,1025.34,CONFORT,5.0,5.0,0.0,21.5,9,Neutre,Stable,Grand Sourire
14:57:39,1025.42,CONFORT,8.0,5.0,3.0,21.5,12,Neutre,Stable,Grand Sourire
14:57:39,1025.45,CONFORT,8.0,5.0,3.0,21.5,30,Neutre,Stable,Grand Sourire
14:57:39,1025.55,CONFORT,8.0,5.0,3.0,21.5,10,Neutre,Stable,Grand Sourire
14:57:39,1025.68,CONFORT,8.0,5.0,3.0,21.5,7,Neutre,Stable,Grand Sourire
14:57:39,1025.71,CONFORT,8.0,5.0,3.0,21.5,31,Neutre,Stable,Grand Sourire
14:57:39,1025.81,CONFORT,8.0,5.0,3.0,21.5,10,Neutre,Stable,Grand Sourire
14:57:39,1025.95,CONFORT,8.0,5.0,3.0,21.5,7,Neutre,Stable,Grand Sourire
14:57:39,1025.98,CONFORT,8.0,5.0,3.0,21.4,30,Neutre,Stable,Grand Sourire
14:57:40,1026.22,CONFORT,8.0,5.0,3.0,21.4,4,Neutre,Stable,Grand Sourire
14:57:40,1026.31,CONFORT,8.0,5.0,3.0,21.4,11,Neutre,Stable,Grand Sourire
14:57:40,1026.34,CONFORT,-1.0,-4.0,3.0,21.4,30,Plisses,Stable,Grimace / Tension
14:57:40,1026.37,CONFORT,-1.0,-4.0,3.0,21.4,30,Plisses,Releves,Grimace / Tension
14:57:40,1026.45,CONFORT,5.0,5.0,0.0,21.4,14,Plisses,Stable,Sourire leger
14:57:40,1026.48,CONFORT,5.0,5.0,0.0,21.4,29,Plisses,Stable,Sourire leger
14:57:40,1026.51,CONFORT,5.0,5.0,0.0,21.4,31,Neutre,Stable,Sourire leger
14:57:40,1026.58,CONFORT,5.0,5.0,0.0,21.4,13,Neutre,Stable,Sourire leger
14:57:40,1026.62,CONFORT,5.0,5.0,0.0,21.4,29,Neutre,Stable,Sourire leger
14:57:40,1026.65,NEUTRE,5.0,5.0,0.0,21.4,32,Neutre,Stable,Sourire leger
14:57:40,1026.78,NEUTRE,5.0,5.0,0.0,21.4,7,Neutre,Stable,Sourire leger
14:57:40,1026.82,NEUTRE,5.0,5.0,0.0,21.4,30,Ecarquilles,Stable,Sourire leger
14:57:40,1026.91,NEUTRE,5.0,5.0,0.0,21.5,10,Ecarquilles,Stable,Sourire leger
14:57:41,1027.05,CONFORT,5.0,5.0,0.0,21.5,7,Neutre,Stable,Sourire leger
14:57:41,1027.08,CONFORT,5.0,5.0,0.0,21.4,30,Neutre,Stable,Sourire leger
14:57:41,1027.18,CONFORT,5.0,5.0,0.0,21.4,10,Ecarquilles,Stable,Sourire leger
14:57:41,1027.3,CONFORT,5.0,5.0,0.0,21.4,7,Neutre,Stable,Sourire leger
14:57:41,1027.34,CONFORT,5.0,5.0,0.0,21.4,30,Neutre,Stable,Sourire leger
14:57:41,1027.44,CONFORT,5.0,5.0,0.0,21.4,9,Neutre,Stable,Sourire leger
14:57:41,1027.52,CONFORT,5.0,5.0,0.0,21.4,12,Neutre,Stable,Sourire leger
14:57:41,1027.55,CONFORT,5.0,5.0,0.0,21.4,31,Neutre,Stable,Sourire leger
14:57:41,1027.66,CONFORT,5.0,5.0,0.0,21.4,9,Neutre,Stable,Sourire leger
14:57:41,1027.73,CONFORT,5.0,5.0,0.0,21.4,12,Neutre,Stable,Sourire leger
14:57:41,1027.77,CONFORT,5.0,5.0,0.0,21.4,31,Neutre,Stable,Sourire leger
14:57:41,1027.86,CONFORT,5.0,5.0,0.0,21.4,10,Neutre,Stable,Sourire leger
14:57:41,1027.99,CONFORT,5.0,5.0,0.0,21.4,7,Neutre,Stable,Sourire leger
14:57:41,1028.02,CONFORT,5.0,5.0,0.0,21.3,30,Neutre,Stable,Sourire leger
14:57:42,1028.12,CONFORT,0.0,0.0,0.0,21.3,10,Neutre,Stable,Fermee
14:57:42,1028.25,NEUTRE,0.0,0.0,0.0,21.4,7,Neutre,Stable,Fermee
14:57:42,1028.28,NEUTRE,5.0,5.0,0.0,21.4,31,Neutre,Stable,Sourire leger
14:57:42,1028.37,NEUTRE,0.0,0.0,0.0,21.4,10,Neutre,Stable,Fermee
14:57:42,1028.51,NEUTRE,5.0,5.0,0.0,21.4,7,Neutre,Stable,Sourire leger
14:57:42,1028.54,NEUTRE,5.0,5.0,0.0,21.5,32,Neutre,Stable,Sourire leger
14:57:42,1028.64,NEUTRE,5.0,5.0,0.0,21.5,10,Plisses,Releves,Sourire leger
14:57:42,1028.77,NEUTRE,5.0,5.0,0.0,21.5,7,Plisses,Stable,Sourire leger
14:57:42,1028.8,NEUTRE,0.0,0.0,0.0,21.5,30,Plisses,Stable,Fermee
14:57:42,1028.9,NEUTRE,5.0,5.0,0.0,21.5,10,Plisses,Stable,Sourire leger
14:57:42,1029.03,NEUTRE,5.0,5.0,0.0,21.6,7,Plisses,Stable,Sourire leger
14:57:43,1029.07,NEUTRE,5.0,5.0,0.0,21.6,29,Neutre,Stable,Sourire leger
14:57:43,1029.16,NEUTRE,5.0,5.0,0.0,21.6,10,Plisses,Stable,Sourire leger
14:57:43,1029.29,CONFORT,5.0,5.0,0.0,21.6,7,Neutre,Stable,Sourire leger
14:57:43,1029.32,CONFORT,5.0,5.0,0.0,21.6,31,Neutre,Stable,Sourire leger
14:57:43,1029.43,CONFORT,5.0,5.0,0.0,21.6,9,Neutre,Stable,Sourire leger
14:57:43,1029.51,CONFORT,5.0,5.0,0.0,21.5,12,Neutre,Stable,Sourire leger
14:57:43,1029.54,CONFORT,5.0,5.0,0.0,21.5,31,Neutre,Stable,Sourire leger
14:57:43,1029.63,CONFORT,5.0,5.0,0.0,21.5,10,Neutre,Stable,Sourire leger
14:57:44,1030.11,CONFORT,5.0,5.0,0.0,21.5,2,Plisses,Releves,Sourire leger
14:57:45,1031.15,CONFORT,5.0,5.0,0.0,21.5,0,Neutre,Stable,Sourire leger
14:57:45,1032.01,CONFORT,0.0,0.0,0.0,21.5,1,Neutre,Stable,Fermee
14:57:47,1033.07,NEUTRE,0.0,0.0,0.0,21.5,0,Neutre,Stable,Fermee
14:57:48,1034.04,NEUTRE,5.0,5.0,0.0,21.5,1,Neutre,Stable,Sourire leger
14:57:48,1034.71,NEUTRE,5.0,5.0,0.0,21.6,1,Neutre,Stable,Sourire leger
14:57:48,1034.77,NEUTRE,0.0,0.0,0.0,21.6,19,Neutre,Stable,Fermee
14:57:48,1034.85,NEUTRE,0.0,0.0,0.0,21.6,11,Neutre,Stable,Fermee
14:57:48,1034.94,NEUTRE,0.0,0.0,0.0,21.6,11,Neutre,Stable,Fermee
14:57:49,1035.05,NEUTRE,0.0,0.0,0.0,21.6,9,Neutre,Stable,Fermee
14:57:49,1035.07,NEUTRE,0.0,0.0,0.0,21.6,36,Neutre,Stable,Fermee
14:57:49,1035.17,NEUTRE,0.0,0.0,0.0,21.7,10,Ecarquilles,Stable,Fermee
14:57:49,1035.32,NEUTRE,0.0,0.0,0.0,21.7,6,Ecarquilles,Stable,Fermee
14:57:49,1035.35,NEUTRE,0.0,0.0,0.0,21.7,31,Ecarquilles,Stable,Fermee
14:57:49,1035.44,NEUTRE,0.0,0.0,0.0,21.7,10,Ecarquilles,Stable,Fermee
14:57:49,1035.58,NEUTRE,0.0,0.0,0.0,21.7,7,Ecarquilles,Stable,Fermee
14:57:49,1035.61,NEUTRE,0.0,0.0,0.0,21.7,31,Ecarquilles,Stable,Fermee
14:57:49,1035.71,NEUTRE,0.0,0.0,0.0,21.8,9,Ecarquilles,Stable,Fermee
14:57:49,1035.79,NEUTRE,0.0,0.0,0.0,21.8,12,Ecarquilles,Stable,Fermee
14:57:49,1036.03,NEUTRE,0.0,0.0,0.0,21.8,4,Ecarquilles,Stable,Fermee
14:57:50,1037.04,NEUTRE,0.0,0.0,0.0,21.8,0,Neutre,Stable,Fermee
14:57:52,1038.08,NEUTRE,5.0,5.0,0.0,21.8,0,Plisses,Stable,Sourire leger
14:57:52,1039.03,NEUTRE,5.0,5.0,0.0,21.8,1,Plisses,Stable,Sourire leger
14:57:53,1040.03,NEUTRE,5.0,5.0,0.0,21.8,0,Plisses,Stable,Sourire leger
14:57:55,1041.08,NEUTRE,5.0,5.0,0.0,21.9,0,Plisses,Stable,Sourire leger
14:57:55,1042.03,NEUTRE,5.0,5.0,0.0,21.9,1,Plisses,Stable,Sourire leger
14:57:56,1043.03,NEUTRE,5.0,5.0,0.0,21.9,0,Plisses,Stable,Sourire leger
14:57:58,1044.08,NEUTRE,5.0,5.0,0.0,21.9,0,Plisses,Stable,Sourire leger
14:57:58,1045.04,NEUTRE,5.0,5.0,0.0,21.9,1,Plisses,Stable,Sourire leger
14:58:00,1046.05,CONFORT,5.0,5.0,0.0,21.9,0,Plisses,Stable,Sourire leger
14:58:01,1047.08,CONFORT,5.0,5.0,0.0,21.9,0,Neutre,Stable,Sourire leger
14:58:01,1048.02,NEUTRE,-1.0,-1.0,0.0,21.9,1,Neutre,Fronces,Sourire leger
14:58:02,1048.04,NEUTRE,-1.0,-1.0,0.0,21.9,57,Neutre,Fronces,Sourire leger
14:58:03,1049.09,NEUTRE,5.0,5.0,0.0,21.9,0,Plisses,Stable,Sourire leger
14:58:04,1050.05,NEUTRE,5.0,5.0,0.0,21.9,1,Plisses,Stable,Sourire leger
14:58:04,1051.03,NEUTRE,5.0,5.0,0.0,21.9,1,Plisses,Stable,Sourire leger
14:58:06,1052.3,NEUTRE,5.0,5.0,0.0,21.9,0,Plisses,Stable,Sourire leger
14:58:07,1053.04,NEUTRE,-1.0,-1.0,0.0,22.0,1,Neutre,Fronces,Sourire leger
14:58:07,1054.03,NEUTRE,5.0,5.0,0.0,22.0,1,Plisses,Stable,Sourire leger
14:58:08,1055.03,NEUTRE,5.0,5.0,0.0,22.0,1,Plisses,Stable,Sourire leger
14:58:09,1056.03,NEUTRE,5.0,5.0,0.0,22.0,1,Plisses,Stable,Sourire leger
14:58:10,1057.0,NEUTRE,5.0,5.0,0.0,22.0,1,Plisses,Stable,Sourire leger
14:58:12,1058.06,NEUTRE,5.0,5.0,0.0,22.0,0,Plisses,Stable,Sourire leger
14:58:13,1059.04,NEUTRE,5.0,5.0,0.0,22.0,1,Plisses,Stable,Sourire leger
14:58:13,1060.03,NEUTRE,5.0,5.0,0.0,22.0,1,Plisses,Stable,Sourire leger
14:58:15,1061.06,NEUTRE,0.0,0.0,0.0,22.0,0,Plisses,Stable,Fermee
14:58:15,1062.01,NEUTRE,5.0,5.0,0.0,22.0,1,Plisses,Stable,Sourire leger
14:58:16,1063.03,CONFORT,5.0,5.0,0.0,22.0,0,Neutre,Stable,Sourire leger
14:58:18,1064.08,CONFORT,5.0,5.0,0.0,22.0,0,Neutre,Stable,Sourire leger
14:58:18,1065.04,CONFORT,5.0,5.0,0.0,22.0,1,Plisses,Stable,Sourire leger
14:58:19,1066.03,CONFORT,5.0,5.0,0.0,22.0,1,Plisses,Stable,Sourire leger
14:58:21,1067.09,CONFORT,5.0,5.0,0.0,21.9,0,Plisses,Stable,Sourire leger
14:58:21,1068.01,NEUTRE,0.0,0.0,0.0,22.0,1,Plisses,Stable,Fermee
14:58:22,1069.01,NEUTRE,0.0,0.0,0.0,22.0,1,Plisses,Stable,Fermee
14:58:23,1070.04,NEUTRE,5.0,5.0,0.0,22.0,0,Neutre,Stable,Sourire leger
14:58:24,1071.04,NEUTRE,5.0,5.0,0.0,22.0,0,Neutre,Stable,Sourire leger
14:58:25,1072.03,NEUTRE,0.0,0.0,0.0,22.0,1,Neutre,Stable,Fermee
14:58:26,1073.04,NEUTRE,0.0,0.0,0.0,22.0,0,Plisses,Releves,Fermee
14:58:28,1074.04,NEUTRE,0.0,0.0,0.0,22.0,0,Neutre,Stable,Fermee
14:58:28,1074.86,NEUTRE,0.0,0.0,0.0,22.0,1,Neutre,Stable,Parle
14:58:28,1075.0,NEUTRE,0.0,0.0,0.0,22.0,7,Neutre,Stable,Parle
14:58:28,1075.02,NEUTRE,0.0,0.0,0.0,22.0,48,Neutre,Stable,Parle
14:58:29,1075.13,NEUTRE,0.0,0.0,0.0,22.1,8,Neutre,Stable,Parle
14:58:29,1075.18,NEUTRE,0.0,0.0,0.0,22.1,21,Neutre,Stable,Parle
14:58:29,1075.27,NEUTRE,0.0,0.0,0.0,22.1,11,Neutre,Stable,Parle
14:58:29,1075.35,NEUTRE,0.0,0.0,0.0,22.1,11,Neutre,Stable,Parle
14:58:29,1075.46,NEUTRE,0.0,0.0,0.0,22.1,9,Neutre,Stable,Parle
14:58:29,1075.5,NEUTRE,0.0,0.0,0.0,22.1,22,Neutre,Stable,Parle
14:58:29,1075.58,NEUTRE,0.0,0.0,0.0,22.1,11,Neutre,Stable,Parle
14:58:29,1075.73,NEUTRE,0.0,0.0,0.0,22.1,6,Neutre,Stable,Parle
14:58:29,1075.76,NEUTRE,0.0,0.0,0.0,22.1,30,Neutre,Stable,Parle
14:58:29,1075.87,NEUTRE,5.0,5.0,0.0,22.1,9,Neutre,Stable,Grand Sourire
14:58:29,1075.95,NEUTRE,8.0,5.0,3.0,22.1,11,Neutre,Stable,Grand Sourire
14:58:29,1075.98,NEUTRE,8.0,5.0,3.0,22.1,31,Neutre,Stable,Grand Sourire
14:58:30,1076.09,NEUTRE,8.0,5.0,3.0,22.1,9,Neutre,Stable,Grand Sourire
14:58:30,1076.16,NEUTRE,8.0,5.0,3.0,22.2,13,Neutre,Stable,Grand Sourire
14:58:30,1076.19,CONFORT,8.0,5.0,3.0,22.1,30,Neutre,Stable,Grand Sourire
14:58:30,1076.28,CONFORT,8.0,5.0,3.0,22.1,11,Neutre,Stable,Grand Sourire
14:58:30,1076.42,CONFORT,8.0,5.0,3.0,22.1,7,Neutre,Stable,Grand Sourire
14:58:30,1076.45,CONFORT,8.0,5.0,3.0,22.1,30,Neutre,Stable,Grand Sourire
14:58:30,1076.55,CONFORT,3.0,0.0,3.0,22.0,9,Plisses,Stable,Fermee
14:58:30,1076.63,CONFORT,0.0,0.0,0.0,22.0,13,Plisses,Stable,Fermee
14:58:30,1076.66,CONFORT,5.0,5.0,0.0,22.0,32,Neutre,Stable,Sourire leger
14:58:30,1076.76,CONFORT,0.0,0.0,0.0,22.0,10,Neutre,Stable,Fermee
14:58:30,1076.88,CONFORT,0.0,0.0,0.0,22.0,7,Neutre,Stable,Fermee
14:58:30,1076.91,NEUTRE,0.0,0.0,0.0,22.0,32,Neutre,Stable,Fermee
14:58:30,1077.02,NEUTRE,0.0,0.0,0.0,22.0,9,Neutre,Stable,Fermee
14:58:31,1077.09,NEUTRE,0.0,0.0,0.0,22.0,13,Neutre,Stable,Fermee
14:58:31,1077.13,NEUTRE,0.0,0.0,0.0,22.0,30,Neutre,Stable,Fermee
14:58:31,1077.22,NEUTRE,0.0,0.0,0.0,22.0,10,Neutre,Stable,Fermee
14:58:31,1077.35,NEUTRE,0.0,0.0,0.0,22.0,8,Neutre,Stable,Fermee
14:58:31,1077.38,NEUTRE,0.0,0.0,0.0,22.0,31,Neutre,Stable,Fermee
14:58:31,1077.47,NEUTRE,0.0,0.0,0.0,22.0,10,Neutre,Stable,Fermee
14:58:31,1077.61,NEUTRE,0.0,0.0,0.0,22.1,7,Neutre,Stable,Fermee
14:58:31,1077.64,NEUTRE,0.0,0.0,0.0,22.1,31,Neutre,Stable,Fermee
14:58:31,1077.73,NEUTRE,0.0,0.0,0.0,22.1,11,Plisses,Stable,Fermee
14:58:31,1077.85,NEUTRE,0.0,0.0,0.0,22.1,7,Ecarquilles,Stable,Fermee
14:58:31,1077.89,NEUTRE,0.0,0.0,0.0,22.1,30,Ecarquilles,Stable,Fermee
14:58:31,1077.98,NEUTRE,0.0,0.0,0.0,22.1,10,Ecarquilles,Stable,Fermee
14:58:32,1078.11,NEUTRE,0.0,0.0,0.0,22.1,7,Ecarquilles,Stable,Fermee
14:58:32,1078.15,NEUTRE,0.0,0.0,0.0,22.1,30,Ecarquilles,Stable,Fermee
14:58:32,1078.25,NEUTRE,0.0,0.0,0.0,22.1,9,Ecarquilles,Stable,Fermee
14:58:32,1078.32,NEUTRE,0.0,0.0,0.0,22.1,13,Ecarquilles,Stable,Fermee
14:58:32,1078.35,NEUTRE,0.0,0.0,0.0,22.1,31,Ecarquilles,Stable,Fermee
14:58:32,1078.45,NEUTRE,0.0,0.0,0.0,22.1,10,Ecarquilles,Stable,Fermee
14:58:32,1078.58,NEUTRE,0.0,0.0,0.0,22.1,7,Ecarquilles,Stable,Fermee
14:58:32,1078.61,NEUTRE,0.0,0.0,0.0,22.2,31,Ecarquilles,Stable,Fermee
14:58:32,1078.71,NEUTRE,0.0,0.0,0.0,22.2,9,Ecarquilles,Stable,Fermee
14:58:32,1078.79,NEUTRE,0.0,0.0,0.0,22.2,12,Ecarquilles,Stable,Fermee
14:58:32,1078.83,NEUTRE,0.0,0.0,0.0,22.2,22,Ecarquilles,Stable,Fermee
14:58:32,1078.93,NEUTRE,0.0,0.0,0.0,22.2,10,Neutre,Stable,Fermee
14:58:33,1079.06,NEUTRE,0.0,0.0,0.0,22.2,7,Ecarquilles,Stable,Fermee
14:58:33,1079.09,NEUTRE,0.0,0.0,0.0,22.2,30,Ecarquilles,Stable,Fermee
14:58:33,1079.18,NEUTRE,0.0,0.0,0.0,22.2,11,Ecarquilles,Stable,Fermee
14:58:33,1079.32,NEUTRE,0.0,0.0,0.0,22.2,7,Ecarquilles,Stable,Fermee
14:58:33,1079.35,NEUTRE,0.0,0.0,0.0,22.2,32,Ecarquilles,Stable,Fermee
14:58:33,1079.44,NEUTRE,0.0,0.0,0.0,22.2,10,Ecarquilles,Stable,Fermee
14:58:33,1079.59,NEUTRE,0.0,0.0,0.0,22.2,6,Neutre,Stable,Fermee
14:58:33,1079.63,NEUTRE,0.0,0.0,0.0,22.2,28,Plisses,Stable,Fermee
14:58:33,1079.72,NEUTRE,0.0,0.0,0.0,22.2,10,Ecarquilles,Stable,Fermee
14:58:33,1079.98,NEUTRE,0.0,0.0,0.0,22.2,3,Ecarquilles,Stable,Fermee
14:58:33,1080.02,NEUTRE,0.0,0.0,0.0,22.2,31,Ecarquilles,Stable,Fermee
14:58:34,1080.05,NEUTRE,0.0,0.0,0.0,22.3,30,Ecarquilles,Stable,Fermee
14:58:34,1080.12,NEUTRE,0.0,0.0,0.0,22.3,14,Ecarquilles,Stable,Fermee
14:58:34,1080.15,NEUTRE,0.0,0.0,0.0,22.3,31,Ecarquilles,Stable,Fermee
14:58:34,1080.19,NEUTRE,0.0,0.0,0.0,22.3,27,Ecarquilles,Stable,Fermee
14:58:34,1080.32,NEUTRE,0.0,0.0,0.0,22.3,7,Ecarquilles,Stable,Fermee
14:58:34,1080.35,NEUTRE,0.0,0.0,0.0,22.3,31,Ecarquilles,Stable,Fermee
14:58:34,1080.46,NEUTRE,0.0,0.0,0.0,22.3,9,Ecarquilles,Stable,Fermee
14:58:34,1080.54,NEUTRE,0.0,0.0,0.0,22.3,12,Ecarquilles,Stable,Fermee
14:58:34,1080.57,NEUTRE,0.0,0.0,0.0,22.3,30,Ecarquilles,Stable,Fermee
14:58:34,1080.66,NEUTRE,0.0,0.0,0.0,22.3,10,Plisses,Releves,Fermee
14:58:34,1080.79,NEUTRE,0.0,0.0,0.0,22.3,7,Neutre,Releves,Fermee
14:58:34,1080.82,NEUTRE,0.0,0.0,0.0,22.3,31,Neutre,Releves,Parle
14:58:34,1080.92,NEUTRE,0.0,0.0,0.0,22.3,9,Ecarquilles,Stable,Fermee
14:58:34,1081.0,NEUTRE,0.0,0.0,0.0,22.3,12,Ecarquilles,Releves,Fermee
14:58:34,1081.04,NEUTRE,0.0,0.0,0.0,22.3,29,Neutre,Releves,Fermee
14:58:35,1081.13,NEUTRE,0.0,0.0,0.0,22.3,11,Neutre,Releves,Parle
14:58:35,1081.26,NEUTRE,0.0,0.0,0.0,22.3,7,Neutre,Releves,Parle
14:58:35,1081.29,NEUTRE,-5.0,-5.0,0.0,22.3,30,Neutre,Releves,Baillement
14:58:35,1081.39,NEUTRE,0.0,0.0,0.0,22.3,10,Neutre,Releves,Parle
14:58:35,1081.52,NEUTRE,0.0,0.0,0.0,22.3,7,Neutre,Releves,Parle
14:58:35,1081.56,NEUTRE,0.0,0.0,0.0,22.3,23,Neutre,Releves,Parle
14:58:35,1081.66,NEUTRE,0.0,0.0,0.0,22.3,10,Neutre,Releves,Parle
14:58:35,1081.79,NEUTRE,0.0,0.0,0.0,22.3,7,Neutre,Releves,Fermee
14:58:35,1081.83,NEUTRE,0.0,0.0,0.0,22.3,25,Neutre,Releves,Fermee
14:58:35,1081.93,NEUTRE,0.0,0.0,0.0,22.3,10,Neutre,Releves,Fermee
14:58:36,1082.06,NEUTRE,0.0,0.0,0.0,22.3,7,Neutre,Releves,Parle
14:58:36,1082.09,NEUTRE,0.0,0.0,0.0,22.4,31,Neutre,Releves,Parle
14:58:36,1082.19,NEUTRE,0.0,0.0,0.0,22.4,10,Neutre,Releves,Parle
14:58:36,1082.33,NEUTRE,0.0,0.0,0.0,22.4,7,Neutre,Releves,Parle
14:58:36,1082.36,NEUTRE,0.0,0.0,0.0,22.4,30,Neutre,Releves,Parle
14:58:36,1082.46,NEUTRE,0.0,0.0,0.0,22.4,10,Neutre,Releves,Parle
14:58:36,1082.59,NEUTRE,0.0,0.0,0.0,22.4,7,Neutre,Releves,Parle
14:58:36,1082.62,NEUTRE,0.0,0.0,0.0,22.4,30,Neutre,Releves,Parle
14:58:36,1082.73,NEUTRE,0.0,0.0,0.0,22.4,9,Plisses,Stable,Parle
14:58:36,1082.8,NEUTRE,0.0,0.0,0.0,22.4,12,Neutre,Releves,Parle
14:58:36,1082.83,NEUTRE,0.0,0.0,0.0,22.4,32,Plisses,Releves,Fermee
14:58:36,1082.93,NEUTRE,0.0,0.0,0.0,22.4,10,Plisses,Releves,Fermee
14:58:37,1083.06,NEUTRE,0.0,0.0,0.0,22.4,7,Plisses,Releves,Fermee
14:58:37,1083.09,NEUTRE,0.0,0.0,0.0,22.4,31,Neutre,Releves,Fermee
14:58:37,1083.18,NEUTRE,0.0,0.0,0.0,22.4,10,Ecarquilles,Stable,Fermee
14:58:37,1083.31,NEUTRE,0.0,0.0,0.0,22.4,7,Ecarquilles,Stable,Fermee
14:58:37,1083.34,NEUTRE,0.0,0.0,0.0,22.4,30,Ecarquilles,Stable,Fermee
14:58:37,1083.44,NEUTRE,0.0,0.0,0.0,22.4,10,Ecarquilles,Stable,Fermee
14:58:37,1083.56,NEUTRE,0.0,0.0,0.0,22.4,7,Neutre,Stable,Parle
14:58:37,1083.59,NEUTRE,0.0,0.0,0.0,22.4,31,Ecarquilles,Stable,Parle
14:58:37,1083.68,NEUTRE,0.0,0.0,0.0,22.4,11,Ecarquilles,Stable,Parle
14:58:37,1083.82,NEUTRE,0.0,0.0,0.0,22.4,7,Ecarquilles,Stable,Parle
14:58:37,1083.86,NEUTRE,0.0,0.0,0.0,22.4,30,Ecarquilles,Stable,Parle
14:58:37,1083.95,NEUTRE,0.0,0.0,0.0,22.4,10,Ecarquilles,Stable,Parle
14:58:38,1084.08,NEUTRE,0.0,0.0,0.0,22.4,7,Ecarquilles,Stable,Parle
14:58:38,1084.11,NEUTRE,0.0,0.0,0.0,22.4,30,Ecarquilles,Stable,Parle
14:58:38,1084.21,NEUTRE,0.0,0.0,0.0,22.4,10,Plisses,Releves,Parle
14:58:38,1084.34,NEUTRE,0.0,0.0,0.0,22.4,7,Plisses,Releves,Parle
14:58:38,1084.38,NEUTRE,0.0,0.0,0.0,22.4,31,Plisses,Releves,Fermee
14:58:38,1084.48,NEUTRE,-4.0,-4.0,0.0,22.4,9,Neutre,Releves,Grimace / Tension
14:58:38,1084.56,NEUTRE,-4.0,-4.0,0.0,22.4,12,Neutre,Releves,Grimace / Tension
14:58:38,1084.59,NEUTRE,-4.0,-4.0,0.0,22.4,31,Neutre,Releves,Grimace / Tension
14:58:38,1084.68,NEUTRE,-4.0,-4.0,0.0,22.4,10,Neutre,Releves,Grimace / Tension
14:58:38,1084.82,NEUTRE,0.0,0.0,0.0,22.4,7,Neutre,Stable,Parle
14:58:38,1084.85,NEUTRE,0.0,0.0,0.0,22.4,31,Neutre,Releves,Parle
14:58:38,1084.94,NEUTRE,0.0,0.0,0.0,22.4,11,Neutre,Releves,Parle
14:58:39,1085.07,NEUTRE,0.0,0.0,0.0,22.4,7,Plisses,Releves,Parle
14:58:39,1085.11,NEUTRE,0.0,0.0,0.0,22.4,29,Plisses,Releves,Parle
14:58:39,1085.2,NEUTRE,0.0,0.0,0.0,22.4,11,Neutre,Stable,Parle
14:58:39,1085.33,NEUTRE,0.0,0.0,0.0,22.4,7,Ecarquilles,Stable,Parle
14:58:39,1085.36,NEUTRE,0.0,0.0,0.0,22.4,31,Ecarquilles,Stable,Parle
14:58:39,1085.45,NEUTRE,5.0,5.0,0.0,22.4,11,Ecarquilles,Releves,Sourire leger
14:58:39,1085.58,NEUTRE,5.0,5.0,0.0,22.4,7,Ecarquilles,Releves,Sourire leger
14:58:39,1085.61,NEUTRE,5.0,5.0,0.0,22.4,31,Ecarquilles,Releves,Sourire leger
14:58:39,1085.7,NEUTRE,0.0,0.0,0.0,22.4,11,Ecarquilles,Releves,Fermee
14:58:39,1085.83,NEUTRE,5.0,5.0,0.0,22.4,7,Neutre,Releves,Sourire leger
14:58:39,1085.87,NEUTRE,0.0,0.0,0.0,22.4,30,Plisses,Releves,Fermee
14:58:39,1085.96,NEUTRE,0.0,0.0,0.0,22.4,10,Neutre,Releves,Fermee
14:58:40,1086.08,NEUTRE,5.0,5.0,0.0,22.4,7,Ecarquilles,Releves,Sourire leger
14:58:40,1086.12,NEUTRE,0.0,0.0,0.0,22.4,30,Ecarquilles,Releves,Fermee
14:58:40,1086.2,NEUTRE,0.0,0.0,0.0,22.4,11,Ecarquilles,Releves,Fermee
14:58:40,1086.34,NEUTRE,5.0,5.0,0.0,22.4,7,Ecarquilles,Releves,Sourire leger
14:58:40,1086.37,NEUTRE,5.0,5.0,0.0,22.4,32,Ecarquilles,Releves,Sourire leger
14:58:40,1086.47,NEUTRE,5.0,5.0,0.0,22.4,10,Ecarquilles,Releves,Sourire leger
14:58:40,1086.74,NEUTRE,0.0,0.0,0.0,22.4,3,Ecarquilles,Releves,Fermee
14:58:40,1086.77,NEUTRE,0.0,0.0,0.0,22.5,29,Ecarquilles,Releves,Parle
14:58:40,1086.81,NEUTRE,0.0,0.0,0.0,22.5,31,Neutre,Releves,Parle
14:58:40,1086.87,NEUTRE,0.0,0.0,0.0,22.5,14,Neutre,Releves,Parle
14:58:40,1086.91,NEUTRE,0.0,0.0,0.0,22.5,30,Neutre,Releves,Parle
14:58:40,1086.94,NEUTRE,0.0,0.0,0.0,22.5,31,Neutre,Releves,Parle
14:58:40,1087.01,NEUTRE,3.0,0.0,3.0,22.5,13,Neutre,Releves,Parle
14:58:41,1087.05,NEUTRE,3.0,0.0,3.0,22.5,29,Neutre,Releves,Parle
14:58:41,1087.08,NEUTRE,3.0,0.0,3.0,22.5,31,Neutre,Releves,Parle
14:58:41,1087.15,NEUTRE,3.0,0.0,3.0,22.5,13,Neutre,Releves,Parle
14:58:41,1087.18,NEUTRE,3.0,0.0,3.0,22.5,30,Neutre,Releves,Parle
14:58:41,1087.22,NEUTRE,3.0,0.0,3.0,22.5,30,Neutre,Releves,Parle
14:58:41,1087.35,NEUTRE,3.0,0.0,3.0,22.5,7,Neutre,Stable,Parle
14:58:41,1087.38,NEUTRE,3.0,0.0,3.0,22.5,31,Plisses,Releves,Parle
14:58:41,1087.47,NEUTRE,3.0,0.0,3.0,22.5,10,Neutre,Stable,Parle
14:58:41,1087.6,NEUTRE,0.0,0.0,0.0,22.5,7,Plisses,Releves,Fermee
14:58:41,1087.63,NEUTRE,0.0,0.0,0.0,22.5,29,Neutre,Stable,Fermee
14:58:41,1087.73,NEUTRE,0.0,0.0,0.0,22.5,10,Ecarquilles,Stable,Parle
14:58:41,1087.86,NEUTRE,0.0,0.0,0.0,22.5,7,Neutre,Releves,Fermee
14:58:41,1087.89,NEUTRE,0.0,0.0,0.0,22.5,30,Plisses,Releves,Fermee
14:58:41,1087.98,NEUTRE,0.0,0.0,0.0,22.5,10,Plisses,Releves,Fermee
14:58:42,1088.11,NEUTRE,0.0,0.0,0.0,22.5,7,Neutre,Releves,Parle
14:58:42,1088.14,NEUTRE,0.0,0.0,0.0,22.5,31,Neutre,Releves,Parle
14:58:42,1088.24,NEUTRE,0.0,0.0,0.0,22.5,10,Neutre,Releves,Fermee
14:58:42,1088.37,NEUTRE,0.0,0.0,0.0,22.5,7,Neutre,Releves,Fermee
14:58:42,1088.4,NEUTRE,0.0,0.0,0.0,22.5,31,Neutre,Stable,Parle
14:58:42,1088.49,NEUTRE,0.0,0.0,0.0,22.5,10,Neutre,Stable,Parle
14:58:42,1088.62,NEUTRE,3.0,0.0,3.0,22.5,7,Neutre,Stable,Parle
14:58:42,1088.65,NEUTRE,3.0,0.0,3.0,22.5,29,Neutre,Stable,Parle
14:58:42,1088.75,NEUTRE,3.0,0.0,3.0,22.5,10,Neutre,Stable,Parle
14:58:42,1088.88,NEUTRE,0.0,0.0,0.0,22.5,7,Neutre,Stable,Fermee
14:58:42,1088.91,NEUTRE,0.0,0.0,0.0,22.5,29,Neutre,Stable,Parle
14:58:42,1089.0,NEUTRE,0.0,0.0,0.0,22.5,10,Neutre,Stable,Fermee
14:58:43,1089.14,NEUTRE,0.0,0.0,0.0,22.5,7,Neutre,Stable,Fermee
14:58:43,1089.18,NEUTRE,0.0,0.0,0.0,22.5,31,Neutre,Stable,Fermee
14:58:43,1089.28,NEUTRE,0.0,0.0,0.0,22.5,10,Neutre,Stable,Parle
14:58:43,1089.4,NEUTRE,0.0,0.0,0.0,22.5,7,Neutre,Stable,Parle
14:58:43,1089.44,NEUTRE,0.0,0.0,0.0,22.5,30,Neutre,Stable,Parle
14:58:43,1089.53,NEUTRE,0.0,0.0,0.0,22.5,10,Neutre,Stable,Parle
14:58:43,1089.66,NEUTRE,0.0,0.0,0.0,22.5,7,Neutre,Stable,Parle
14:58:43,1089.69,NEUTRE,0.0,0.0,0.0,22.5,30,Neutre,Stable,Parle
14:58:43,1089.79,NEUTRE,0.0,0.0,0.0,22.5,10,Neutre,Stable,Parle
14:58:43,1089.92,NEUTRE,0.0,0.0,0.0,22.5,7,Neutre,Stable,Parle
14:58:43,1089.95,NEUTRE,0.0,0.0,0.0,22.5,32,Neutre,Stable,Parle
14:58:43,1090.04,NEUTRE,0.0,0.0,0.0,22.5,11,Neutre,Stable,Parle
14:58:44,1090.16,NEUTRE,0.0,0.0,0.0,22.5,7,Neutre,Stable,Parle
14:58:44,1090.2,NEUTRE,0.0,0.0,0.0,22.5,28,Neutre,Stable,Parle
14:58:44,1090.29,NEUTRE,0.0,0.0,0.0,22.5,10,Neutre,Stable,Parle
14:58:44,1090.42,NEUTRE,-4.0,-4.0,0.0,22.5,7,Neutre,Stable,Grimace / Tension
14:58:44,1090.45,NEUTRE,-4.0,-4.0,0.0,22.5,29,Neutre,Stable,Grimace / Tension
14:58:44,1090.56,NEUTRE,-4.0,-4.0,0.0,22.5,9,Neutre,Stable,Grimace / Tension
14:58:44,1090.63,NEUTRE,-4.0,-4.0,0.0,22.5,12,Neutre,Stable,Grimace / Tension
14:58:44,1090.67,NEUTRE,-4.0,-4.0,0.0,22.5,31,Neutre,Stable,Grimace / Tension
14:58:44,1090.76,NEUTRE,-4.0,-4.0,0.0,22.5,10,Plisses,Releves,Grimace / Tension
14:58:44,1090.9,NEUTRE,-1.0,-4.0,3.0,22.5,7,Neutre,Releves,Grimace / Tension
14:58:44,1090.93,NEUTRE,-1.0,-4.0,3.0,22.5,31,Neutre,Releves,Grimace / Tension
14:58:44,1091.02,NEUTRE,-1.0,-4.0,3.0,22.5,10,Ecarquilles,Releves,Grimace / Tension
14:58:45,1091.16,NEUTRE,-1.0,-4.0,3.0,22.5,7,Ecarquilles,Releves,Grimace / Tension
14:58:45,1091.2,NEUTRE,-1.0,-4.0,3.0,22.5,30,Ecarquilles,Releves,Grimace / Tension
14:58:45,1091.29,NEUTRE,3.0,0.0,3.0,22.5,11,Ecarquilles,Releves,Parle
14:58:45,1091.42,NEUTRE,-2.0,-5.0,3.0,22.5,7,Ecarquilles,Releves,Baillement
14:58:45,1091.45,NEUTRE,3.0,0.0,3.0,22.5,29,Ecarquilles,Releves,Parle
14:58:45,1091.55,NEUTRE,3.0,0.0,3.0,22.5,10,Ecarquilles,Releves,Parle
14:58:45,1091.68,NEUTRE,3.0,0.0,3.0,22.5,7,Ecarquilles,Releves,Parle
14:58:45,1091.71,NEUTRE,3.0,0.0,3.0,22.5,31,Ecarquilles,Releves,Parle
14:58:45,1091.8,NEUTRE,3.0,0.0,3.0,22.5,10,Ecarquilles,Releves,Parle
14:58:45,1091.93,NEUTRE,0.0,0.0,0.0,22.5,7,Plisses,Releves,Parle
14:58:45,1091.96,NEUTRE,-4.0,-4.0,0.0,22.5,29,Plisses,Releves,Grimace / Tension
14:58:46,1092.06,NEUTRE,0.0,0.0,0.0,22.5,10,Plisses,Releves,Parle
14:58:46,1092.19,NEUTRE,0.0,0.0,0.0,22.5,7,Plisses,Releves,Parle
14:58:46,1092.22,NEUTRE,-4.0,-4.0,0.0,22.5,31,Plisses,Releves,Grimace / Tension
14:58:46,1092.31,NEUTRE,0.0,0.0,0.0,22.5,11,Plisses,Releves,Parle
14:58:46,1092.45,NEUTRE,5.0,5.0,0.0,22.5,7,Plisses,Releves,Sourire leger
14:58:46,1092.48,NEUTRE,-4.0,-4.0,0.0,22.5,32,Plisses,Releves,Grimace / Tension
14:58:46,1092.57,NEUTRE,5.0,5.0,0.0,22.5,10,Plisses,Releves,Sourire leger
14:58:46,1092.7,NEUTRE,0.0,0.0,0.0,22.5,7,Neutre,Releves,Fermee
14:58:46,1092.73,NEUTRE,5.0,5.0,0.0,22.5,31,Neutre,Releves,Sourire leger
14:58:46,1092.83,NEUTRE,-4.0,-4.0,0.0,22.5,10,Neutre,Releves,Grimace / Tension
14:58:46,1092.96,NEUTRE,-4.0,-4.0,0.0,22.5,7,Ecarquilles,Releves,Grimace / Tension
14:58:46,1092.99,NEUTRE,0.0,0.0,0.0,22.5,30,Ecarquilles,Releves,Parle
14:58:47,1093.09,NEUTRE,0.0,0.0,0.0,22.5,9,Ecarquilles,Releves,Fermee
14:58:47,1093.17,NEUTRE,0.0,0.0,0.0,22.5,12,Ecarquilles,Releves,Fermee
14:58:47,1093.21,NEUTRE,0.0,0.0,0.0,22.5,30,Ecarquilles,Releves,Fermee
14:58:47,1093.3,NEUTRE,0.0,0.0,0.0,22.5,10,Ecarquilles,Releves,Parle
14:58:47,1093.43,NEUTRE,0.0,0.0,0.0,22.5,7,Ecarquilles,Releves,Parle
14:58:47,1093.46,NEUTRE,0.0,0.0,0.0,22.5,32,Ecarquilles,Releves,Parle
14:58:47,1093.7,NEUTRE,0.0,0.0,0.0,22.5,4,Ecarquilles,Releves,Parle
14:58:47,1093.77,NEUTRE,0.0,0.0,0.0,22.5,13,Ecarquilles,Releves,Parle
14:58:47,1093.8,NEUTRE,0.0,0.0,0.0,22.5,32,Ecarquilles,Releves,Parle
14:58:47,1093.83,NEUTRE,0.0,0.0,0.0,22.5,29,Ecarquilles,Releves,Parle
14:58:47,1093.9,NEUTRE,0.0,0.0,0.0,22.5,14,Ecarquilles,Releves,Parle
14:58:47,1093.94,NEUTRE,-4.0,-4.0,0.0,22.5,30,Plisses,Releves,Grimace / Tension
14:58:47,1093.97,NEUTRE,0.0,0.0,0.0,22.5,32,Plisses,Releves,Fermee
14:58:48,1094.04,NEUTRE,0.0,0.0,0.0,22.5,13,Neutre,Releves,Fermee
14:58:48,1094.08,NEUTRE,0.0,0.0,0.0,22.5,29,Plisses,Releves,Fermee
14:58:48,1094.17,NEUTRE,0.0,0.0,0.0,22.5,10,Plisses,Stable,Parle
14:58:48,1094.3,NEUTRE,0.0,0.0,0.0,22.5,7,Plisses,Stable,Parle
14:58:48,1094.33,NEUTRE,0.0,0.0,0.0,22.5,33,Plisses,Stable,Parle
14:58:48,1094.42,NEUTRE,0.0,0.0,0.0,22.5,10,Neutre,Releves,Parle
14:58:48,1094.55,NEUTRE,0.0,0.0,0.0,22.5,7,Plisses,Releves,Parle
14:58:48,1094.59,NEUTRE,0.0,0.0,0.0,22.5,30,Plisses,Releves,Parle
14:58:48,1094.68,NEUTRE,-5.0,-5.0,0.0,22.5,10,Ecarquilles,Releves,Baillement
14:58:48,1094.81,NEUTRE,0.0,0.0,0.0,22.5,7,Ecarquilles,Releves,Parle
14:58:48,1094.85,NEUTRE,0.0,0.0,0.0,22.5,31,Ecarquilles,Releves,Parle
14:58:48,1094.94,NEUTRE,0.0,0.0,0.0,22.5,11,Ecarquilles,Releves,Parle
14:58:49,1095.07,NEUTRE,0.0,0.0,0.0,22.5,7,Ecarquilles,Releves,Parle
14:58:49,1095.1,NEUTRE,0.0,0.0,0.0,22.5,30,Ecarquilles,Releves,Parle
14:58:49,1095.19,NEUTRE,0.0,0.0,0.0,22.5,10,Ecarquilles,Releves,Fermee
14:58:49,1095.34,NEUTRE,0.0,0.0,0.0,22.5,7,Ecarquilles,Releves,Parle
14:58:49,1095.37,NEUTRE,0.0,0.0,0.0,22.5,31,Neutre,Releves,Parle
14:58:49,1095.46,NEUTRE,-4.0,-4.0,0.0,22.5,10,Neutre,Releves,Grimace / Tension
14:58:49,1095.59,NEUTRE,-4.0,-4.0,0.0,22.5,7,Neutre,Releves,Grimace / Tension
14:58:49,1095.62,NEUTRE,-4.0,-4.0,0.0,22.5,31,Neutre,Releves,Grimace / Tension
14:58:49,1095.87,NEUTRE,-4.0,-4.0,0.0,22.5,3,Ecarquilles,Releves,Grimace / Tension
14:58:49,1095.97,NEUTRE,-4.0,-4.0,0.0,22.5,10,Ecarquilles,Releves,Grimace / Tension
14:58:50,1096.1,NEUTRE,-4.0,-4.0,0.0,22.5,7,Ecarquilles,Releves,Grimace / Tension
14:58:50,1096.13,NEUTRE,-4.0,-4.0,0.0,22.5,31,Ecarquilles,Releves,Grimace / Tension
14:58:50,1096.22,NEUTRE,-4.0,-4.0,0.0,22.5,10,Ecarquilles,Releves,Grimace / Tension
14:58:50,1096.36,NEUTRE,5.0,5.0,0.0,22.5,7,Ecarquilles,Releves,Sourire leger
14:58:50,1096.39,NEUTRE,-4.0,-4.0,0.0,22.5,29,Ecarquilles,Releves,Grimace / Tension
14:58:50,1096.48,NEUTRE,-4.0,-4.0,0.0,22.5,11,Ecarquilles,Releves,Grimace / Tension
14:58:50,1096.61,NEUTRE,0.0,0.0,0.0,22.5,7,Ecarquilles,Releves,Fermee
14:58:50,1096.65,NEUTRE,0.0,0.0,0.0,22.5,31,Ecarquilles,Releves,Fermee
14:58:50,1096.74,NEUTRE,-5.0,-5.0,0.0,22.5,10,Ecarquilles,Releves,Baillement
14:58:50,1096.87,NEUTRE,-5.0,-5.0,0.0,22.5,7,Ecarquilles,Releves,Baillement
14:58:50,1096.91,NEUTRE,0.0,0.0,0.0,22.5,30,Ecarquilles,Releves,Fermee
14:58:50,1097.0,NEUTRE,5.0,5.0,0.0,22.5,10,Ecarquilles,Releves,Sourire leger
14:58:51,1097.14,NEUTRE,5.0,5.0,0.0,22.5,7,Ecarquilles,Releves,Sourire leger
14:58:51,1097.17,NEUTRE,5.0,5.0,0.0,22.5,27,Ecarquilles,Releves,Sourire leger
14:58:51,1097.27,NEUTRE,0.0,0.0,0.0,22.5,9,Ecarquilles,Releves,Fermee
14:58:51,1097.4,NEUTRE,0.0,0.0,0.0,22.5,7,Ecarquilles,Releves,Parle
14:58:51,1097.43,NEUTRE,0.0,0.0,0.0,22.5,29,Ecarquilles,Releves,Parle
14:58:51,1097.52,NEUTRE,0.0,0.0,0.0,22.5,11,Ecarquilles,Releves,Parle
14:58:51,1097.65,NEUTRE,0.0,0.0,0.0,22.5,8,Ecarquilles,Releves,Parle
14:58:51,1097.68,NEUTRE,0.0,0.0,0.0,22.5,29,Ecarquilles,Releves,Parle
14:58:51,1097.77,NEUTRE,0.0,0.0,0.0,22.5,11,Ecarquilles,Releves,Parle
14:58:51,1097.91,NEUTRE,0.0,0.0,0.0,22.5,7,Ecarquilles,Releves,Parle
14:58:51,1097.94,NEUTRE,0.0,0.0,0.0,22.5,31,Ecarquilles,Releves,Parle
14:58:51,1098.03,NEUTRE,0.0,0.0,0.0,22.5,11,Ecarquilles,Releves,Parle
14:58:52,1098.16,NEUTRE,0.0,0.0,0.0,22.5,7,Ecarquilles,Releves,Parle
14:58:52,1098.19,NEUTRE,0.0,0.0,0.0,22.5,30,Ecarquilles,Releves,Parle
14:58:52,1098.28,NEUTRE,0.0,0.0,0.0,22.5,11,Plisses,Releves,Parle
14:58:52,1098.41,NEUTRE,-4.0,-4.0,0.0,22.5,7,Plisses,Releves,Grimace / Tension
14:58:52,1098.44,NEUTRE,-4.0,-4.0,0.0,22.5,29,Plisses,Releves,Grimace / Tension
14:58:52,1098.54,NEUTRE,-4.0,-4.0,0.0,22.5,10,Plisses,Releves,Grimace / Tension
14:58:52,1098.66,NEUTRE,0.0,0.0,0.0,22.5,7,Plisses,Releves,Fermee
14:58:52,1098.7,NEUTRE,0.0,0.0,0.0,22.5,29,Plisses,Releves,Fermee
14:58:52,1098.79,NEUTRE,0.0,0.0,0.0,22.5,11,Neutre,Releves,Fermee
14:58:52,1098.92,NEUTRE,5.0,5.0,0.0,22.5,7,Neutre,Releves,Sourire leger
14:58:52,1098.95,NEUTRE,5.0,5.0,0.0,22.5,31,Neutre,Releves,Sourire leger
14:58:53,1099.04,NEUTRE,0.0,0.0,0.0,22.5,10,Neutre,Releves,Parle
14:58:53,1099.17,NEUTRE,0.0,0.0,0.0,22.5,7,Neutre,Releves,Parle
14:58:53,1099.2,NEUTRE,0.0,0.0,0.0,22.5,32,Neutre,Releves,Parle
14:58:53,1099.3,NEUTRE,0.0,0.0,0.0,22.5,10,Neutre,Releves,Parle
14:58:53,1099.43,NEUTRE,0.0,0.0,0.0,22.5,7,Neutre,Stable,Parle
14:58:53,1099.46,NEUTRE,0.0,0.0,0.0,22.5,28,Neutre,Stable,Parle
14:58:53,1099.56,NEUTRE,0.0,0.0,0.0,22.5,10,Neutre,Stable,Parle
14:58:53,1099.68,NEUTRE,0.0,0.0,0.0,22.5,7,Plisses,Stable,Parle
14:58:53,1099.71,NEUTRE,0.0,0.0,0.0,22.5,30,Plisses,Releves,Parle
14:58:53,1099.8,NEUTRE,0.0,0.0,0.0,22.5,11,Plisses,Releves,Parle
14:58:53,1099.93,NEUTRE,0.0,0.0,0.0,22.5,7,Plisses,Releves,Parle
14:58:53,1099.96,NEUTRE,0.0,0.0,0.0,22.5,31,Plisses,Releves,Parle
14:58:54,1100.06,NEUTRE,0.0,0.0,0.0,22.5,9,Plisses,Releves,Parle
14:58:54,1100.14,NEUTRE,0.0,0.0,0.0,22.5,12,Plisses,Releves,Parle
14:58:54,1100.17,NEUTRE,0.0,0.0,0.0,22.5,30,Plisses,Releves,Fermee
14:58:54,1100.32,NEUTRE,0.0,0.0,0.0,22.5,7,Ecarquilles,Releves,Fermee
14:58:54,1100.44,NEUTRE,0.0,0.0,0.0,22.5,7,Ecarquilles,Releves,Fermee
14:58:54,1100.48,NEUTRE,0.0,0.0,0.0,22.5,29,Ecarquilles,Releves,Fermee
14:58:54,1100.58,NEUTRE,0.0,0.0,0.0,22.5,9,Ecarquilles,Releves,Fermee
14:58:54,1100.8,NEUTRE,0.0,0.0,0.0,22.5,4,Ecarquilles,Releves,Fermee
14:58:54,1100.83,NEUTRE,5.0,5.0,0.0,22.5,30,Ecarquilles,Releves,Sourire leger
14:58:54,1100.86,NEUTRE,5.0,5.0,0.0,22.5,32,Ecarquilles,Releves,Sourire leger
14:58:54,1100.93,NEUTRE,5.0,5.0,0.0,22.5,15,Ecarquilles,Releves,Sourire leger
14:58:54,1100.96,NEUTRE,5.0,5.0,0.0,22.5,31,Ecarquilles,Releves,Sourire leger
14:58:54,1101.0,NEUTRE,0.0,0.0,0.0,22.5,29,Ecarquilles,Releves,Parle
14:58:55,1101.07,NEUTRE,0.0,0.0,0.0,22.5,14,Ecarquilles,Releves,Parle
14:58:55,1101.1,NEUTRE,0.0,0.0,0.0,22.5,30,Ecarquilles,Releves,Fermee
14:58:55,1101.13,NEUTRE,0.0,0.0,0.0,22.5,32,Ecarquilles,Releves,Fermee
14:58:55,1101.26,NEUTRE,0.0,0.0,0.0,22.5,7,Ecarquilles,Releves,Fermee
14:58:55,1101.29,NEUTRE,-4.0,-4.0,0.0,22.5,31,Neutre,Releves,Grimace / Tension
14:58:55,1101.38,NEUTRE,-4.0,-4.0,0.0,22.5,10,Neutre,Releves,Grimace / Tension
14:58:55,1101.51,NEUTRE,-4.0,-4.0,0.0,22.5,7,Neutre,Stable,Grimace / Tension
14:58:55,1101.54,NEUTRE,-4.0,-4.0,0.0,22.5,31,Neutre,Stable,Grimace / Tension
14:58:55,1101.65,NEUTRE,5.0,5.0,0.0,22.5,9,Neutre,Stable,Sourire leger
14:58:55,1101.72,NEUTRE,-4.0,-4.0,0.0,22.5,13,Neutre,Stable,Grimace / Tension
14:58:55,1101.75,NEUTRE,-4.0,-4.0,0.0,22.5,31,Neutre,Stable,Grimace / Tension
14:58:55,1101.85,NEUTRE,0.0,0.0,0.0,22.5,9,Neutre,Stable,Parle
14:58:55,1101.98,NEUTRE,5.0,5.0,0.0,22.5,7,Neutre,Stable,Grand Sourire
14:58:55,1102.01,NEUTRE,5.0,5.0,0.0,22.5,31,Neutre,Stable,Grand Sourire
14:58:56,1102.1,NEUTRE,5.0,5.0,0.0,22.5,10,Neutre,Stable,Grand Sourire
14:58:56,1102.23,NEUTRE,5.0,5.0,0.0,22.5,7,Neutre,Stable,Grand Sourire
14:58:56,1102.27,NEUTRE,5.0,5.0,0.0,22.5,31,Neutre,Releves,Grand Sourire
14:58:56,1102.36,NEUTRE,0.0,0.0,0.0,22.5,10,Neutre,Releves,Parle
14:58:56,1102.48,NEUTRE,0.0,0.0,0.0,22.5,7,Neutre,Releves,Parle
14:58:56,1102.52,NEUTRE,5.0,5.0,0.0,22.5,31,Neutre,Releves,Grand Sourire
14:58:56,1102.61,NEUTRE,0.0,0.0,0.0,22.5,10,Neutre,Releves,Parle
14:58:56,1102.73,NEUTRE,0.0,0.0,0.0,22.5,7,Neutre,Releves,Parle
14:58:56,1102.77,NEUTRE,5.0,5.0,0.0,22.5,31,Neutre,Releves,Grand Sourire
14:58:56,1102.86,NEUTRE,5.0,5.0,0.0,22.5,10,Neutre,Releves,Grand Sourire
14:58:56,1102.99,NEUTRE,5.0,5.0,0.0,22.5,7,Plisses,Releves,Sourire leger
14:58:56,1103.02,NEUTRE,5.0,5.0,0.0,22.5,31,Neutre,Stable,Sourire leger
14:58:57,1103.13,NEUTRE,0.0,0.0,0.0,22.5,9,Ecarquilles,Stable,Parle
14:58:57,1103.26,NEUTRE,0.0,0.0,0.0,22.5,7,Ecarquilles,Releves,Parle
14:58:57,1103.29,NEUTRE,0.0,0.0,0.0,22.5,28,Ecarquilles,Releves,Parle
14:58:57,1103.39,NEUTRE,-5.0,-5.0,0.0,22.5,9,Ecarquilles,Releves,Baillement
14:58:57,1103.48,NEUTRE,0.0,0.0,0.0,22.5,11,Ecarquilles,Releves,Parle
14:58:57,1103.52,NEUTRE,5.0,5.0,0.0,22.5,30,Ecarquilles,Releves,Sourire leger
14:58:57,1103.62,NEUTRE,0.0,0.0,0.0,22.5,9,Ecarquilles,Releves,Fermee
14:58:57,1103.71,NEUTRE,0.0,0.0,0.0,22.5,11,Ecarquilles,Releves,Fermee
14:58:57,1103.74,NEUTRE,0.0,0.0,0.0,22.5,28,Ecarquilles,Releves,Fermee
14:58:57,1103.83,NEUTRE,0.0,0.0,0.0,22.5,11,Neutre,Releves,Fermee
14:58:57,1103.97,NEUTRE,0.0,0.0,0.0,22.5,7,Plisses,Releves,Fermee
14:58:57,1104.0,NEUTRE,0.0,0.0,0.0,22.5,30,Plisses,Releves,Fermee
14:58:58,1104.09,NEUTRE,0.0,0.0,0.0,22.5,10,Plisses,Releves,Parle
14:58:58,1104.23,NEUTRE,0.0,0.0,0.0,22.5,7,Neutre,Releves,Parle
14:58:58,1104.26,NEUTRE,5.0,5.0,0.0,22.5,32,Neutre,Stable,Sourire leger
14:58:58,1104.37,NEUTRE,5.0,5.0,0.0,22.5,9,Neutre,Stable,Sourire leger
14:58:58,1104.44,NEUTRE,5.0,5.0,0.0,22.5,13,Neutre,Stable,Sourire leger
14:58:58,1104.48,NEUTRE,5.0,5.0,0.0,22.5,30,Neutre,Stable,Sourire leger
14:58:58,1104.57,NEUTRE,0.0,0.0,0.0,22.5,10,Neutre,Stable,Parle
14:58:58,1104.7,NEUTRE,0.0,0.0,0.0,22.5,7,Plisses,Stable,Parle
14:58:58,1104.74,NEUTRE,0.0,0.0,0.0,22.5,29,Plisses,Stable,Fermee
14:58:58,1104.83,NEUTRE,0.0,0.0,0.0,22.5,10,Neutre,Stable,Parle
14:58:58,1104.96,NEUTRE,0.0,0.0,0.0,22.5,7,Neutre,Stable,Parle
14:58:58,1105.0,NEUTRE,0.0,0.0,0.0,22.5,30,Neutre,Stable,Parle
14:58:59,1105.09,NEUTRE,0.0,0.0,0.0,22.5,10,Neutre,Stable,Parle
14:58:59,1105.22,NEUTRE,0.0,0.0,0.0,22.5,7,Plisses,Stable,Fermee
14:58:59,1105.25,NEUTRE,5.0,5.0,0.0,22.5,31,Plisses,Stable,Sourire leger
14:58:59,1105.35,NEUTRE,5.0,5.0,0.0,22.5,10,Ecarquilles,Stable,Sourire leger
14:58:59,1105.49,NEUTRE,5.0,5.0,0.0,22.5,7,Ecarquilles,Stable,Sourire leger
14:58:59,1105.52,NEUTRE,5.0,5.0,0.0,22.5,29,Ecarquilles,Stable,Sourire leger
14:58:59,1105.61,NEUTRE,5.0,5.0,0.0,22.5,11,Ecarquilles,Stable,Sourire leger
14:58:59,1105.74,NEUTRE,5.0,5.0,0.0,22.5,7,Ecarquilles,Stable,Sourire leger
14:58:59,1105.78,NEUTRE,5.0,5.0,0.0,22.5,29,Ecarquilles,Stable,Sourire leger
14:58:59,1105.88,NEUTRE,5.0,5.0,0.0,22.5,9,Plisses,Releves,Sourire leger
14:58:59,1105.96,CONFORT,5.0,5.0,0.0,22.5,12,Neutre,Releves,Sourire leger
14:58:59,1105.99,CONFORT,5.0,5.0,0.0,22.4,29,Neutre,Stable,Sourire leger
14:59:00,1106.1,CONFORT,5.0,5.0,0.0,22.4,9,Neutre,Stable,Sourire leger
14:59:00,1106.19,CONFORT,8.0,5.0,3.0,22.4,11,Neutre,Stable,Grand Sourire
14:59:00,1106.22,CONFORT,8.0,5.0,3.0,22.4,28,Neutre,Stable,Grand Sourire
14:59:00,1106.31,CONFORT,8.0,5.0,3.0,22.3,10,Neutre,Stable,Grand Sourire
14:59:00,1106.45,CONFORT,8.0,5.0,3.0,22.3,7,Neutre,Stable,Grand Sourire
14:59:00,1106.49,CONFORT,8.0,5.0,3.0,22.3,30,Neutre,Stable,Grand Sourire
14:59:00,1106.58,CONFORT,8.0,5.0,3.0,22.3,10,Plisses,Stable,Grand Sourire
14:59:00,1106.71,CONFORT,0.0,0.0,0.0,22.2,7,Neutre,Stable,Parle
14:59:00,1106.74,CONFORT,5.0,5.0,0.0,22.2,31,Neutre,Stable,Sourire leger
14:59:00,1106.85,CONFORT,5.0,5.0,0.0,22.2,9,Neutre,Stable,Sourire leger
14:59:00,1106.92,CONFORT,5.0,5.0,0.0,22.2,13,Neutre,Stable,Sourire leger
14:59:00,1106.95,CONFORT,5.0,5.0,0.0,22.1,31,Neutre,Stable,Sourire leger
14:59:01,1107.05,CONFORT,5.0,5.0,0.0,22.1,10,Neutre,Stable,Sourire leger
14:59:01,1107.18,CONFORT,5.0,5.0,0.0,22.1,7,Neutre,Stable,Sourire leger
14:59:01,1107.36,CONFORT,5.0,5.0,0.0,22.1,5,Neutre,Stable,Sourire leger
14:59:01,1107.39,CONFORT,5.0,5.0,0.0,22.0,31,Neutre,Stable,Sourire leger
14:59:01,1107.46,CONFORT,5.0,5.0,0.0,22.0,14,Neutre,Stable,Sourire leger
14:59:01,1107.49,CONFORT,5.0,5.0,0.0,22.0,32,Neutre,Stable,Sourire leger
14:59:01,1107.52,CONFORT,5.0,5.0,0.0,22.0,31,Neutre,Stable,Sourire leger
14:59:01,1107.59,CONFORT,5.0,5.0,0.0,22.0,14,Neutre,Stable,Sourire leger
14:59:01,1107.62,CONFORT,5.0,5.0,0.0,21.9,31,Neutre,Stable,Sourire leger
14:59:01,1107.71,CONFORT,5.0,5.0,0.0,21.9,11,Ecarquilles,Stable,Sourire leger
14:59:01,1107.84,CONFORT,5.0,5.0,0.0,21.9,7,Neutre,Stable,Sourire leger
14:59:01,1107.87,CONFORT,5.0,5.0,0.0,21.9,30,Ecarquilles,Stable,Sourire leger
14:59:01,1107.96,CONFORT,5.0,5.0,0.0,21.9,11,Ecarquilles,Releves,Sourire leger
14:59:02,1108.09,CONFORT,5.0,5.0,0.0,21.9,7,Ecarquilles,Releves,Sourire leger
14:59:02,1108.12,CONFORT,5.0,5.0,0.0,21.8,30,Ecarquilles,Releves,Sourire leger
14:59:02,1108.22,CONFORT,5.0,5.0,0.0,21.8,10,Ecarquilles,Releves,Sourire leger
14:59:02,1108.35,CONFORT,0.0,0.0,0.0,21.8,7,Ecarquilles,Releves,Fermee
14:59:02,1108.38,CONFORT,5.0,5.0,0.0,21.8,31,Ecarquilles,Releves,Sourire leger
14:59:02,1108.47,CONFORT,5.0,5.0,0.0,21.8,10,Ecarquilles,Releves,Sourire leger
14:59:02,1108.61,CONFORT,5.0,5.0,0.0,21.8,7,Ecarquilles,Releves,Sourire leger
14:59:02,1108.64,CONFORT,5.0,5.0,0.0,21.7,31,Ecarquilles,Releves,Sourire leger
14:59:02,1108.75,CONFORT,5.0,5.0,0.0,21.7,9,Neutre,Releves,Sourire leger
14:59:02,1108.83,CONFORT,5.0,5.0,0.0,21.7,12,Neutre,Releves,Sourire leger
14:59:02,1108.86,CONFORT,5.0,5.0,0.0,21.7,29,Neutre,Releves,Sourire leger
14:59:02,1108.96,NEUTRE,0.0,0.0,0.0,21.7,9,Neutre,Stable,Fermee
14:59:03,1109.06,NEUTRE,5.0,5.0,0.0,21.7,10,Neutre,Stable,Sourire leger
14:59:03,1109.1,CONFORT,5.0,5.0,0.0,21.7,27,Neutre,Stable,Sourire leger
14:59:03,1109.19,NEUTRE,-1.0,-1.0,0.0,21.7,10,Neutre,Fronces,Sourire leger
14:59:03,1109.36,NEUTRE,-1.0,-1.0,0.0,21.7,5,Neutre,Fronces,Sourire leger
14:59:03,1109.4,NEUTRE,-1.0,-1.0,0.0,21.8,27,Neutre,Fronces,Sourire leger
14:59:03,1109.43,NEUTRE,-1.0,-1.0,0.0,21.8,27,Plisses,Fronces,Sourire leger
14:59:03,1109.53,NEUTRE,5.0,5.0,0.0,21.8,9,Plisses,Stable,Sourire leger
14:59:03,1109.57,NEUTRE,-1.0,-1.0,0.0,21.8,29,Neutre,Fronces,Sourire leger
14:59:03,1109.6,NEUTRE,5.0,5.0,0.0,21.8,28,Neutre,Stable,Sourire leger
14:59:03,1109.75,NEUTRE,5.0,5.0,0.0,21.8,6,Neutre,Stable,Sourire leger
14:59:03,1109.78,NEUTRE,5.0,5.0,0.0,21.8,29,Neutre,Stable,Sourire leger
14:59:03,1109.82,NEUTRE,5.0,5.0,0.0,21.9,31,Neutre,Stable,Sourire leger
14:59:03,1109.96,NEUTRE,5.0,5.0,0.0,21.9,6,Neutre,Stable,Sourire leger
14:59:03,1109.99,NEUTRE,5.0,5.0,0.0,21.9,31,Neutre,Stable,Sourire leger
14:59:04,1110.09,NEUTRE,5.0,5.0,0.0,21.9,10,Neutre,Stable,Sourire leger
14:59:04,1110.22,NEUTRE,5.0,5.0,0.0,21.9,7,Neutre,Stable,Sourire leger
14:59:04,1110.26,NEUTRE,5.0,5.0,0.0,21.9,31,Neutre,Stable,Sourire leger
14:59:04,1110.36,CONFORT,5.0,5.0,0.0,21.9,9,Neutre,Stable,Sourire leger
14:59:04,1110.45,CONFORT,5.0,5.0,0.0,21.9,12,Ecarquilles,Stable,Sourire leger
14:59:04,1110.48,CONFORT,5.0,5.0,0.0,21.9,30,Neutre,Stable,Sourire leger
14:59:04,1110.57,CONFORT,5.0,5.0,0.0,21.8,10,Ecarquilles,Stable,Sourire leger
14:59:04,1110.71,CONFORT,5.0,5.0,0.0,21.8,7,Ecarquilles,Stable,Sourire leger
14:59:04,1110.75,CONFORT,0.0,0.0,0.0,21.8,30,Neutre,Stable,Fermee
14:59:04,1110.85,CONFORT,5.0,5.0,0.0,21.8,9,Neutre,Stable,Grand Sourire
14:59:04,1110.93,CONFORT,8.0,5.0,3.0,21.8,12,Neutre,Stable,Grand Sourire
14:59:04,1110.96,CONFORT,8.0,5.0,3.0,21.8,29,Neutre,Stable,Grand Sourire
14:59:05,1111.05,CONFORT,8.0,5.0,3.0,21.8,10,Neutre,Stable,Grand Sourire
14:59:05,1111.19,CONFORT,8.0,5.0,3.0,21.7,7,Neutre,Stable,Grand Sourire
14:59:05,1111.22,CONFORT,8.0,5.0,3.0,21.7,29,Neutre,Stable,Grand Sourire
14:59:05,1111.32,CONFORT,8.0,5.0,3.0,21.7,10,Neutre,Stable,Grand Sourire
14:59:05,1111.49,CONFORT,8.0,5.0,3.0,21.7,5,Neutre,Stable,Grand Sourire
14:59:05,1111.53,CONFORT,8.0,5.0,3.0,21.7,28,Plisses,Releves,Grand Sourire
14:59:05,1111.56,CONFORT,8.0,5.0,3.0,21.7,30,Plisses,Stable,Grand Sourire
14:59:05,1111.63,CONFORT,8.0,5.0,3.0,21.7,13,Neutre,Stable,Grand Sourire
14:59:05,1111.67,CONFORT,8.0,5.0,3.0,21.6,29,Neutre,Stable,Grand Sourire
14:59:05,1111.76,CONFORT,8.0,5.0,3.0,21.6,10,Neutre,Stable,Grand Sourire
14:59:05,1111.89,CONFORT,8.0,5.0,3.0,21.6,7,Neutre,Stable,Grand Sourire
14:59:05,1111.92,CONFORT,8.0,5.0,3.0,21.6,30,Neutre,Stable,Grand Sourire
14:59:05,1112.03,CONFORT,8.0,5.0,3.0,21.6,9,Neutre,Stable,Grand Sourire
14:59:06,1112.1,CONFORT,8.0,5.0,3.0,21.6,12,Neutre,Stable,Grand Sourire
14:59:06,1112.14,CONFORT,8.0,5.0,3.0,21.6,30,Neutre,Stable,Grand Sourire
14:59:06,1112.23,CONFORT,8.0,5.0,3.0,21.6,10,Neutre,Stable,Grand Sourire
14:59:06,1112.36,CONFORT,8.0,5.0,3.0,21.5,7,Neutre,Stable,Grand Sourire
14:59:06,1112.4,CONFORT,8.0,5.0,3.0,21.5,28,Neutre,Stable,Grand Sourire
14:59:06,1112.5,CONFORT,8.0,5.0,3.0,21.5,9,Neutre,Stable,Grand Sourire
14:59:06,1112.58,CONFORT,8.0,5.0,3.0,21.5,12,Neutre,Stable,Grand Sourire
14:59:06,1112.61,CONFORT,8.0,5.0,3.0,21.5,29,Neutre,Stable,Grand Sourire
14:59:06,1112.71,CONFORT,8.0,5.0,3.0,21.5,10,Neutre,Stable,Grand Sourire
14:59:06,1112.84,CONFORT,8.0,5.0,3.0,21.5,7,Neutre,Stable,Grand Sourire
14:59:06,1112.88,CONFORT,8.0,5.0,3.0,21.5,31,Neutre,Stable,Grand Sourire
14:59:06,1112.97,CONFORT,8.0,5.0,3.0,21.5,10,Plisses,Stable,Grand Sourire
14:59:07,1113.1,CONFORT,8.0,5.0,3.0,21.5,7,Neutre,Stable,Grand Sourire
14:59:07,1113.14,CONFORT,8.0,5.0,3.0,21.4,28,Neutre,Stable,Grand Sourire
14:59:07,1113.23,CONFORT,8.0,5.0,3.0,21.4,10,Neutre,Stable,Grand Sourire
14:59:07,1113.37,CONFORT,8.0,5.0,3.0,21.4,7,Neutre,Stable,Grand Sourire
14:59:07,1113.41,CONFORT,8.0,5.0,3.0,21.4,31,Neutre,Stable,Grand Sourire
14:59:07,1113.52,CONFORT,8.0,5.0,3.0,21.4,8,Neutre,Stable,Grand Sourire
14:59:07,1113.6,CONFORT,8.0,5.0,3.0,21.4,11,Neutre,Stable,Grand Sourire
14:59:07,1113.64,CONFORT,8.0,5.0,3.0,21.4,28,Neutre,Stable,Grand Sourire
14:59:07,1113.88,CONFORT,8.0,5.0,3.0,21.4,4,Neutre,Stable,Grand Sourire
14:59:07,1113.94,CONFORT,8.0,5.0,3.0,21.4,14,Neutre,Stable,Grand Sourire
14:59:07,1113.98,CONFORT,8.0,5.0,3.0,21.4,32,Neutre,Stable,Grand Sourire
14:59:07,1114.01,CONFORT,8.0,5.0,3.0,21.4,30,Neutre,Stable,Grand Sourire
14:59:08,1114.08,CONFORT,8.0,5.0,3.0,21.4,14,Neutre,Stable,Grand Sourire
14:59:08,1114.11,CONFORT,8.0,5.0,3.0,21.3,31,Neutre,Stable,Grand Sourire
14:59:08,1114.14,CONFORT,8.0,5.0,3.0,21.3,31,Neutre,Stable,Grand Sourire
14:59:08,1114.21,CONFORT,8.0,5.0,3.0,21.3,14,Neutre,Stable,Grand Sourire
14:59:08,1114.25,CONFORT,8.0,5.0,3.0,21.3,30,Neutre,Stable,Grand Sourire
14:59:08,1114.34,CONFORT,8.0,5.0,3.0,21.3,10,Neutre,Stable,Grand Sourire
14:59:08,1114.48,CONFORT,8.0,5.0,3.0,21.3,7,Neutre,Stable,Grand Sourire
14:59:08,1114.51,CONFORT,8.0,5.0,3.0,21.3,29,Neutre,Stable,Grand Sourire
14:59:08,1114.6,CONFORT,8.0,5.0,3.0,21.3,10,Neutre,Stable,Grand Sourire
14:59:08,1114.73,CONFORT,5.0,5.0,0.0,21.3,7,Neutre,Stable,Grand Sourire
14:59:08,1114.77,CONFORT,5.0,5.0,0.0,21.3,29,Neutre,Stable,Grand Sourire
14:59:08,1114.86,CONFORT,5.0,5.0,0.0,21.3,10,Neutre,Stable,Sourire leger
14:59:08,1114.99,CONFORT,5.0,5.0,0.0,21.3,7,Plisses,Releves,Sourire leger
14:59:08,1115.03,CONFORT,5.0,5.0,0.0,21.3,29,Plisses,Releves,Sourire leger
14:59:09,1115.13,CONFORT,0.0,0.0,0.0,21.3,10,Neutre,Releves,Fermee
14:59:09,1115.26,CONFORT,0.0,0.0,0.0,21.3,7,Neutre,Releves,Fermee
14:59:09,1115.29,NEUTRE,0.0,0.0,0.0,21.3,30,Neutre,Releves,Fermee
14:59:09,1115.39,NEUTRE,0.0,0.0,0.0,21.3,9,Neutre,Releves,Fermee
14:59:09,1115.48,NEUTRE,0.0,0.0,0.0,21.3,12,Neutre,Releves,Fermee
14:59:09,1115.51,NEUTRE,0.0,0.0,0.0,21.4,29,Neutre,Releves,Parle
14:59:09,1115.61,NEUTRE,0.0,0.0,0.0,21.4,9,Neutre,Releves,Parle
14:59:09,1115.7,NEUTRE,0.0,0.0,0.0,21.4,11,Neutre,Releves,Parle
14:59:09,1115.73,NEUTRE,-5.0,-5.0,0.0,21.4,28,Neutre,Releves,Baillement
14:59:09,1115.83,NEUTRE,-5.0,-5.0,0.0,21.4,9,Neutre,Releves,Baillement
14:59:09,1115.92,NEUTRE,0.0,0.0,0.0,21.5,10,Neutre,Releves,Parle
14:59:09,1115.96,NEUTRE,0.0,0.0,0.0,21.5,27,Neutre,Releves,Parle
14:59:10,1116.06,NEUTRE,0.0,0.0,0.0,21.5,9,Neutre,Releves,Parle
14:59:10,1116.15,NEUTRE,0.0,0.0,0.0,21.5,11,Neutre,Releves,Parle
14:59:10,1116.19,NEUTRE,0.0,0.0,0.0,21.5,28,Neutre,Releves,Parle
14:59:10,1116.28,NEUTRE,0.0,0.0,0.0,21.6,10,Neutre,Releves,Parle
14:59:11,1117.05,NEUTRE,-4.0,-4.0,0.0,21.6,1,Neutre,Stable,Grimace / Tension
14:59:12,1118.05,NEUTRE,-5.0,-5.0,0.0,21.6,1,Neutre,Releves,Baillement
14:59:13,1119.04,NEUTRE,0.0,0.0,0.0,21.6,1,Neutre,Stable,Parle
14:59:14,1120.07,NEUTRE,0.0,0.0,0.0,21.6,0,Neutre,Stable,Parle
14:59:14,1121.02,NEUTRE,-5.0,-5.0,0.0,21.7,1,Neutre,Stable,Baillement
14:59:15,1121.48,NEUTRE,-5.0,-5.0,0.0,21.7,2,Neutre,Releves,Baillement
14:59:15,1121.53,NEUTRE,-5.0,-5.0,0.0,21.7,21,Neutre,Stable,Baillement
14:59:15,1121.62,NEUTRE,-5.0,-5.0,0.0,21.7,11,Neutre,Stable,Baillement
14:59:15,1121.7,NEUTRE,0.0,0.0,0.0,21.7,12,Neutre,Stable,Parle
14:59:15,1121.81,NEUTRE,0.0,0.0,0.0,21.7,9,Neutre,Stable,Parle
14:59:15,1121.84,NEUTRE,0.0,0.0,0.0,21.8,35,Neutre,Stable,Parle
14:59:15,1121.92,NEUTRE,0.0,0.0,0.0,21.8,11,Plisses,Releves,Parle
14:59:15,1122.03,NEUTRE,0.0,0.0,0.0,21.8,8,Plisses,Releves,Fermee
14:59:16,1122.07,NEUTRE,0.0,0.0,0.0,21.8,31,Plisses,Releves,Fermee
14:59:16,1122.16,NEUTRE,0.0,0.0,0.0,21.8,10,Neutre,Stable,Fermee
14:59:16,1122.29,NEUTRE,0.0,0.0,0.0,21.8,7,Neutre,Stable,Fermee
14:59:16,1122.32,NEUTRE,0.0,0.0,0.0,21.8,31,Neutre,Stable,Fermee
14:59:16,1122.42,NEUTRE,0.0,0.0,0.0,21.9,10,Neutre,Stable,Fermee
14:59:16,1122.55,NEUTRE,0.0,0.0,0.0,21.9,7,Neutre,Stable,Fermee
14:59:16,1122.58,NEUTRE,0.0,0.0,0.0,21.9,31,Neutre,Stable,Fermee
14:59:16,1122.7,NEUTRE,0.0,0.0,0.0,21.9,8,Neutre,Stable,Fermee
14:59:16,1122.77,NEUTRE,0.0,0.0,0.0,21.9,13,Neutre,Stable,Fermee
14:59:16,1122.81,NEUTRE,0.0,0.0,0.0,21.9,28,Neutre,Stable,Fermee
14:59:16,1122.92,NEUTRE,0.0,0.0,0.0,21.9,9,Neutre,Stable,Fermee
14:59:16,1122.99,NEUTRE,0.0,0.0,0.0,21.9,13,Neutre,Stable,Fermee
14:59:16,1123.02,NEUTRE,0.0,0.0,0.0,21.9,28,Neutre,Stable,Fermee
14:59:17,1123.12,NEUTRE,0.0,0.0,0.0,22.0,10,Neutre,Stable,Fermee
14:59:17,1123.25,NEUTRE,0.0,0.0,0.0,22.0,7,Neutre,Stable,Fermee
14:59:17,1123.28,NEUTRE,0.0,0.0,0.0,22.0,31,Neutre,Stable,Fermee
14:59:17,1123.38,NEUTRE,0.0,0.0,0.0,22.0,10,Neutre,Releves,Fermee
14:59:17,1123.51,NEUTRE,0.0,0.0,0.0,22.0,7,Neutre,Releves,Fermee
14:59:17,1123.54,NEUTRE,0.0,0.0,0.0,22.0,33,Neutre,Releves,Fermee
14:59:17,1123.64,NEUTRE,0.0,0.0,0.0,22.0,9,Neutre,Stable,Fermee
14:59:17,1123.71,NEUTRE,0.0,0.0,0.0,22.0,13,Neutre,Stable,Fermee
14:59:17,1123.74,NEUTRE,0.0,0.0,0.0,22.0,32,Neutre,Stable,Fermee
14:59:17,1123.84,NEUTRE,0.0,0.0,0.0,22.0,10,Plisses,Releves,Fermee
14:59:17,1123.97,NEUTRE,0.0,0.0,0.0,22.1,7,Plisses,Releves,Fermee
14:59:17,1124.0,NEUTRE,0.0,0.0,0.0,22.1,31,Neutre,Stable,Fermee
14:59:18,1124.09,NEUTRE,0.0,0.0,0.0,22.1,10,Neutre,Stable,Fermee
14:59:18,1124.23,NEUTRE,0.0,0.0,0.0,22.1,7,Neutre,Stable,Fermee
14:59:18,1124.26,NEUTRE,0.0,0.0,0.0,22.1,32,Neutre,Stable,Fermee
14:59:18,1124.36,NEUTRE,0.0,0.0,0.0,22.1,9,Neutre,Releves,Fermee
14:59:18,1124.44,NEUTRE,0.0,0.0,0.0,22.1,12,Neutre,Releves,Fermee
14:59:18,1124.47,NEUTRE,0.0,0.0,0.0,22.1,30,Neutre,Releves,Fermee
14:59:18,1124.57,NEUTRE,0.0,0.0,0.0,22.1,10,Neutre,Releves,Fermee
14:59:18,1124.69,NEUTRE,0.0,0.0,0.0,22.1,7,Neutre,Stable,Fermee
14:59:18,1124.72,NEUTRE,0.0,0.0,0.0,22.1,31,Neutre,Stable,Fermee
14:59:18,1124.82,NEUTRE,0.0,0.0,0.0,22.1,10,Neutre,Stable,Fermee
14:59:18,1124.95,NEUTRE,0.0,0.0,0.0,22.2,7,Neutre,Stable,Fermee
14:59:18,1124.98,NEUTRE,0.0,0.0,0.0,22.2,30,Neutre,Stable,Fermee
14:59:19,1125.07,NEUTRE,0.0,0.0,0.0,22.2,11,Neutre,Stable,Fermee
14:59:19,1125.36,NEUTRE,0.0,0.0,0.0,22.2,3,Plisses,Releves,Fermee
14:59:19,1125.39,NEUTRE,0.0,0.0,0.0,22.2,28,Plisses,Releves,Fermee
14:59:19,1125.42,NEUTRE,0.0,0.0,0.0,22.2,33,Plisses,Releves,Fermee
14:59:19,1125.5,NEUTRE,0.0,0.0,0.0,22.2,13,Plisses,Releves,Fermee
14:59:19,1125.53,NEUTRE,0.0,0.0,0.0,22.2,31,Plisses,Releves,Fermee
14:59:19,1125.56,NEUTRE,0.0,0.0,0.0,22.2,30,Plisses,Releves,Fermee
14:59:19,1125.63,NEUTRE,0.0,0.0,0.0,22.2,14,Plisses,Releves,Fermee
14:59:19,1125.66,NEUTRE,0.0,0.0,0.0,22.2,30,Plisses,Releves,Fermee
14:59:19,1125.7,NEUTRE,0.0,0.0,0.0,22.2,30,Plisses,Releves,Fermee
14:59:19,1125.83,NEUTRE,0.0,0.0,0.0,22.2,7,Plisses,Releves,Fermee
14:59:19,1125.86,NEUTRE,0.0,0.0,0.0,22.2,31,Plisses,Releves,Fermee
14:59:19,1125.96,NEUTRE,0.0,0.0,0.0,22.2,10,Plisses,Releves,Fermee
14:59:20,1126.09,NEUTRE,0.0,0.0,0.0,22.2,7,Plisses,Releves,Fermee
14:59:20,1126.12,NEUTRE,0.0,0.0,0.0,22.2,30,Plisses,Releves,Fermee
14:59:20,1126.22,NEUTRE,0.0,0.0,0.0,22.3,10,Plisses,Releves,Fermee
14:59:20,1126.37,NEUTRE,0.0,0.0,0.0,22.3,6,Neutre,Stable,Fermee
14:59:20,1126.41,NEUTRE,0.0,0.0,0.0,22.3,25,Neutre,Stable,Fermee
14:59:20,1126.5,NEUTRE,0.0,0.0,0.0,22.3,10,Neutre,Stable,Fermee
14:59:20,1126.63,NEUTRE,0.0,0.0,0.0,22.3,7,Neutre,Stable,Fermee
14:59:20,1126.67,NEUTRE,0.0,0.0,0.0,22.3,26,Neutre,Stable,Fermee
14:59:20,1126.77,NEUTRE,0.0,0.0,0.0,22.3,9,Neutre,Stable,Fermee
14:59:20,1126.87,NEUTRE,0.0,0.0,0.0,22.3,10,Neutre,Stable,Fermee
14:59:20,1126.9,NEUTRE,0.0,0.0,0.0,22.3,30,Neutre,Stable,Fermee
14:59:20,1127.0,NEUTRE,0.0,0.0,0.0,22.3,10,Neutre,Stable,Fermee
14:59:21,1127.14,NEUTRE,0.0,0.0,0.0,22.3,7,Neutre,Stable,Fermee
14:59:21,1127.18,NEUTRE,0.0,0.0,0.0,22.3,28,Neutre,Stable,Fermee
14:59:21,1127.28,NEUTRE,0.0,0.0,0.0,22.3,9,Neutre,Stable,Fermee
14:59:21,1127.36,NEUTRE,0.0,0.0,0.0,22.3,12,Neutre,Stable,Fermee
14:59:21,1127.39,NEUTRE,0.0,0.0,0.0,22.3,29,Neutre,Stable,Fermee
14:59:21,1127.49,NEUTRE,0.0,0.0,0.0,22.3,10,Neutre,Stable,Fermee
14:59:21,1127.62,NEUTRE,0.0,0.0,0.0,22.3,7,Neutre,Stable,Fermee
14:59:21,1127.65,NEUTRE,0.0,0.0,0.0,22.3,30,Neutre,Stable,Fermee
14:59:21,1127.74,NEUTRE,0.0,0.0,0.0,22.3,10,Neutre,Stable,Fermee
14:59:21,1127.89,NEUTRE,0.0,0.0,0.0,22.3,6,Plisses,Releves,Fermee
14:59:21,1127.92,NEUTRE,0.0,0.0,0.0,22.3,30,Plisses,Stable,Fermee
14:59:21,1128.02,NEUTRE,0.0,0.0,0.0,22.3,10,Neutre,Stable,Fermee
14:59:22,1128.15,NEUTRE,0.0,0.0,0.0,22.3,7,Neutre,Stable,Fermee
14:59:22,1128.18,NEUTRE,0.0,0.0,0.0,22.3,29,Neutre,Stable,Fermee
14:59:22,1128.27,NEUTRE,0.0,0.0,0.0,22.3,11,Neutre,Stable,Fermee
14:59:22,1128.4,NEUTRE,0.0,0.0,0.0,22.4,7,Neutre,Stable,Fermee
14:59:22,1128.44,NEUTRE,0.0,0.0,0.0,22.4,29,Neutre,Stable,Fermee
14:59:22,1128.53,NEUTRE,0.0,0.0,0.0,22.4,10,Neutre,Stable,Fermee
14:59:22,1128.67,NEUTRE,0.0,0.0,0.0,22.4,6,Neutre,Stable,Fermee
14:59:22,1128.71,NEUTRE,0.0,0.0,0.0,22.4,31,Neutre,Stable,Fermee
14:59:22,1128.81,NEUTRE,0.0,0.0,0.0,22.4,9,Neutre,Stable,Fermee
14:59:22,1128.88,NEUTRE,0.0,0.0,0.0,22.4,13,Neutre,Stable,Fermee
14:59:22,1128.92,NEUTRE,0.0,0.0,0.0,22.4,30,Neutre,Stable,Fermee
14:59:22,1129.01,NEUTRE,0.0,0.0,0.0,22.4,10,Neutre,Stable,Fermee
14:59:23,1129.15,NEUTRE,0.0,0.0,0.0,22.4,7,Neutre,Stable,Fermee
14:59:23,1129.18,NEUTRE,0.0,0.0,0.0,22.4,29,Neutre,Stable,Fermee
14:59:23,1129.28,NEUTRE,0.0,0.0,0.0,22.4,10,Neutre,Stable,Fermee
14:59:23,1129.44,NEUTRE,0.0,0.0,0.0,22.4,6,Ecarquilles,Stable,Fermee
14:59:23,1129.48,NEUTRE,0.0,0.0,0.0,22.4,24,Ecarquilles,Stable,Fermee
14:59:23,1129.52,NEUTRE,0.0,0.0,0.0,22.4,23,Ecarquilles,Stable,Fermee
14:59:23,1129.68,NEUTRE,0.0,0.0,0.0,22.4,6,Neutre,Stable,Fermee
14:59:23,1129.71,NEUTRE,0.0,0.0,0.0,22.4,29,Neutre,Stable,Fermee
14:59:23,1129.75,NEUTRE,0.0,0.0,0.0,22.4,25,Plisses,Releves,Fermee
14:59:23,1129.91,NEUTRE,0.0,0.0,0.0,22.4,6,Neutre,Stable,Fermee
14:59:23,1129.97,NEUTRE,0.0,0.0,0.0,22.4,17,Neutre,Stable,Fermee
14:59:23,1130.01,NEUTRE,0.0,0.0,0.0,22.4,26,Neutre,Stable,Fermee
14:59:24,1130.09,NEUTRE,0.0,0.0,0.0,22.4,11,Neutre,Stable,Fermee
14:59:24,1130.13,NEUTRE,0.0,0.0,0.0,22.4,25,Neutre,Stable,Fermee
14:59:24,1130.23,NEUTRE,0.0,0.0,0.0,22.4,10,Neutre,Releves,Fermee
14:59:24,1130.37,NEUTRE,0.0,0.0,0.0,22.4,7,Neutre,Stable,Fermee
14:59:24,1130.41,NEUTRE,0.0,0.0,0.0,22.4,27,Neutre,Releves,Fermee
14:59:24,1130.5,NEUTRE,0.0,0.0,0.0,22.4,10,Neutre,Releves,Fermee
14:59:24,1130.64,NEUTRE,0.0,0.0,0.0,22.4,7,Neutre,Stable,Fermee
14:59:24,1130.67,NEUTRE,0.0,0.0,0.0,22.4,29,Neutre,Stable,Fermee
14:59:24,1130.76,NEUTRE,0.0,0.0,0.0,22.4,10,Neutre,Stable,Fermee
14:59:24,1130.9,NEUTRE,0.0,0.0,0.0,22.4,7,Plisses,Releves,Fermee
14:59:24,1130.94,NEUTRE,0.0,0.0,0.0,22.4,21,Plisses,Releves,Fermee
14:59:25,1132.03,NEUTRE,0.0,0.0,0.0,22.4,0,Neutre,Stable,Fermee
14:59:26,1133.04,NEUTRE,0.0,0.0,0.0,22.4,0,Neutre,Stable,Fermee
14:59:28,1134.05,NEUTRE,0.0,0.0,0.0,22.4,0,Plisses,Releves,Parle
14:59:28,1135.03,NEUTRE,0.0,0.0,0.0,22.4,1,Neutre,Stable,Parle
14:59:30,1136.08,NEUTRE,0.0,0.0,0.0,22.4,0,Neutre,Stable,Parle
14:59:30,1137.04,NEUTRE,0.0,0.0,0.0,22.4,1,Neutre,Stable,Fermee
14:59:31,1138.02,NEUTRE,0.0,0.0,0.0,22.4,1,Plisses,Stable,Fermee
14:59:32,1139.04,NEUTRE,0.0,0.0,0.0,22.4,0,Neutre,Stable,Fermee
14:59:33,1140.03,NEUTRE,-4.0,-4.0,0.0,22.4,1,Plisses,Releves,Grimace / Tension
14:59:35,1141.04,NEUTRE,0.0,0.0,0.0,22.4,0,Ecarquilles,Releves,Parle
14:59:36,1142.07,NEUTRE,0.0,0.0,0.0,22.4,0,Neutre,Releves,Fermee
14:59:37,1143.27,NEUTRE,-4.0,-4.0,0.0,22.4,0,Plisses,Releves,Grimace / Tension
14:59:39,1145.08,NEUTRE,-1.0,-4.0,3.0,22.4,0,Plisses,Stable,Grimace / Tension
14:59:40,1146.04,NEUTRE,-1.0,-4.0,3.0,22.4,1,Plisses,Stable,Grimace / Tension
14:59:40,1147.04,NEUTRE,-1.0,-4.0,3.0,22.4,1,Plisses,Stable,Grimace / Tension
14:59:42,1148.04,NEUTRE,-1.0,-4.0,3.0,22.4,0,Neutre,Stable,Grimace / Tension
14:59:43,1149.05,NEUTRE,-1.0,-4.0,3.0,22.4,0,Plisses,Stable,Grimace / Tension
14:59:44,1150.05,NEUTRE,-1.0,-4.0,3.0,22.4,1,Neutre,Stable,Grimace / Tension
14:59:45,1151.09,NEUTRE,-4.0,-4.0,0.0,22.4,0,Neutre,Stable,Grimace / Tension
14:59:45,1152.04,NEUTRE,-4.0,-4.0,0.0,22.4,1,Plisses,Stable,Grimace / Tension
14:59:46,1153.04,NEUTRE,-4.0,-4.0,0.0,22.4,0,Neutre,Stable,Grimace / Tension
14:59:48,1154.07,NEUTRE,-1.0,-4.0,3.0,22.4,0,Plisses,Releves,Grimace / Tension
14:59:50,1156.06,NEUTRE,3.0,0.0,3.0,22.5,0,Plisses,Releves,Parle
14:59:50,1157.03,NEUTRE,-1.0,-4.0,3.0,22.5,1,Plisses,Releves,Grimace / Tension
14:59:51,1158.01,NEUTRE,-1.0,-4.0,3.0,22.5,1,Plisses,Releves,Grimace / Tension
14:59:52,1159.03,NEUTRE,-1.0,-4.0,3.0,22.5,0,Plisses,Stable,Grimace / Tension
14:59:54,1160.08,NEUTRE,-1.0,-4.0,3.0,22.5,0,Plisses,Stable,Grimace / Tension
14:59:54,1161.03,NEUTRE,-1.0,-4.0,3.0,22.5,1,Plisses,Stable,Grimace / Tension
14:59:55,1162.0,NEUTRE,-1.0,-4.0,3.0,22.5,1,Plisses,Stable,Grimace / Tension
14:59:57,1163.05,NEUTRE,-1.0,-4.0,3.0,22.5,0,Plisses,Releves,Grimace / Tension
14:59:58,1164.04,NEUTRE,-7.0,-10.0,3.0,22.5,1,Neutre,Fronces,Grimace / Tension
15:00:03,1169.09,NEUTRE,-1.0,-4.0,3.0,22.5,0,Plisses,Stable,Grimace / Tension
15:00:04,1170.04,NEUTRE,-1.0,-4.0,3.0,22.5,1,Plisses,Stable,Grimace / Tension
15:00:04,1171.03,NEUTRE,3.0,0.0,3.0,22.5,1,Plisses,Releves,Parle
15:00:06,1172.08,NEUTRE,-6.0,-6.0,0.0,22.5,0,Neutre,Fronces,Fermee
15:00:07,1174.03,NEUTRE,-4.0,-4.0,0.0,22.5,0,Neutre,Stable,Grimace / Tension
15:00:09,1175.08,NEUTRE,-1.0,-4.0,3.0,22.5,0,Plisses,Stable,Grimace / Tension
15:00:09,1175.1,NEUTRE,-1.0,-4.0,3.0,22.5,45,Plisses,Stable,Grimace / Tension
15:00:09,1176.02,NEUTRE,-1.0,-4.0,3.0,22.5,1,Plisses,Stable,Grimace / Tension
15:00:11,1177.07,NEUTRE,-4.0,-4.0,0.0,22.5,0,Plisses,Stable,Grimace / Tension
15:00:11,1178.01,NEUTRE,0.0,0.0,0.0,22.5,1,Plisses,Stable,Parle
15:00:12,1179.04,NEUTRE,-4.0,-4.0,0.0,22.5,0,Plisses,Releves,Grimace / Tension
15:00:14,1180.05,NEUTRE,-6.0,-6.0,0.0,22.5,0,Neutre,Fronces,Fermee
15:00:14,1181.01,NEUTRE,-6.0,-6.0,0.0,22.5,1,Neutre,Fronces,Fermee
15:00:15,1182.0,NEUTRE,-6.0,-6.0,0.0,22.5,1,Plisses,Fronces,Fermee
15:00:16,1183.03,NEUTRE,-6.0,-6.0,0.0,22.5,0,Neutre,Fronces,Parle
15:00:17,1184.02,INCONFORT,-6.0,-6.0,0.0,22.4,1,Neutre,Fronces,Fermee
15:00:18,1185.03,INCONFORT,-6.0,-6.0,0.0,22.3,0,Neutre,Fronces,Fermee
15:00:19,1186.03,INCONFORT,-6.0,-6.0,0.0,22.2,1,Neutre,Fronces,Fermee
15:00:21,1188.01,INCONFORT,-5.0,-5.0,0.0,22.1,0,Neutre,Stable,Baillement
15:00:23,1189.09,INCONFORT,-1.0,-4.0,3.0,22.0,0,Neutre,Stable,Grimace / Tension
15:00:23,1190.01,INCONFORT,3.0,0.0,3.0,22.0,1,Neutre,Stable,Fermee
15:00:25,1191.04,NEUTRE,3.0,0.0,3.0,22.0,0,Plisses,Stable,Fermee
15:00:26,1192.07,NEUTRE,0.0,0.0,0.0,22.0,0,Plisses,Releves,Fermee
15:00:26,1193.0,NEUTRE,5.0,5.0,0.0,22.0,1,Neutre,Releves,Sourire leger
15:00:27,1194.0,NEUTRE,5.0,5.0,0.0,22.0,1,Ecarquilles,Stable,Sourire leger
15:00:28,1194.37,NEUTRE,5.0,5.0,0.0,22.0,2,Neutre,Releves,Sourire leger
15:00:28,1194.39,NEUTRE,5.0,5.0,0.0,22.0,51,Plisses,Releves,Sourire leger
15:00:28,1194.49,NEUTRE,0.0,0.0,0.0,22.0,10,Plisses,Releves,Fermee
15:00:28,1194.61,NEUTRE,0.0,0.0,0.0,22.0,8,Neutre,Releves,Fermee
15:00:28,1194.63,NEUTRE,0.0,0.0,0.0,22.0,43,Neutre,Releves,Fermee
15:00:28,1194.72,NEUTRE,0.0,0.0,0.0,22.1,11,Neutre,Releves,Fermee
15:00:28,1194.83,NEUTRE,0.0,0.0,0.0,22.1,9,Neutre,Releves,Fermee
15:00:28,1194.86,NEUTRE,0.0,0.0,0.0,22.1,34,Neutre,Releves,Fermee
15:00:28,1194.95,NEUTRE,0.0,0.0,0.0,22.1,10,Neutre,Releves,Fermee
15:00:29,1195.1,NEUTRE,5.0,5.0,0.0,22.1,6,Neutre,Releves,Sourire leger
15:00:29,1195.13,NEUTRE,5.0,5.0,0.0,22.1,31,Neutre,Releves,Sourire leger
15:00:29,1195.23,NEUTRE,0.0,0.0,0.0,22.1,9,Neutre,Releves,Fermee
15:00:29,1195.31,NEUTRE,0.0,0.0,0.0,22.1,13,Neutre,Releves,Fermee
15:00:29,1195.34,NEUTRE,0.0,0.0,0.0,22.1,30,Neutre,Releves,Fermee
15:00:29,1195.43,NEUTRE,5.0,5.0,0.0,22.1,10,Neutre,Releves,Sourire leger
15:00:29,1195.56,NEUTRE,5.0,5.0,0.0,22.1,8,Neutre,Releves,Sourire leger
15:00:29,1195.59,NEUTRE,5.0,5.0,0.0,22.1,31,Neutre,Releves,Sourire leger
15:00:29,1195.69,NEUTRE,5.0,5.0,0.0,22.2,10,Neutre,Releves,Sourire leger
15:00:29,1195.82,NEUTRE,5.0,5.0,0.0,22.2,7,Plisses,Releves,Sourire leger
15:00:29,1195.85,NEUTRE,5.0,5.0,0.0,22.2,33,Plisses,Releves,Sourire leger
15:00:29,1195.94,NEUTRE,5.0,5.0,0.0,22.2,11,Neutre,Releves,Grand Sourire
15:00:30,1196.07,NEUTRE,8.0,5.0,3.0,22.2,7,Plisses,Releves,Grand Sourire
15:00:30,1196.1,CONFORT,8.0,5.0,3.0,22.2,32,Neutre,Releves,Grand Sourire
15:00:30,1196.2,CONFORT,8.0,5.0,3.0,22.1,10,Neutre,Stable,Grand Sourire
15:00:30,1196.33,CONFORT,8.0,5.0,3.0,22.1,7,Plisses,Stable,Grand Sourire
15:00:30,1196.37,CONFORT,8.0,5.0,3.0,22.1,30,Plisses,Stable,Grand Sourire
15:00:30,1196.46,CONFORT,8.0,5.0,3.0,22.1,10,Plisses,Stable,Grand Sourire
15:00:30,1196.6,CONFORT,8.0,5.0,3.0,22.0,7,Plisses,Stable,Grand Sourire
15:00:30,1196.63,CONFORT,8.0,5.0,3.0,22.0,31,Plisses,Stable,Grand Sourire
15:00:30,1196.73,CONFORT,8.0,5.0,3.0,22.0,10,Plisses,Stable,Grand Sourire
15:00:30,1196.87,CONFORT,8.0,5.0,3.0,22.0,7,Plisses,Stable,Grand Sourire
15:00:30,1196.9,CONFORT,8.0,5.0,3.0,22.0,31,Plisses,Stable,Grand Sourire
15:00:30,1197.0,CONFORT,-1.0,-4.0,3.0,21.9,9,Plisses,Stable,Grimace / Tension
15:00:31,1197.08,CONFORT,8.0,5.0,3.0,21.9,12,Plisses,Stable,Grand Sourire
15:00:31,1197.11,CONFORT,8.0,5.0,3.0,21.9,30,Plisses,Stable,Grand Sourire
15:00:31,1197.21,CONFORT,8.0,5.0,3.0,21.9,10,Plisses,Stable,Grand Sourire
15:00:31,1197.34,CONFORT,8.0,5.0,3.0,21.9,7,Neutre,Stable,Grand Sourire
15:00:31,1197.37,CONFORT,-1.0,-4.0,3.0,21.9,30,Plisses,Stable,Grimace / Tension
15:00:31,1197.47,CONFORT,-1.0,-4.0,3.0,21.8,10,Plisses,Stable,Grimace / Tension
15:00:31,1197.76,NEUTRE,-4.0,-4.0,0.0,21.9,3,Plisses,Stable,Grimace / Tension
15:00:31,1197.79,NEUTRE,-4.0,-4.0,0.0,21.9,33,Plisses,Stable,Grimace / Tension
15:00:31,1197.82,NEUTRE,-4.0,-4.0,0.0,21.9,32,Plisses,Stable,Grimace / Tension
15:00:31,1197.9,NEUTRE,5.0,5.0,0.0,21.9,13,Plisses,Stable,Sourire leger
15:00:31,1197.93,NEUTRE,-4.0,-4.0,0.0,21.9,31,Plisses,Releves,Grimace / Tension
15:00:31,1197.96,NEUTRE,0.0,0.0,0.0,21.9,31,Plisses,Releves,Fermee
15:00:31,1198.03,NEUTRE,0.0,0.0,0.0,21.9,13,Plisses,Releves,Fermee
15:00:32,1198.06,NEUTRE,-4.0,-4.0,0.0,21.9,30,Plisses,Releves,Grimace / Tension
15:00:32,1198.1,NEUTRE,-4.0,-4.0,0.0,21.9,30,Plisses,Releves,Grimace / Tension
15:00:32,1198.17,NEUTRE,-4.0,-4.0,0.0,22.0,13,Plisses,Releves,Grimace / Tension
15:00:32,1198.2,NEUTRE,-4.0,-4.0,0.0,22.0,29,Plisses,Releves,Grimace / Tension
15:00:32,1198.3,NEUTRE,-4.0,-4.0,0.0,22.0,9,Plisses,Releves,Grimace / Tension
15:00:32,1198.43,NEUTRE,-4.0,-4.0,0.0,22.0,7,Plisses,Releves,Grimace / Tension
15:00:32,1198.46,NEUTRE,-4.0,-4.0,0.0,22.0,32,Plisses,Releves,Grimace / Tension
15:00:32,1198.56,NEUTRE,-4.0,-4.0,0.0,22.0,10,Plisses,Releves,Grimace / Tension
15:00:32,1198.69,NEUTRE,-4.0,-4.0,0.0,22.0,7,Plisses,Releves,Grimace / Tension
15:00:32,1198.72,INCONFORT,-4.0,-4.0,0.0,21.9,31,Plisses,Releves,Grimace / Tension
15:00:32,1198.82,INCONFORT,-4.0,-4.0,0.0,21.9,9,Plisses,Releves,Grimace / Tension
15:00:32,1198.91,INCONFORT,-4.0,-4.0,0.0,21.8,11,Plisses,Releves,Grimace / Tension
15:00:32,1198.94,NEUTRE,0.0,0.0,0.0,21.8,29,Plisses,Releves,Fermee
15:00:32,1199.03,NEUTRE,0.0,0.0,0.0,21.8,10,Plisses,Releves,Fermee
15:00:33,1199.17,NEUTRE,0.0,0.0,0.0,21.8,7,Plisses,Releves,Fermee
15:00:33,1199.2,NEUTRE,0.0,0.0,0.0,21.8,30,Plisses,Releves,Fermee
15:00:33,1199.3,NEUTRE,0.0,0.0,0.0,21.9,10,Plisses,Releves,Fermee
15:00:33,1199.44,NEUTRE,0.0,0.0,0.0,21.9,7,Plisses,Releves,Fermee
15:00:33,1199.47,NEUTRE,0.0,0.0,0.0,21.9,31,Plisses,Releves,Fermee
15:00:33,1199.57,NEUTRE,0.0,0.0,0.0,21.9,10,Plisses,Releves,Fermee
15:00:33,1199.7,NEUTRE,0.0,0.0,0.0,21.9,7,Plisses,Releves,Fermee
15:00:33,1199.74,NEUTRE,0.0,0.0,0.0,21.9,30,Plisses,Releves,Fermee
15:00:33,1199.84,NEUTRE,0.0,0.0,0.0,21.9,10,Plisses,Releves,Fermee
15:00:33,1199.97,NEUTRE,0.0,0.0,0.0,21.9,7,Plisses,Stable,Fermee
15:00:33,1200.0,NEUTRE,-6.0,-6.0,0.0,21.9,32,Plisses,Fronces,Fermee
15:00:34,1200.1,NEUTRE,-6.0,-6.0,0.0,22.0,10,Plisses,Fronces,Fermee
15:00:34,1200.24,NEUTRE,-6.0,-6.0,0.0,22.0,7,Plisses,Fronces,Fermee
15:00:34,1200.28,NEUTRE,-6.0,-6.0,0.0,22.0,25,Plisses,Fronces,Fermee
15:00:34,1200.38,NEUTRE,-6.0,-6.0,0.0,22.0,10,Plisses,Fronces,Fermee
15:00:34,1200.51,NEUTRE,-6.0,-6.0,0.0,22.0,7,Plisses,Fronces,Fermee
15:00:34,1200.54,NEUTRE,-1.0,-1.0,0.0,22.0,30,Plisses,Fronces,Sourire leger
15:00:34,1200.63,INCONFORT,-6.0,-6.0,0.0,21.9,10,Plisses,Fronces,Fermee
15:00:34,1200.77,INCONFORT,-6.0,-6.0,0.0,21.9,7,Plisses,Fronces,Fermee
15:00:34,1200.8,INCONFORT,-6.0,-6.0,0.0,21.8,30,Plisses,Fronces,Fermee
15:00:34,1200.9,INCONFORT,-6.0,-6.0,0.0,21.7,10,Plisses,Fronces,Fermee
15:00:34,1201.03,INCONFORT,-6.0,-6.0,0.0,21.6,7,Plisses,Fronces,Fermee
15:00:35,1201.07,INCONFORT,-6.0,-6.0,0.0,21.6,30,Plisses,Fronces,Fermee
15:00:35,1201.16,INCONFORT,-6.0,-6.0,0.0,21.5,11,Plisses,Fronces,Fermee
15:00:35,1201.3,INCONFORT,-6.0,-6.0,0.0,21.4,7,Plisses,Fronces,Fermee
15:00:35,1201.33,INCONFORT,-6.0,-6.0,0.0,21.3,30,Plisses,Fronces,Fermee
15:00:35,1201.44,INCONFORT,-6.0,-6.0,0.0,21.3,9,Plisses,Fronces,Fermee
15:00:35,1201.52,INCONFORT,-6.0,-6.0,0.0,21.2,11,Plisses,Fronces,Fermee
15:00:35,1201.56,INCONFORT,-6.0,-6.0,0.0,21.1,29,Plisses,Fronces,Fermee
15:00:35,1201.66,INCONFORT,-6.0,-6.0,0.0,21.1,9,Plisses,Fronces,Fermee
15:00:35,1201.74,INCONFORT,-6.0,-6.0,0.0,21.0,12,Plisses,Fronces,Fermee
15:00:35,1201.77,INCONFORT,-6.0,-6.0,0.0,21.0,31,Plisses,Fronces,Fermee
15:00:35,1201.86,INCONFORT,-6.0,-6.0,0.0,20.9,10,Plisses,Fronces,Fermee
15:00:35,1202.0,INCONFORT,-6.0,-6.0,0.0,20.8,7,Plisses,Fronces,Fermee
15:00:35,1202.03,INCONFORT,-6.0,-6.0,0.0,20.8,32,Plisses,Fronces,Fermee
15:00:36,1202.13,INCONFORT,-6.0,-6.0,0.0,20.7,9,Plisses,Fronces,Fermee
15:00:36,1202.21,INCONFORT,-6.0,-6.0,0.0,20.7,13,Plisses,Fronces,Fermee
15:00:36,1202.24,INCONFORT,-6.0,-6.0,0.0,20.6,31,Plisses,Fronces,Fermee
15:00:36,1202.33,INCONFORT,-6.0,-6.0,0.0,20.6,10,Plisses,Fronces,Fermee
15:00:36,1202.46,INCONFORT,-6.0,-6.0,0.0,20.5,7,Plisses,Fronces,Fermee
15:00:36,1202.5,INCONFORT,-6.0,-6.0,0.0,20.5,30,Plisses,Fronces,Fermee
15:00:36,1202.6,INCONFORT,-6.0,-6.0,0.0,20.4,9,Plisses,Fronces,Fermee
15:00:36,1202.68,INCONFORT,-6.0,-6.0,0.0,20.4,13,Plisses,Fronces,Fermee
15:00:36,1202.71,INCONFORT,-6.0,-6.0,0.0,20.3,30,Plisses,Fronces,Fermee
15:00:36,1202.8,INCONFORT,-6.0,-6.0,0.0,20.3,11,Plisses,Fronces,Fermee
15:00:36,1202.94,INCONFORT,-10.0,-10.0,0.0,20.2,7,Plisses,Fronces,Grimace / Tension
15:00:36,1202.97,INCONFORT,-10.0,-10.0,0.0,20.2,31,Plisses,Fronces,Grimace / Tension
15:00:37,1203.07,INCONFORT,-10.0,-10.0,0.0,20.1,10,Plisses,Fronces,Grimace / Tension
15:00:37,1203.2,INCONFORT,-1.0,-1.0,0.0,20.1,7,Plisses,Fronces,Sourire leger
15:00:37,1203.24,INCONFORT,-10.0,-10.0,0.0,20.1,29,Plisses,Fronces,Grimace / Tension
15:00:37,1203.33,INCONFORT,-10.0,-10.0,0.0,20.0,10,Plisses,Fronces,Grimace / Tension
15:00:37,1203.47,INCONFORT,-10.0,-10.0,0.0,20.0,7,Plisses,Fronces,Grimace / Tension
15:00:37,1203.51,INCONFORT,-10.0,-10.0,0.0,19.9,31,Plisses,Fronces,Grimace / Tension
15:00:37,1203.6,INCONFORT,-1.0,-1.0,0.0,19.9,10,Neutre,Fronces,Grand Sourire
15:00:37,1203.74,INCONFORT,2.0,-1.0,3.0,19.9,7,Plisses,Fronces,Grand Sourire
15:00:37,1203.77,INCONFORT,2.0,-1.0,3.0,19.8,32,Plisses,Fronces,Grand Sourire
15:00:37,1203.87,INCONFORT,2.0,-1.0,3.0,19.8,10,Plisses,Fronces,Grand Sourire
15:00:37,1204.0,NEUTRE,2.0,-1.0,3.0,19.8,7,Plisses,Fronces,Grand Sourire
15:00:37,1204.03,NEUTRE,2.0,-1.0,3.0,19.9,31,Neutre,Fronces,Grand Sourire
15:00:38,1204.14,NEUTRE,2.0,-1.0,3.0,19.9,9,Plisses,Fronces,Grand Sourire
15:00:38,1204.22,NEUTRE,2.0,-1.0,3.0,20.0,12,Neutre,Fronces,Grand Sourire
15:00:38,1204.26,NEUTRE,2.0,-1.0,3.0,20.0,23,Neutre,Fronces,Grand Sourire
15:00:38,1204.36,NEUTRE,2.0,-1.0,3.0,20.1,10,Neutre,Fronces,Grand Sourire
15:00:38,1204.49,NEUTRE,2.0,-1.0,3.0,20.1,7,Neutre,Fronces,Grand Sourire
15:00:38,1204.67,NEUTRE,8.0,5.0,3.0,20.2,5,Neutre,Stable,Grand Sourire
15:00:38,1204.7,NEUTRE,-1.0,-4.0,3.0,20.2,30,Plisses,Releves,Grimace / Tension
15:00:38,1204.78,NEUTRE,0.0,0.0,0.0,20.3,13,Plisses,Releves,Fermee
15:00:38,1204.81,NEUTRE,0.0,0.0,0.0,20.3,30,Plisses,Stable,Fermee
15:00:38,1204.84,NEUTRE,0.0,0.0,0.0,20.4,30,Neutre,Stable,Fermee
15:00:38,1204.91,NEUTRE,0.0,0.0,0.0,20.4,14,Neutre,Stable,Fermee
15:00:38,1204.95,NEUTRE,0.0,0.0,0.0,20.5,28,Neutre,Stable,Fermee
15:00:38,1204.98,NEUTRE,0.0,0.0,0.0,20.5,28,Neutre,Stable,Fermee
15:00:39,1205.12,NEUTRE,0.0,0.0,0.0,20.5,7,Neutre,Stable,Fermee
15:00:39,1205.16,NEUTRE,0.0,0.0,0.0,20.6,30,Neutre,Stable,Fermee
15:00:39,1205.26,NEUTRE,0.0,0.0,0.0,20.6,9,Neutre,Stable,Fermee
15:00:39,1205.34,NEUTRE,0.0,0.0,0.0,20.7,13,Neutre,Stable,Fermee
15:00:39,1205.37,NEUTRE,0.0,0.0,0.0,20.7,29,Neutre,Stable,Fermee
15:00:39,1205.47,NEUTRE,0.0,0.0,0.0,20.7,10,Neutre,Stable,Fermee
15:00:39,1205.61,NEUTRE,0.0,0.0,0.0,20.8,6,Neutre,Stable,Fermee
15:00:39,1205.65,NEUTRE,0.0,0.0,0.0,20.8,29,Neutre,Stable,Fermee
15:00:39,1205.75,NEUTRE,0.0,0.0,0.0,20.8,9,Neutre,Stable,Fermee
15:00:39,1205.83,NEUTRE,0.0,0.0,0.0,20.9,12,Neutre,Stable,Fermee
15:00:39,1205.86,NEUTRE,0.0,0.0,0.0,20.9,28,Neutre,Stable,Fermee
15:00:39,1205.97,NEUTRE,0.0,0.0,0.0,20.9,9,Plisses,Releves,Fermee
15:00:40,1206.06,NEUTRE,0.0,0.0,0.0,21.0,11,Plisses,Stable,Fermee
15:00:40,1206.09,NEUTRE,0.0,0.0,0.0,21.0,28,Neutre,Stable,Fermee
15:00:40,1206.24,NEUTRE,0.0,0.0,0.0,21.0,6,Neutre,Stable,Fermee
15:00:40,1206.32,NEUTRE,0.0,0.0,0.0,21.1,12,Neutre,Stable,Fermee
15:00:40,1206.35,NEUTRE,0.0,0.0,0.0,21.1,32,Neutre,Stable,Fermee
15:00:40,1206.45,NEUTRE,0.0,0.0,0.0,21.1,9,Neutre,Stable,Fermee
15:00:40,1206.54,NEUTRE,0.0,0.0,0.0,21.1,11,Plisses,Stable,Fermee
15:00:40,1206.57,NEUTRE,0.0,0.0,0.0,21.2,30,Plisses,Stable,Fermee
15:00:40,1206.67,NEUTRE,0.0,0.0,0.0,21.2,9,Neutre,Stable,Fermee
15:00:40,1206.76,NEUTRE,0.0,0.0,0.0,21.2,11,Neutre,Stable,Fermee
15:00:40,1206.79,NEUTRE,0.0,0.0,0.0,21.2,30,Neutre,Stable,Fermee
15:00:40,1206.89,NEUTRE,0.0,0.0,0.0,21.3,10,Neutre,Stable,Fermee
15:00:40,1207.02,NEUTRE,0.0,0.0,0.0,21.3,7,Neutre,Stable,Fermee
15:00:41,1207.06,NEUTRE,0.0,0.0,0.0,21.3,28,Neutre,Stable,Fermee
15:00:41,1207.16,NEUTRE,0.0,0.0,0.0,21.3,9,Neutre,Stable,Fermee
15:00:41,1207.31,NEUTRE,0.0,0.0,0.0,21.4,6,Neutre,Stable,Fermee
15:00:41,1207.35,NEUTRE,0.0,0.0,0.0,21.4,23,Neutre,Stable,Fermee
15:00:41,1207.38,NEUTRE,0.0,0.0,0.0,21.4,30,Neutre,Stable,Fermee
15:00:41,1207.53,NEUTRE,0.0,0.0,0.0,21.4,7,Neutre,Stable,Fermee
15:00:41,1207.56,NEUTRE,5.0,5.0,0.0,21.5,29,Ecarquilles,Stable,Sourire leger
15:00:41,1207.65,NEUTRE,0.0,0.0,0.0,21.5,10,Ecarquilles,Stable,Fermee
15:00:41,1207.8,NEUTRE,0.0,0.0,0.0,21.5,6,Ecarquilles,Stable,Fermee
15:00:41,1208.02,NEUTRE,0.0,0.0,0.0,21.5,4,Ecarquilles,Stable,Fermee
15:00:42,1209.02,NEUTRE,0.0,0.0,0.0,21.5,0,Neutre,Stable,Fermee
15:00:43,1210.03,NEUTRE,0.0,0.0,0.0,21.6,0,Neutre,Stable,Fermee
15:00:44,1211.02,NEUTRE,0.0,0.0,0.0,21.6,1,Neutre,Stable,Fermee
15:00:45,1212.01,NEUTRE,0.0,0.0,0.0,21.6,1,Plisses,Stable,Fermee
15:00:47,1213.08,NEUTRE,0.0,0.0,0.0,21.6,0,Neutre,Stable,Fermee
15:00:48,1214.04,NEUTRE,0.0,0.0,0.0,21.6,1,Neutre,Stable,Fermee
15:00:49,1215.04,NEUTRE,0.0,0.0,0.0,21.6,0,Plisses,Releves,Parle
15:00:50,1216.07,NEUTRE,5.0,5.0,0.0,21.7,0,Neutre,Stable,Sourire leger
15:00:50,1217.03,NEUTRE,0.0,0.0,0.0,21.7,1,Plisses,Releves,Fermee
15:00:52,1218.04,NEUTRE,-6.0,-6.0,0.0,21.7,0,Neutre,Fronces,Parle
15:02:22,1308.08,NEUTRE,0.0,0.0,0.0,21.7,0,Plisses,Stable,Parle
15:02:26,1312.04,NEUTRE,0.0,0.0,0.0,21.7,0,Ecarquilles,Stable,Fermee
15:02:27,1313.04,NEUTRE,0.0,0.0,0.0,21.7,1,Plisses,Releves,Fermee
15:02:28,1314.05,NEUTRE,0.0,0.0,0.0,21.8,0,Plisses,Releves,Parle
15:02:29,1315.05,NEUTRE,-4.0,-4.0,0.0,21.8,1,Plisses,Releves,Grimace / Tension
15:02:30,1316.04,NEUTRE,-4.0,-4.0,0.0,21.8,1,Plisses,Releves,Grimace / Tension
15:02:31,1317.08,NEUTRE,-1.0,-4.0,3.0,21.8,0,Plisses,Releves,Grimace / Tension
15:02:32,1318.04,NEUTRE,3.0,0.0,3.0,21.8,1,Neutre,Releves,Parle
15:02:33,1319.05,NEUTRE,3.0,0.0,3.0,21.8,0,Neutre,Stable,Fermee
15:02:34,1320.11,NEUTRE,0.0,0.0,0.0,21.8,0,Neutre,Stable,Parle
15:02:34,1321.02,NEUTRE,0.0,0.0,0.0,21.9,1,Neutre,Stable,Fermee
15:02:36,1323.04,NEUTRE,-6.0,-6.0,0.0,21.9,0,Plisses,Fronces,Fermee
15:02:37,1324.01,NEUTRE,0.0,0.0,0.0,21.9,1,Neutre,Releves,Fermee
15:02:39,1325.04,NEUTRE,0.0,0.0,0.0,21.9,0,Neutre,Releves,Fermee
15:02:40,1326.08,NEUTRE,0.0,0.0,0.0,21.9,0,Neutre,Stable,Fermee
15:02:41,1327.05,NEUTRE,0.0,0.0,0.0,21.9,1,Neutre,Stable,Fermee
15:02:41,1328.0,NEUTRE,0.0,0.0,0.0,21.9,1,Neutre,Stable,Fermee
15:02:43,1329.08,NEUTRE,0.0,0.0,0.0,21.9,0,Neutre,Stable,Fermee
15:02:43,1330.01,NEUTRE,0.0,0.0,0.0,22.0,1,Neutre,Stable,Fermee
15:02:45,1331.04,NEUTRE,0.0,0.0,0.0,22.0,0,Neutre,Stable,Parle
15:02:46,1332.08,NEUTRE,0.0,0.0,0.0,22.0,0,Neutre,Stable,Fermee
15:02:46,1333.03,NEUTRE,0.0,0.0,0.0,22.0,1,Neutre,Stable,Fermee
15:02:48,1334.05,NEUTRE,0.0,0.0,0.0,22.0,0,Neutre,Stable,Parle
15:02:49,1335.09,NEUTRE,0.0,0.0,0.0,22.0,0,Plisses,Releves,Fermee
15:02:49,1336.01,NEUTRE,0.0,0.0,0.0,22.0,1,Plisses,Stable,Fermee
15:02:50,1337.0,NEUTRE,0.0,0.0,0.0,22.0,1,Neutre,Stable,Fermee
15:02:51,1338.04,NEUTRE,0.0,0.0,0.0,22.0,0,Neutre,Stable,Fermee
15:02:52,1339.03,NEUTRE,0.0,0.0,0.0,22.0,1,Neutre,Stable,Fermee
15:02:53,1340.03,NEUTRE,0.0,0.0,0.0,22.1,0,Plisses,Stable,Fermee
15:02:55,1341.08,NEUTRE,0.0,0.0,0.0,22.1,0,Plisses,Stable,Fermee
15:02:55,1342.01,NEUTRE,0.0,0.0,0.0,22.1,1,Neutre,Stable,Fermee
15:02:57,1343.15,NEUTRE,0.0,0.0,0.0,22.1,0,Plisses,Releves,Fermee
15:02:58,1344.06,NEUTRE,0.0,0.0,0.0,22.1,1,Plisses,Releves,Fermee
15:02:59,1345.05,NEUTRE,0.0,0.0,0.0,22.1,1,Plisses,Stable,Fermee
15:02:59,1346.01,NEUTRE,0.0,0.0,0.0,22.1,1,Plisses,Stable,Fermee
15:03:01,1347.05,NEUTRE,0.0,0.0,0.0,22.1,0,Plisses,Releves,Fermee
15:03:02,1348.05,NEUTRE,0.0,0.0,0.0,22.1,0,Neutre,Stable,Fermee
15:03:03,1349.04,NEUTRE,0.0,0.0,0.0,22.1,1,Neutre,Stable,Fermee
15:03:04,1350.07,NEUTRE,0.0,0.0,0.0,22.1,0,Neutre,Stable,Parle
15:03:04,1351.01,NEUTRE,0.0,0.0,0.0,22.1,1,Neutre,Stable,Fermee
15:03:05,1352.03,NEUTRE,0.0,0.0,0.0,22.1,0,Neutre,Stable,Fermee
15:03:07,1353.08,NEUTRE,0.0,0.0,0.0,22.2,0,Neutre,Stable,Fermee
15:03:07,1354.04,NEUTRE,0.0,0.0,0.0,22.2,1,Plisses,Stable,Parle
15:03:08,1355.02,NEUTRE,0.0,0.0,0.0,22.2,1,Plisses,Stable,Parle
15:03:10,1356.08,INCONFORT,-5.0,-5.0,0.0,22.1,0,Plisses,Releves,Baillement
15:03:10,1357.02,INCONFORT,-5.0,-5.0,0.0,22.0,1,Plisses,Stable,Baillement
15:03:11,1358.04,INCONFORT,-5.0,-5.0,0.0,21.9,0,Plisses,Stable,Baillement
15:03:13,1359.07,NEUTRE,0.0,0.0,0.0,21.9,0,Neutre,Stable,Parle
15:03:13,1360.01,NEUTRE,0.0,0.0,0.0,21.9,1,Neutre,Stable,Fermee
15:03:14,1361.01,NEUTRE,0.0,0.0,0.0,22.0,0,Neutre,Stable,Fermee
15:03:16,1362.08,NEUTRE,0.0,0.0,0.0,22.0,0,Neutre,Stable,Fermee
15:03:16,1363.0,NEUTRE,0.0,0.0,0.0,22.0,1,Neutre,Stable,Fermee
15:03:17,1364.02,NEUTRE,0.0,0.0,0.0,22.0,0,Plisses,Stable,Fermee
15:03:19,1365.05,NEUTRE,0.0,0.0,0.0,22.0,0,Neutre,Stable,Fermee
15:03:19,1366.04,NEUTRE,0.0,0.0,0.0,22.0,1,Neutre,Stable,Fermee
15:03:20,1367.01,NEUTRE,-6.0,-6.0,0.0,22.0,1,Plisses,Fronces,Fermee
15:03:21,1368.04,NEUTRE,-6.0,-6.0,0.0,22.0,0,Plisses,Fronces,Parle
15:03:22,1369.01,NEUTRE,0.0,0.0,0.0,22.0,1,Neutre,Stable,Fermee
15:03:23,1370.02,NEUTRE,0.0,0.0,0.0,22.0,0,Neutre,Stable,Fermee
15:03:25,1371.04,NEUTRE,0.0,0.0,0.0,22.1,0,Neutre,Stable,Fermee
15:03:25,1372.02,NEUTRE,0.0,0.0,0.0,22.1,1,Plisses,Stable,Fermee
15:03:26,1373.03,NEUTRE,0.0,0.0,0.0,22.1,0,Plisses,Stable,Fermee
15:03:28,1374.06,NEUTRE,0.0,0.0,0.0,22.1,0,Plisses,Stable,Fermee
15:03:28,1375.03,NEUTRE,0.0,0.0,0.0,22.1,1,Plisses,Stable,Fermee
15:03:30,1376.05,NEUTRE,0.0,0.0,0.0,22.1,0,Plisses,Stable,Fermee
15:03:31,1377.08,NEUTRE,0.0,0.0,0.0,22.1,0,Plisses,Stable,Fermee
15:03:31,1378.04,NEUTRE,0.0,0.0,0.0,22.1,1,Plisses,Stable,Fermee
15:03:32,1379.04,NEUTRE,0.0,0.0,0.0,22.1,0,Plisses,Stable,Fermee
15:03:34,1380.04,NEUTRE,0.0,0.0,0.0,22.1,0,Plisses,Stable,Fermee
15:03:34,1381.0,NEUTRE,0.0,0.0,0.0,22.1,1,Neutre,Stable,Fermee
15:03:35,1382.04,NEUTRE,0.0,0.0,0.0,22.1,0,Plisses,Stable,Fermee
15:03:37,1383.08,NEUTRE,0.0,0.0,0.0,22.2,0,Plisses,Stable,Fermee
15:03:37,1384.01,NEUTRE,0.0,0.0,0.0,22.2,1,Plisses,Stable,Fermee
15:03:38,1385.0,NEUTRE,0.0,0.0,0.0,22.2,1,Neutre,Stable,Fermee
15:03:40,1386.08,NEUTRE,0.0,0.0,0.0,22.2,0,Neutre,Releves,Fermee
15:03:40,1387.04,NEUTRE,0.0,0.0,0.0,22.2,1,Neutre,Stable,Parle
15:03:42,1388.06,NEUTRE,0.0,0.0,0.0,22.2,0,Plisses,Stable,Fermee
15:03:43,1389.08,NEUTRE,0.0,0.0,0.0,22.2,0,Neutre,Stable,Fermee
15:03:43,1390.03,NEUTRE,0.0,0.0,0.0,22.2,1,Neutre,Stable,Fermee
15:03:45,1391.05,NEUTRE,0.0,0.0,0.0,22.2,0,Neutre,Stable,Fermee
15:03:46,1392.08,NEUTRE,0.0,0.0,0.0,22.2,0,Neutre,Stable,Fermee
15:03:46,1393.0,NEUTRE,0.0,0.0,0.0,22.2,1,Neutre,Stable,Fermee
15:03:48,1394.04,NEUTRE,0.0,0.0,0.0,22.2,0,Neutre,Stable,Fermee
15:03:49,1395.08,NEUTRE,0.0,0.0,0.0,22.2,0,Neutre,Stable,Fermee
15:03:49,1396.03,NEUTRE,0.0,0.0,0.0,22.2,1,Neutre,Stable,Fermee
15:03:50,1397.01,NEUTRE,0.0,0.0,0.0,22.2,1,Neutre,Stable,Fermee
15:03:52,1398.05,NEUTRE,0.0,0.0,0.0,22.2,0,Neutre,Stable,Fermee
15:03:52,1399.01,NEUTRE,0.0,0.0,0.0,22.2,1,Neutre,Stable,Fermee
15:03:53,1400.03,NEUTRE,0.0,0.0,0.0,22.3,0,Neutre,Stable,Fermee
15:03:54,1401.03,NEUTRE,0.0,0.0,0.0,22.3,0,Neutre,Stable,Fermee
15:03:55,1402.0,NEUTRE,0.0,0.0,0.0,22.3,1,Neutre,Stable,Fermee
15:03:56,1403.0,NEUTRE,0.0,0.0,0.0,22.3,1,Neutre,Stable,Fermee
15:03:58,1404.06,NEUTRE,0.0,0.0,0.0,22.3,0,Neutre,Stable,Fermee
15:03:58,1405.01,NEUTRE,0.0,0.0,0.0,22.3,1,Neutre,Stable,Fermee
15:03:59,1406.01,NEUTRE,0.0,0.0,0.0,22.3,0,Neutre,Stable,Fermee
15:04:01,1407.09,NEUTRE,0.0,0.0,0.0,22.3,0,Neutre,Stable,Fermee
15:04:01,1408.03,NEUTRE,0.0,0.0,0.0,22.3,1,Plisses,Stable,Fermee
15:04:02,1409.03,NEUTRE,0.0,0.0,0.0,22.3,1,Plisses,Stable,Fermee
15:04:03,1410.03,NEUTRE,0.0,0.0,0.0,22.3,0,Neutre,Stable,Fermee
15:04:05,1411.04,NEUTRE,5.0,5.0,0.0,22.3,0,Neutre,Stable,Sourire leger
15:04:06,1412.07,NEUTRE,5.0,5.0,0.0,22.3,0,Neutre,Stable,Sourire leger
15:04:07,1413.08,NEUTRE,0.0,0.0,0.0,22.3,0,Neutre,Stable,Fermee
15:04:07,1414.01,NEUTRE,-6.0,-6.0,0.0,22.3,1,Neutre,Fronces,Fermee
15:04:08,1415.04,NEUTRE,0.0,0.0,0.0,22.3,0,Neutre,Stable,Fermee
15:04:10,1416.08,NEUTRE,-6.0,-6.0,0.0,22.3,0,Neutre,Fronces,Fermee
15:04:10,1417.01,NEUTRE,0.0,0.0,0.0,22.3,1,Neutre,Stable,Fermee
15:04:12,1418.04,NEUTRE,0.0,0.0,0.0,22.3,0,Ecarquilles,Stable,Fermee
15:04:13,1419.08,NEUTRE,5.0,5.0,0.0,22.3,0,Neutre,Stable,Sourire leger
15:04:13,1420.01,NEUTRE,0.0,0.0,0.0,22.3,1,Plisses,Releves,Fermee
15:04:14,1421.01,NEUTRE,0.0,0.0,0.0,22.3,1,Neutre,Stable,Parle
15:04:16,1422.09,NEUTRE,-1.0,-4.0,3.0,22.3,0,Neutre,Stable,Grimace / Tension
15:04:16,1423.01,NEUTRE,-1.0,-4.0,3.0,22.3,1,Neutre,Stable,Grimace / Tension
15:04:18,1424.05,NEUTRE,-1.0,-4.0,3.0,22.3,0,Neutre,Stable,Grimace / Tension
15:04:19,1425.09,NEUTRE,0.0,0.0,0.0,22.4,0,Neutre,Stable,Parle
15:04:20,1426.04,NEUTRE,0.0,0.0,0.0,22.4,1,Plisses,Stable,Parle
15:04:21,1427.26,NEUTRE,0.0,0.0,0.0,22.4,0,Neutre,Stable,Fermee
15:04:22,1428.05,NEUTRE,0.0,0.0,0.0,22.4,1,Ecarquilles,Stable,Fermee
15:04:22,1429.03,NEUTRE,0.0,0.0,0.0,22.4,1,Ecarquilles,Stable,Fermee
15:04:24,1430.04,NEUTRE,0.0,0.0,0.0,22.4,0,Plisses,Stable,Parle
15:04:25,1431.06,NEUTRE,5.0,5.0,0.0,22.4,0,Plisses,Releves,Sourire leger
15:04:25,1432.01,NEUTRE,0.0,0.0,0.0,22.4,1,Neutre,Stable,Fermee
15:04:26,1433.04,NEUTRE,0.0,0.0,0.0,22.4,0,Neutre,Stable,Fermee
15:04:28,1434.06,NEUTRE,0.0,0.0,0.0,22.4,0,Neutre,Stable,Fermee
15:04:28,1435.02,NEUTRE,5.0,5.0,0.0,22.4,1,Plisses,Releves,Sourire leger
15:04:29,1436.01,NEUTRE,0.0,0.0,0.0,22.4,1,Neutre,Stable,Fermee
15:04:31,1437.06,NEUTRE,0.0,0.0,0.0,22.4,0,Neutre,Stable,Fermee
15:04:34,1440.07,NEUTRE,0.0,0.0,0.0,22.4,0,Plisses,Stable,Fermee
15:04:34,1441.03,NEUTRE,0.0,0.0,0.0,22.4,1,Neutre,Stable,Fermee
15:04:35,1442.04,NEUTRE,0.0,0.0,0.0,22.4,0,Neutre,Stable,Parle
15:04:37,1443.08,NEUTRE,0.0,0.0,0.0,22.4,0,Neutre,Stable,Parle
15:04:37,1444.01,NEUTRE,0.0,0.0,0.0,22.4,1,Plisses,Stable,Parle
15:04:38,1445.03,NEUTRE,5.0,5.0,0.0,22.4,0,Plisses,Stable,Sourire leger
15:04:39,1446.03,NEUTRE,0.0,0.0,0.0,22.4,0,Neutre,Stable,Fermee
15:04:40,1447.03,NEUTRE,0.0,0.0,0.0,22.4,0,Neutre,Stable,Fermee
15:04:41,1448.01,NEUTRE,0.0,0.0,0.0,22.4,1,Neutre,Stable,Fermee
15:04:43,1449.06,NEUTRE,0.0,0.0,0.0,22.4,0,Neutre,Stable,Fermee
15:04:43,1450.01,NEUTRE,0.0,0.0,0.0,22.4,1,Neutre,Stable,Fermee
15:04:45,1451.05,NEUTRE,0.0,0.0,0.0,22.4,0,Plisses,Stable,Fermee
15:04:46,1452.08,NEUTRE,0.0,0.0,0.0,22.4,0,Neutre,Stable,Fermee
15:04:46,1453.0,NEUTRE,0.0,0.0,0.0,22.4,1,Neutre,Stable,Fermee
15:04:47,1454.03,NEUTRE,0.0,0.0,0.0,22.4,0,Neutre,Stable,Fermee
15:04:48,1455.03,NEUTRE,0.0,0.0,0.0,22.4,0,Neutre,Stable,Fermee
15:04:49,1456.01,NEUTRE,0.0,0.0,0.0,22.4,1,Neutre,Stable,Fermee
15:04:51,1457.04,NEUTRE,0.0,0.0,0.0,22.4,0,Plisses,Stable,Fermee
15:04:52,1458.08,NEUTRE,0.0,0.0,0.0,22.4,0,Plisses,Stable,Fermee
15:04:52,1459.03,NEUTRE,0.0,0.0,0.0,22.4,1,Plisses,Stable,Fermee
15:04:53,1460.03,NEUTRE,0.0,0.0,0.0,22.4,0,Neutre,Stable,Fermee
15:04:55,1461.05,NEUTRE,0.0,0.0,0.0,22.4,0,Plisses,Stable,Fermee
15:04:56,1462.04,NEUTRE,0.0,0.0,0.0,22.4,1,Neutre,Stable,Fermee
15:04:57,1463.04,NEUTRE,0.0,0.0,0.0,22.4,0,Neutre,Stable,Parle
15:04:58,1464.05,NEUTRE,0.0,0.0,0.0,22.4,0,Neutre,Stable,Parle
15:04:59,1465.06,NEUTRE,0.0,0.0,0.0,22.4,0,Plisses,Stable,Parle
15:04:59,1466.02,NEUTRE,0.0,0.0,0.0,22.4,1,Neutre,Stable,Parle
15:05:01,1467.08,NEUTRE,0.0,0.0,0.0,22.4,0,Neutre,Stable,Fermee
15:05:01,1468.03,NEUTRE,0.0,0.0,0.0,22.4,1,Plisses,Stable,Fermee
15:05:02,1469.02,NEUTRE,0.0,0.0,0.0,22.4,1,Neutre,Stable,Fermee
15:05:04,1470.04,NEUTRE,0.0,0.0,0.0,22.4,0,Plisses,Stable,Fermee
15:05:04,1471.03,NEUTRE,5.0,5.0,0.0,22.4,1,Plisses,Stable,Sourire leger
15:05:05,1472.04,NEUTRE,-6.0,-6.0,0.0,22.4,0,Neutre,Fronces,Fermee
15:05:07,1473.09,NEUTRE,0.0,0.0,0.0,22.4,0,Plisses,Releves,Fermee
15:05:07,1474.01,NEUTRE,0.0,0.0,0.0,22.4,1,Neutre,Stable,Fermee
15:05:09,1475.04,NEUTRE,0.0,0.0,0.0,22.4,0,Neutre,Stable,Fermee
15:05:10,1476.05,NEUTRE,0.0,0.0,0.0,22.4,0,Neutre,Releves,Fermee
15:05:10,1477.02,NEUTRE,0.0,0.0,0.0,22.4,1,Neutre,Stable,Fermee
15:05:11,1478.03,NEUTRE,0.0,0.0,0.0,22.4,0,Plisses,Releves,Fermee
15:05:13,1479.08,NEUTRE,0.0,0.0,0.0,22.4,0,Plisses,Stable,Fermee
15:05:13,1480.01,NEUTRE,0.0,0.0,0.0,22.4,1,Plisses,Stable,Parle
15:05:14,1481.02,NEUTRE,0.0,0.0,0.0,22.4,0,Neutre,Stable,Fermee
15:05:16,1482.09,NEUTRE,0.0,0.0,0.0,22.5,0,Plisses,Stable,Fermee
15:05:17,1483.04,NEUTRE,0.0,0.0,0.0,22.5,1,Plisses,Stable,Fermee
15:05:17,1484.03,NEUTRE,0.0,0.0,0.0,22.5,1,Neutre,Stable,Fermee
15:05:19,1485.08,NEUTRE,0.0,0.0,0.0,22.5,0,Plisses,Stable,Fermee
15:05:20,1486.05,NEUTRE,0.0,0.0,0.0,22.5,1,Plisses,Releves,Fermee
15:05:21,1487.04,NEUTRE,0.0,0.0,0.0,22.5,1,Plisses,Stable,Fermee
15:05:21,1488.03,NEUTRE,0.0,0.0,0.0,22.5,1,Plisses,Releves,Fermee
15:05:23,1489.05,NEUTRE,0.0,0.0,0.0,22.5,0,Neutre,Stable,Fermee
15:05:24,1490.05,NEUTRE,0.0,0.0,0.0,22.5,1,Neutre,Stable,Parle
15:05:25,1491.12,NEUTRE,0.0,0.0,0.0,22.5,0,Neutre,Stable,Fermee
15:05:25,1492.03,NEUTRE,0.0,0.0,0.0,22.5,1,Neutre,Stable,Parle
15:05:26,1493.04,NEUTRE,0.0,0.0,0.0,22.5,0,Neutre,Releves,Fermee
15:05:28,1494.11,NEUTRE,5.0,5.0,0.0,22.5,0,Plisses,Releves,Sourire leger
15:05:29,1495.04,NEUTRE,-4.0,-4.0,0.0,22.5,1,Plisses,Releves,Grimace / Tension
15:05:32,1498.04,NEUTRE,-6.0,-6.0,0.0,22.5,0,Neutre,Fronces,Parle
15:05:40,1507.03,NEUTRE,0.0,0.0,0.0,22.5,0,Neutre,Stable,Parle
15:05:41,1508.02,NEUTRE,0.0,0.0,0.0,22.5,1,Neutre,Stable,Fermee
15:05:43,1509.1,NEUTRE,-6.0,-6.0,0.0,22.5,0,Neutre,Fronces,Fermee
15:05:46,1512.7,NEUTRE,0.0,0.0,0.0,22.5,0,Neutre,Stable,Parle
15:05:47,1513.08,NEUTRE,-5.0,-5.0,0.0,22.5,2,Neutre,Stable,Baillement
15:05:48,1514.05,NEUTRE,-5.0,-5.0,0.0,22.5,1,Neutre,Stable,Baillement
15:05:49,1515.14,NEUTRE,-5.0,-5.0,0.0,22.5,0,Neutre,Releves,Baillement
15:05:50,1516.05,NEUTRE,0.0,0.0,0.0,22.5,1,Ecarquilles,Releves,Parle
15:05:51,1517.04,NEUTRE,-5.0,-5.0,0.0,22.5,1,Neutre,Releves,Baillement
15:05:52,1518.16,NEUTRE,0.0,0.0,0.0,22.5,0,Plisses,Releves,Fermee
15:05:53,1519.07,NEUTRE,0.0,0.0,0.0,22.5,1,Plisses,Releves,Fermee
15:05:57,1523.04,NEUTRE,0.0,0.0,0.0,22.5,0,Plisses,Releves,Parle
15:05:58,1524.14,NEUTRE,0.0,0.0,0.0,22.5,0,Ecarquilles,Releves,Fermee
15:05:59,1525.07,NEUTRE,0.0,0.0,0.0,22.5,1,Neutre,Releves,Parle
15:06:00,1526.25,NEUTRE,-4.0,-4.0,0.0,22.5,0,Neutre,Stable,Grimace / Tension
15:06:01,1527.16,NEUTRE,5.0,5.0,0.0,22.5,1,Plisses,Stable,Sourire leger
15:06:02,1528.07,NEUTRE,0.0,0.0,0.0,22.5,1,Neutre,Releves,Fermee
15:06:03,1529.04,NEUTRE,0.0,0.0,0.0,22.5,1,Ecarquilles,Releves,Parle
15:06:04,1530.12,NEUTRE,0.0,0.0,0.0,22.5,0,Neutre,Releves,Fermee
15:06:05,1531.04,NEUTRE,0.0,0.0,0.0,22.5,1,Neutre,Releves,Parle
15:06:06,1532.05,NEUTRE,0.0,0.0,0.0,22.5,0,Plisses,Releves,Parle
15:06:07,1533.16,NEUTRE,0.0,0.0,0.0,22.5,0,Ecarquilles,Releves,Parle
15:06:07,1533.93,NEUTRE,0.0,0.0,0.0,22.5,1,Neutre,Stable,Parle
15:06:07,1534.01,NEUTRE,0.0,0.0,0.0,22.5,13,Neutre,Stable,Parle
15:06:08,1534.16,NEUTRE,0.0,0.0,0.0,22.5,6,Neutre,Releves,Parle
15:06:08,1534.24,NEUTRE,0.0,0.0,0.0,22.5,13,Neutre,Releves,Parle
15:06:08,1534.32,NEUTRE,0.0,0.0,0.0,22.5,13,Neutre,Releves,Parle
15:06:08,1534.47,NEUTRE,0.0,0.0,0.0,22.5,6,Neutre,Releves,Parle
15:06:08,1534.53,NEUTRE,0.0,0.0,0.0,22.5,14,Neutre,Releves,Parle
15:06:08,1534.6,NEUTRE,-4.0,-4.0,0.0,22.5,14,Neutre,Releves,Grimace / Tension
15:06:08,1534.76,NEUTRE,0.0,0.0,0.0,22.5,6,Neutre,Releves,Parle
15:06:08,1534.83,NEUTRE,-4.0,-4.0,0.0,22.5,14,Neutre,Releves,Grimace / Tension
15:06:08,1534.89,NEUTRE,-4.0,-4.0,0.0,22.5,16,Neutre,Stable,Grimace / Tension
15:06:09,1535.04,NEUTRE,-4.0,-4.0,0.0,22.5,6,Neutre,Releves,Grimace / Tension
15:06:09,1535.12,NEUTRE,-4.0,-4.0,0.0,22.5,13,Neutre,Releves,Grimace / Tension
15:06:09,1535.19,NEUTRE,-4.0,-4.0,0.0,22.5,14,Neutre,Stable,Grimace / Tension
15:06:09,1535.37,NEUTRE,-1.0,-4.0,3.0,22.5,5,Neutre,Stable,Grimace / Tension
15:06:09,1535.45,NEUTRE,-1.0,-4.0,3.0,22.5,12,Neutre,Stable,Grimace / Tension
15:06:09,1535.53,NEUTRE,-1.0,-4.0,3.0,22.5,12,Neutre,Stable,Grimace / Tension
15:06:09,1535.7,NEUTRE,-1.0,-4.0,3.0,22.5,5,Neutre,Releves,Grimace / Tension
15:06:09,1535.78,NEUTRE,-1.0,-4.0,3.0,22.5,12,Neutre,Releves,Grimace / Tension
15:06:09,1535.86,NEUTRE,-1.0,-4.0,3.0,22.5,13,Neutre,Releves,Grimace / Tension
15:06:09,1535.99,NEUTRE,-1.0,-4.0,3.0,22.5,7,Neutre,Releves,Grimace / Tension
15:06:10,1536.05,NEUTRE,-1.0,-4.0,3.0,22.5,14,Neutre,Releves,Grimace / Tension
15:06:10,1536.12,NEUTRE,-1.0,-4.0,3.0,22.5,14,Neutre,Releves,Grimace / Tension
15:06:10,1536.29,NEUTRE,-1.0,-4.0,3.0,22.5,6,Neutre,Releves,Grimace / Tension
15:06:10,1536.36,NEUTRE,-1.0,-4.0,3.0,22.5,14,Neutre,Releves,Grimace / Tension
15:06:10,1536.41,NEUTRE,3.0,0.0,3.0,22.5,17,Neutre,Stable,Parle
15:06:10,1536.58,NEUTRE,0.0,0.0,0.0,22.5,5,Neutre,Releves,Parle
15:06:10,1536.66,NEUTRE,0.0,0.0,0.0,22.5,12,Neutre,Stable,Parle
15:06:10,1536.75,NEUTRE,0.0,0.0,0.0,22.5,12,Neutre,Stable,Parle
15:06:10,1536.92,NEUTRE,0.0,0.0,0.0,22.5,5,Neutre,Stable,Parle
15:06:10,1537.01,NEUTRE,0.0,0.0,0.0,22.5,11,Neutre,Stable,Parle
15:06:11,1537.09,NEUTRE,0.0,0.0,0.0,22.5,11,Ecarquilles,Stable,Parle
15:06:11,1537.28,NEUTRE,0.0,0.0,0.0,22.5,5,Neutre,Releves,Parle
15:06:12,1538.04,NEUTRE,0.0,0.0,0.0,22.5,1,Plisses,Releves,Parle
15:06:13,1539.06,NEUTRE,0.0,0.0,0.0,22.5,0,Plisses,Releves,Parle
15:06:19,1545.06,NEUTRE,-5.0,-5.0,0.0,22.5,0,Neutre,Releves,Baillement
15:06:20,1546.13,NEUTRE,-4.0,-4.0,0.0,22.5,0,Ecarquilles,Releves,Grimace / Tension
15:06:21,1547.05,NEUTRE,0.0,0.0,0.0,22.5,1,Plisses,Stable,Parle
15:06:23,1549.12,NEUTRE,5.0,5.0,0.0,22.5,0,Ecarquilles,Releves,Sourire leger
15:06:24,1550.04,NEUTRE,-4.0,-4.0,0.0,22.5,1,Ecarquilles,Releves,Grimace / Tension
15:06:24,1551.04,NEUTRE,-4.0,-4.0,0.0,22.5,1,Ecarquilles,Releves,Grimace / Tension
15:06:26,1552.12,NEUTRE,-5.0,-5.0,0.0,22.5,0,Neutre,Releves,Baillement
15:06:26,1553.03,NEUTRE,-4.0,-4.0,0.0,22.5,1,Ecarquilles,Releves,Grimace / Tension
15:06:27,1554.02,NEUTRE,-6.0,-6.0,0.0,22.5,1,Neutre,Fronces,Fermee
15:06:29,1555.1,NEUTRE,0.0,0.0,0.0,22.5,0,Plisses,Stable,Fermee
15:06:32,1558.13,NEUTRE,-5.0,-5.0,0.0,22.5,0,Neutre,Stable,Baillement
15:06:33,1559.05,NEUTRE,0.0,0.0,0.0,22.5,1,Plisses,Releves,Parle
15:06:34,1560.05,NEUTRE,-5.0,-5.0,0.0,22.5,1,Neutre,Stable,Baillement
15:06:35,1561.11,NEUTRE,-5.0,-5.0,0.0,22.5,0,Neutre,Stable,Baillement
15:06:35,1562.02,INCONFORT,-5.0,-5.0,0.0,22.4,1,Plisses,Stable,Baillement
15:06:36,1563.02,NEUTRE,-5.0,-5.0,0.0,22.4,1,Neutre,Stable,Baillement
15:06:38,1564.11,NEUTRE,0.0,0.0,0.0,22.4,0,Plisses,Releves,Fermee
15:06:38,1565.03,NEUTRE,0.0,0.0,0.0,22.4,1,Plisses,Releves,Fermee
15:06:41,1568.02,NEUTRE,0.0,0.0,0.0,22.4,0,Neutre,Releves,Fermee
15:06:42,1569.03,NEUTRE,-4.0,-4.0,0.0,22.4,0,Plisses,Releves,Grimace / Tension
15:06:44,1570.1,NEUTRE,0.0,0.0,0.0,22.4,0,Neutre,Stable,Parle
15:06:45,1571.04,NEUTRE,0.0,0.0,0.0,22.4,1,Ecarquilles,Releves,Fermee
15:06:47,1574.02,NEUTRE,-7.0,-10.0,3.0,22.4,0,Neutre,Fronces,Grimace / Tension
15:06:48,1575.03,NEUTRE,-7.0,-10.0,3.0,22.4,0,Neutre,Fronces,Grimace / Tension
15:06:50,1576.11,NEUTRE,-10.0,-10.0,0.0,22.4,0,Plisses,Fronces,Grimace / Tension
15:06:53,1579.11,INCONFORT,-5.0,-5.0,0.0,22.3,0,Plisses,Releves,Baillement
15:06:54,1580.05,NEUTRE,-5.0,-5.0,0.0,22.3,1,Neutre,Stable,Baillement
15:06:54,1580.36,NEUTRE,-5.0,-5.0,0.0,22.3,3,Neutre,Stable,Baillement
15:06:54,1580.48,INCONFORT,-5.0,-5.0,0.0,22.3,8,Neutre,Stable,Baillement
15:06:54,1580.53,INCONFORT,-5.0,-5.0,0.0,22.2,17,Neutre,Stable,Baillement
15:06:54,1580.58,INCONFORT,-5.0,-5.0,0.0,22.1,21,Neutre,Stable,Baillement
15:06:54,1580.7,INCONFORT,-5.0,-5.0,0.0,22.0,8,Neutre,Stable,Baillement
15:06:54,1580.75,INCONFORT,-5.0,-5.0,0.0,21.9,18,Plisses,Releves,Baillement
15:06:54,1580.81,INCONFORT,-5.0,-5.0,0.0,21.8,17,Plisses,Releves,Baillement
15:06:55,1581.19,INCONFORT,-5.0,-5.0,0.0,21.8,2,Neutre,Releves,Baillement
15:06:55,1581.27,INCONFORT,-5.0,-5.0,0.0,21.7,12,Plisses,Releves,Baillement
15:06:55,1581.34,INCONFORT,-5.0,-5.0,0.0,21.6,13,Plisses,Stable,Baillement
15:06:55,1581.5,INCONFORT,-5.0,-5.0,0.0,21.5,6,Plisses,Stable,Baillement
15:06:55,1581.57,INCONFORT,-5.0,-5.0,0.0,21.5,13,Plisses,Stable,Baillement
15:06:55,1581.66,INCONFORT,-2.0,-5.0,3.0,21.4,12,Neutre,Stable,Baillement
15:06:55,1581.82,INCONFORT,-2.0,-5.0,3.0,21.3,6,Neutre,Stable,Baillement
15:06:55,1581.9,INCONFORT,-2.0,-5.0,3.0,21.3,12,Neutre,Stable,Baillement
15:06:55,1581.98,NEUTRE,-2.0,-5.0,3.0,21.3,12,Neutre,Stable,Baillement
15:06:56,1582.17,NEUTRE,-2.0,-5.0,3.0,21.3,5,Neutre,Stable,Baillement
15:06:56,1582.26,INCONFORT,-5.0,-5.0,0.0,21.3,10,Plisses,Releves,Baillement
15:06:56,1582.34,INCONFORT,-5.0,-5.0,0.0,21.2,13,Plisses,Stable,Baillement
15:06:56,1582.54,INCONFORT,-5.0,-5.0,0.0,21.1,4,Plisses,Stable,Baillement
15:06:56,1582.62,INCONFORT,-5.0,-5.0,0.0,21.1,12,Plisses,Stable,Baillement
15:06:56,1582.7,INCONFORT,-5.0,-5.0,0.0,21.0,12,Plisses,Releves,Baillement
15:06:56,1582.89,NEUTRE,-1.0,-4.0,3.0,21.0,5,Plisses,Releves,Grimace / Tension
15:06:56,1582.97,NEUTRE,-1.0,-4.0,3.0,21.1,13,Plisses,Releves,Grimace / Tension
15:06:57,1583.05,NEUTRE,-1.0,-4.0,3.0,21.1,11,Plisses,Releves,Grimace / Tension
15:06:57,1583.23,NEUTRE,-1.0,-4.0,3.0,21.1,5,Plisses,Releves,Grimace / Tension
15:06:57,1583.3,NEUTRE,-1.0,-4.0,3.0,21.1,14,Plisses,Releves,Grimace / Tension
15:06:57,1583.37,NEUTRE,-1.0,-4.0,3.0,21.2,13,Plisses,Releves,Grimace / Tension
15:06:57,1583.54,NEUTRE,-4.0,-4.0,0.0,21.2,6,Plisses,Releves,Grimace / Tension
15:06:57,1583.61,NEUTRE,-4.0,-4.0,0.0,21.2,12,Plisses,Releves,Grimace / Tension
15:06:57,1583.68,NEUTRE,-4.0,-4.0,0.0,21.2,15,Plisses,Releves,Grimace / Tension
15:06:57,1583.83,NEUTRE,-4.0,-4.0,0.0,21.3,6,Plisses,Releves,Grimace / Tension
15:06:57,1583.9,NEUTRE,-4.0,-4.0,0.0,21.3,14,Plisses,Releves,Grimace / Tension
15:06:57,1583.96,NEUTRE,-4.0,-4.0,0.0,21.3,16,Plisses,Releves,Grimace / Tension
15:06:58,1584.14,NEUTRE,-4.0,-4.0,0.0,21.3,5,Plisses,Releves,Grimace / Tension
15:06:58,1584.22,NEUTRE,-4.0,-4.0,0.0,21.4,12,Plisses,Releves,Grimace / Tension
15:06:58,1584.3,NEUTRE,-4.0,-4.0,0.0,21.4,12,Plisses,Releves,Grimace / Tension
15:06:58,1584.48,INCONFORT,-4.0,-4.0,0.0,21.3,5,Plisses,Releves,Grimace / Tension
15:06:58,1584.55,INCONFORT,-4.0,-4.0,0.0,21.3,13,Plisses,Releves,Grimace / Tension
15:06:58,1584.62,INCONFORT,-4.0,-4.0,0.0,21.2,15,Plisses,Releves,Grimace / Tension
15:06:58,1584.77,INCONFORT,-4.0,-4.0,0.0,21.1,6,Plisses,Releves,Grimace / Tension
15:06:58,1584.84,INCONFORT,-4.0,-4.0,0.0,21.1,13,Plisses,Releves,Grimace / Tension
15:06:58,1584.91,INCONFORT,-4.0,-4.0,0.0,21.0,14,Plisses,Releves,Grimace / Tension
15:06:59,1585.07,INCONFORT,-4.0,-4.0,0.0,20.9,6,Plisses,Releves,Grimace / Tension
15:06:59,1585.14,INCONFORT,-4.0,-4.0,0.0,20.9,15,Plisses,Releves,Grimace / Tension
15:06:59,1585.2,INCONFORT,-4.0,-4.0,0.0,20.8,15,Plisses,Releves,Grimace / Tension
15:06:59,1585.36,INCONFORT,-4.0,-4.0,0.0,20.8,6,Plisses,Releves,Grimace / Tension
15:06:59,1585.44,INCONFORT,-4.0,-4.0,0.0,20.7,14,Plisses,Releves,Grimace / Tension
15:06:59,1585.51,INCONFORT,-4.0,-4.0,0.0,20.7,12,Plisses,Releves,Grimace / Tension
15:06:59,1585.66,INCONFORT,-4.0,-4.0,0.0,20.6,6,Plisses,Releves,Grimace / Tension
15:06:59,1585.74,INCONFORT,-4.0,-4.0,0.0,20.6,13,Plisses,Releves,Grimace / Tension
15:06:59,1585.79,INCONFORT,-4.0,-4.0,0.0,20.5,17,Plisses,Releves,Grimace / Tension
15:06:59,1585.96,INCONFORT,-4.0,-4.0,0.0,20.5,5,Plisses,Releves,Grimace / Tension
15:06:59,1586.03,INCONFORT,-4.0,-4.0,0.0,20.4,14,Plisses,Releves,Grimace / Tension
15:07:00,1586.12,INCONFORT,-4.0,-4.0,0.0,20.4,11,Plisses,Releves,Grimace / Tension
15:07:00,1586.26,INCONFORT,-4.0,-4.0,0.0,20.3,6,Plisses,Releves,Grimace / Tension
15:07:00,1586.33,INCONFORT,-4.0,-4.0,0.0,20.3,14,Plisses,Releves,Grimace / Tension
15:07:00,1586.4,INCONFORT,-4.0,-4.0,0.0,20.2,13,Plisses,Releves,Grimace / Tension
15:07:00,1586.55,INCONFORT,-4.0,-4.0,0.0,20.2,6,Plisses,Releves,Grimace / Tension
15:07:00,1586.62,INCONFORT,-4.0,-4.0,0.0,20.1,15,Plisses,Releves,Grimace / Tension
15:07:00,1586.69,INCONFORT,-4.0,-4.0,0.0,20.1,14,Plisses,Releves,Grimace / Tension
15:07:00,1586.84,INCONFORT,-4.0,-4.0,0.0,20.0,6,Plisses,Releves,Grimace / Tension
15:07:00,1586.91,INCONFORT,-4.0,-4.0,0.0,20.0,13,Plisses,Releves,Grimace / Tension
15:07:00,1586.97,INCONFORT,-4.0,-4.0,0.0,20.0,15,Plisses,Releves,Grimace / Tension
15:07:01,1587.19,NEUTRE,-1.0,-4.0,3.0,20.0,4,Plisses,Releves,Grimace / Tension
15:07:01,1587.26,NEUTRE,-1.0,-4.0,3.0,20.1,15,Plisses,Releves,Grimace / Tension
15:07:01,1587.33,NEUTRE,-1.0,-4.0,3.0,20.1,13,Plisses,Releves,Grimace / Tension
15:07:01,1587.47,NEUTRE,-1.0,-4.0,3.0,20.2,6,Plisses,Releves,Grimace / Tension
15:07:01,1587.54,NEUTRE,-1.0,-4.0,3.0,20.2,14,Plisses,Releves,Grimace / Tension
15:07:01,1587.6,NEUTRE,3.0,0.0,3.0,20.3,16,Plisses,Releves,Parle
15:07:01,1587.76,NEUTRE,0.0,0.0,0.0,20.3,6,Plisses,Stable,Parle
15:07:01,1587.83,NEUTRE,5.0,5.0,0.0,20.3,14,Plisses,Stable,Sourire leger
15:07:01,1587.9,NEUTRE,5.0,5.0,0.0,20.4,13,Plisses,Stable,Sourire leger
15:07:02,1588.06,NEUTRE,5.0,5.0,0.0,20.4,6,Plisses,Stable,Sourire leger
15:07:02,1588.13,NEUTRE,5.0,5.0,0.0,20.5,14,Plisses,Stable,Sourire leger
15:07:02,1588.18,NEUTRE,5.0,5.0,0.0,20.5,16,Plisses,Releves,Sourire leger
15:07:02,1588.34,NEUTRE,0.0,0.0,0.0,20.6,6,Plisses,Stable,Parle
15:07:02,1588.41,NEUTRE,0.0,0.0,0.0,20.6,14,Plisses,Releves,Parle
15:07:02,1588.48,NEUTRE,0.0,0.0,0.0,20.6,14,Plisses,Stable,Parle
15:07:02,1588.63,NEUTRE,0.0,0.0,0.0,20.7,6,Plisses,Stable,Parle
15:07:02,1588.7,NEUTRE,0.0,0.0,0.0,20.7,14,Plisses,Stable,Parle
15:07:02,1588.77,NEUTRE,-4.0,-4.0,0.0,20.7,14,Plisses,Stable,Grimace / Tension
15:07:02,1588.91,NEUTRE,-1.0,-4.0,3.0,20.8,6,Plisses,Stable,Grimace / Tension
15:07:02,1588.98,NEUTRE,-1.0,-4.0,3.0,20.8,15,Plisses,Stable,Grimace / Tension
15:07:03,1589.05,NEUTRE,-1.0,-4.0,3.0,20.8,14,Plisses,Stable,Grimace / Tension
15:07:03,1589.2,NEUTRE,-4.0,-4.0,0.0,20.9,6,Plisses,Stable,Grimace / Tension
15:07:03,1589.26,NEUTRE,-4.0,-4.0,0.0,20.9,16,Neutre,Stable,Grimace / Tension
15:07:03,1589.54,NEUTRE,-4.0,-4.0,0.0,20.9,3,Neutre,Stable,Grimace / Tension
15:07:03,1589.67,NEUTRE,0.0,0.0,0.0,21.0,7,Plisses,Stable,Parle
15:07:03,1589.74,NEUTRE,0.0,0.0,0.0,21.0,14,Plisses,Stable,Fermee
15:07:03,1589.81,NEUTRE,5.0,5.0,0.0,21.0,14,Plisses,Stable,Sourire leger
15:07:03,1589.96,NEUTRE,5.0,5.0,0.0,21.1,6,Plisses,Stable,Sourire leger
15:07:03,1590.03,NEUTRE,5.0,5.0,0.0,21.1,14,Plisses,Stable,Sourire leger
15:07:04,1590.09,NEUTRE,0.0,0.0,0.0,21.1,16,Plisses,Stable,Fermee
15:07:04,1590.25,NEUTRE,5.0,5.0,0.0,21.1,6,Neutre,Stable,Sourire leger
15:07:04,1590.32,NEUTRE,5.0,5.0,0.0,21.2,14,Plisses,Releves,Sourire leger
15:07:04,1590.39,NEUTRE,5.0,5.0,0.0,21.2,14,Plisses,Releves,Sourire leger
15:07:04,1590.55,NEUTRE,5.0,5.0,0.0,21.2,6,Plisses,Releves,Sourire leger
15:07:04,1590.62,NEUTRE,5.0,5.0,0.0,21.3,14,Plisses,Releves,Sourire leger
15:07:04,1590.69,CONFORT,5.0,5.0,0.0,21.2,13,Plisses,Releves,Sourire leger
15:07:04,1590.83,CONFORT,5.0,5.0,0.0,21.2,7,Plisses,Releves,Grand Sourire
15:07:04,1590.9,CONFORT,5.0,5.0,0.0,21.2,14,Plisses,Releves,Sourire leger
15:07:04,1590.97,NEUTRE,-1.0,-1.0,0.0,21.3,14,Plisses,Fronces,Sourire leger
15:07:05,1591.12,NEUTRE,0.0,0.0,0.0,21.3,6,Plisses,Stable,Parle
15:07:05,1591.19,NEUTRE,0.0,0.0,0.0,21.3,14,Plisses,Stable,Fermee
15:07:05,1591.25,NEUTRE,5.0,5.0,0.0,21.3,16,Neutre,Stable,Sourire leger
15:07:05,1591.41,NEUTRE,5.0,5.0,0.0,21.4,6,Neutre,Stable,Sourire leger
15:07:05,1591.47,NEUTRE,0.0,0.0,0.0,21.4,15,Neutre,Stable,Fermee
15:07:05,1591.55,NEUTRE,5.0,5.0,0.0,21.4,12,Neutre,Stable,Sourire leger
15:07:05,1591.69,NEUTRE,5.0,5.0,0.0,21.4,7,Neutre,Stable,Sourire leger
15:07:05,1591.76,NEUTRE,0.0,0.0,0.0,21.4,15,Neutre,Stable,Fermee
15:07:05,1591.83,NEUTRE,5.0,5.0,0.0,21.5,13,Plisses,Stable,Sourire leger
15:07:05,1591.97,NEUTRE,5.0,5.0,0.0,21.5,7,Plisses,Releves,Sourire leger
15:07:06,1592.05,NEUTRE,5.0,5.0,0.0,21.5,12,Plisses,Stable,Sourire leger
15:07:06,1592.11,NEUTRE,5.0,5.0,0.0,21.5,16,Plisses,Stable,Sourire leger
15:07:06,1592.27,NEUTRE,0.0,0.0,0.0,21.5,6,Neutre,Stable,Fermee
15:07:06,1592.33,NEUTRE,0.0,0.0,0.0,21.6,16,Plisses,Stable,Fermee
15:07:06,1592.39,NEUTRE,5.0,5.0,0.0,21.6,14,Plisses,Stable,Sourire leger
15:07:06,1592.54,NEUTRE,0.0,0.0,0.0,21.6,6,Neutre,Stable,Fermee
15:07:06,1592.61,NEUTRE,0.0,0.0,0.0,21.6,15,Plisses,Stable,Fermee
15:07:06,1592.67,NEUTRE,5.0,5.0,0.0,21.6,15,Plisses,Stable,Sourire leger
15:07:06,1592.82,NEUTRE,0.0,0.0,0.0,21.7,6,Neutre,Stable,Fermee
15:07:06,1592.88,NEUTRE,0.0,0.0,0.0,21.7,15,Neutre,Stable,Fermee
15:07:06,1592.95,NEUTRE,0.0,0.0,0.0,21.7,15,Neutre,Stable,Parle
15:07:07,1593.13,NEUTRE,0.0,0.0,0.0,21.7,5,Neutre,Stable,Parle
15:07:07,1593.2,NEUTRE,0.0,0.0,0.0,21.7,14,Neutre,Stable,Parle
15:07:07,1593.26,NEUTRE,0.0,0.0,0.0,21.7,15,Neutre,Stable,Parle
15:07:07,1593.4,NEUTRE,0.0,0.0,0.0,21.8,7,Neutre,Stable,Parle
15:07:07,1593.48,NEUTRE,0.0,0.0,0.0,21.8,13,Neutre,Stable,Parle
15:07:07,1593.56,NEUTRE,0.0,0.0,0.0,21.8,11,Neutre,Stable,Parle
15:07:07,1593.75,NEUTRE,0.0,0.0,0.0,21.8,5,Neutre,Stable,Parle
15:07:07,1593.81,NEUTRE,0.0,0.0,0.0,21.8,14,Neutre,Stable,Parle
15:07:07,1593.88,NEUTRE,0.0,0.0,0.0,21.8,14,Neutre,Stable,Parle
15:07:07,1594.02,NEUTRE,0.0,0.0,0.0,21.8,7,Neutre,Stable,Parle
15:07:08,1594.09,NEUTRE,0.0,0.0,0.0,21.9,14,Neutre,Stable,Parle
15:07:08,1594.18,NEUTRE,0.0,0.0,0.0,21.9,10,Neutre,Stable,Parle
15:07:08,1594.4,NEUTRE,0.0,0.0,0.0,21.9,4,Neutre,Stable,Parle
15:07:08,1594.48,NEUTRE,0.0,0.0,0.0,21.9,12,Neutre,Stable,Parle
15:07:08,1594.56,NEUTRE,0.0,0.0,0.0,21.9,13,Neutre,Stable,Parle
15:07:08,1594.74,NEUTRE,5.0,5.0,0.0,21.9,5,Neutre,Stable,Sourire leger
15:07:08,1594.82,NEUTRE,-1.0,-1.0,0.0,21.9,12,Neutre,Fronces,Sourire leger
15:07:08,1594.9,NEUTRE,5.0,5.0,0.0,21.9,12,Plisses,Stable,Sourire leger
15:07:09,1595.09,NEUTRE,-1.0,-1.0,0.0,21.9,5,Plisses,Fronces,Sourire leger
15:07:09,1595.18,NEUTRE,-1.0,-1.0,0.0,22.0,11,Neutre,Fronces,Sourire leger
15:07:09,1595.26,NEUTRE,-1.0,-1.0,0.0,22.0,11,Neutre,Fronces,Sourire leger
15:07:09,1595.46,NEUTRE,-1.0,-1.0,0.0,22.0,5,Neutre,Fronces,Sourire leger
15:07:09,1595.55,NEUTRE,-1.0,-1.0,0.0,22.0,11,Neutre,Fronces,Sourire leger
15:07:09,1595.63,NEUTRE,-1.0,-1.0,0.0,22.0,12,Ecarquilles,Fronces,Sourire leger
15:07:09,1595.77,NEUTRE,-1.0,-1.0,0.0,22.0,7,Neutre,Fronces,Sourire leger
15:07:09,1595.84,NEUTRE,-1.0,-1.0,0.0,22.0,14,Ecarquilles,Fronces,Sourire leger
15:07:09,1595.9,NEUTRE,-1.0,-1.0,0.0,22.0,16,Neutre,Fronces,Sourire leger
15:07:09,1596.04,NEUTRE,5.0,5.0,0.0,22.0,7,Neutre,Stable,Sourire leger
15:07:10,1596.11,NEUTRE,5.0,5.0,0.0,22.0,14,Neutre,Stable,Sourire leger
15:07:21,1607.86,NEUTRE,-1.0,-1.0,0.0,22.1,0,Plisses,Fronces,Sourire leger
15:07:21,1608.0,NEUTRE,0.0,0.0,0.0,22.1,7,Neutre,Stable,Fermee
15:07:22,1608.06,NEUTRE,5.0,5.0,0.0,22.1,19,Neutre,Stable,Sourire leger
15:07:22,1608.11,NEUTRE,5.0,5.0,0.0,22.1,17,Neutre,Stable,Sourire leger
15:07:22,1608.29,NEUTRE,5.0,5.0,0.0,22.1,5,Neutre,Stable,Sourire leger
15:07:22,1608.37,NEUTRE,5.0,5.0,0.0,22.1,12,Neutre,Stable,Sourire leger
15:07:22,1608.45,NEUTRE,5.0,5.0,0.0,22.1,12,Neutre,Stable,Sourire leger
15:07:22,1608.66,NEUTRE,5.0,5.0,0.0,22.1,4,Neutre,Stable,Sourire leger
15:07:22,1608.75,NEUTRE,5.0,5.0,0.0,22.1,10,Neutre,Stable,Sourire leger
15:07:22,1608.85,NEUTRE,5.0,5.0,0.0,22.1,10,Neutre,Stable,Sourire leger
15:07:23,1609.15,CONFORT,5.0,5.0,0.0,22.1,3,Neutre,Stable,Sourire leger
15:07:23,1609.26,CONFORT,0.0,0.0,0.0,22.1,8,Neutre,Stable,Fermee
15:07:23,1609.37,NEUTRE,0.0,0.0,0.0,22.1,9,Neutre,Stable,Fermee
15:07:23,1609.62,NEUTRE,0.0,0.0,0.0,22.1,4,Plisses,Stable,Fermee
15:07:24,1610.06,NEUTRE,0.0,0.0,0.0,22.1,2,Plisses,Stable,Fermee
15:07:24,1610.17,NEUTRE,0.0,0.0,0.0,22.1,9,Plisses,Releves,Fermee
15:07:24,1610.37,NEUTRE,5.0,5.0,0.0,22.1,4,Plisses,Stable,Sourire leger
15:07:24,1610.48,NEUTRE,0.0,0.0,0.0,22.1,9,Neutre,Stable,Fermee
15:07:24,1610.57,NEUTRE,5.0,5.0,0.0,22.1,10,Neutre,Stable,Sourire leger
15:07:24,1610.75,NEUTRE,5.0,5.0,0.0,22.1,5,Neutre,Stable,Sourire leger
15:07:24,1610.82,NEUTRE,5.0,5.0,0.0,22.2,13,Neutre,Stable,Sourire leger
15:07:24,1610.9,NEUTRE,0.0,0.0,0.0,22.2,12,Neutre,Stable,Fermee
15:07:25,1611.09,NEUTRE,0.0,0.0,0.0,22.2,5,Neutre,Stable,Fermee
15:07:25,1611.17,NEUTRE,0.0,0.0,0.0,22.2,12,Neutre,Stable,Fermee
15:07:25,1611.27,NEUTRE,5.0,5.0,0.0,22.2,10,Neutre,Stable,Sourire leger
15:07:25,1611.45,NEUTRE,0.0,0.0,0.0,22.2,5,Neutre,Stable,Fermee
15:07:25,1611.53,NEUTRE,0.0,0.0,0.0,22.2,12,Neutre,Stable,Fermee
15:07:25,1611.62,NEUTRE,0.0,0.0,0.0,22.2,11,Neutre,Stable,Fermee
15:07:25,1611.8,NEUTRE,0.0,0.0,0.0,22.2,5,Neutre,Stable,Fermee
15:07:25,1611.88,NEUTRE,0.0,0.0,0.0,22.2,11,Neutre,Stable,Fermee
15:07:25,1611.96,NEUTRE,0.0,0.0,0.0,22.2,13,Neutre,Stable,Fermee
15:07:26,1612.15,NEUTRE,5.0,5.0,0.0,22.2,5,Neutre,Stable,Sourire leger
15:07:26,1612.22,NEUTRE,0.0,0.0,0.0,22.2,13,Neutre,Stable,Fermee
15:07:26,1612.31,NEUTRE,5.0,5.0,0.0,22.2,12,Neutre,Stable,Sourire leger
15:07:26,1612.47,NEUTRE,5.0,5.0,0.0,22.2,6,Neutre,Stable,Sourire leger
15:07:26,1612.55,NEUTRE,5.0,5.0,0.0,22.2,13,Neutre,Stable,Sourire leger
15:07:26,1612.62,NEUTRE,5.0,5.0,0.0,22.3,12,Neutre,Stable,Sourire leger
15:07:26,1612.78,NEUTRE,5.0,5.0,0.0,22.3,6,Neutre,Stable,Sourire leger
15:07:26,1612.85,NEUTRE,5.0,5.0,0.0,22.3,14,Neutre,Stable,Sourire leger
15:07:26,1612.93,NEUTRE,0.0,0.0,0.0,22.3,12,Neutre,Stable,Fermee
15:07:27,1613.09,NEUTRE,0.0,0.0,0.0,22.3,6,Neutre,Stable,Fermee
15:07:27,1613.16,NEUTRE,0.0,0.0,0.0,22.3,14,Neutre,Stable,Fermee
15:07:27,1613.24,NEUTRE,5.0,5.0,0.0,22.3,12,Neutre,Stable,Sourire leger
15:07:27,1613.4,NEUTRE,5.0,5.0,0.0,22.3,6,Neutre,Stable,Sourire leger
15:07:27,1613.47,NEUTRE,5.0,5.0,0.0,22.3,14,Neutre,Stable,Sourire leger
15:07:27,1613.55,NEUTRE,0.0,0.0,0.0,22.3,11,Neutre,Stable,Fermee
15:07:27,1613.71,NEUTRE,0.0,0.0,0.0,22.3,6,Neutre,Stable,Fermee
15:07:27,1613.79,NEUTRE,0.0,0.0,0.0,22.3,13,Ecarquilles,Stable,Fermee
15:07:27,1613.86,NEUTRE,0.0,0.0,0.0,22.3,14,Ecarquilles,Stable,Fermee
15:07:27,1614.03,NEUTRE,0.0,0.0,0.0,22.3,5,Neutre,Stable,Fermee
15:07:28,1614.11,NEUTRE,0.0,0.0,0.0,22.3,12,Neutre,Stable,Fermee
15:07:28,1614.22,NEUTRE,0.0,0.0,0.0,22.3,9,Plisses,Releves,Fermee
15:07:28,1614.44,NEUTRE,5.0,5.0,0.0,22.3,4,Plisses,Releves,Sourire leger
15:07:28,1614.51,NEUTRE,0.0,0.0,0.0,22.3,12,Plisses,Stable,Fermee
15:07:28,1614.59,NEUTRE,0.0,0.0,0.0,22.3,13,Plisses,Stable,Fermee
15:07:28,1614.77,NEUTRE,0.0,0.0,0.0,22.3,5,Neutre,Stable,Fermee
15:07:28,1614.87,NEUTRE,0.0,0.0,0.0,22.3,9,Neutre,Stable,Fermee
15:07:28,1614.96,NEUTRE,0.0,0.0,0.0,22.3,10,Neutre,Stable,Fermee
15:07:29,1615.12,NEUTRE,0.0,0.0,0.0,22.3,6,Neutre,Stable,Fermee
15:07:29,1615.18,NEUTRE,0.0,0.0,0.0,22.3,15,Neutre,Stable,Fermee
15:07:29,1615.26,NEUTRE,0.0,0.0,0.0,22.3,12,Neutre,Stable,Fermee
15:07:29,1615.42,NEUTRE,0.0,0.0,0.0,22.3,6,Neutre,Stable,Fermee
15:07:29,1615.49,NEUTRE,0.0,0.0,0.0,22.4,16,Neutre,Stable,Fermee
15:07:29,1615.56,NEUTRE,0.0,0.0,0.0,22.4,13,Neutre,Stable,Fermee
15:07:29,1615.73,NEUTRE,0.0,0.0,0.0,22.4,5,Neutre,Stable,Fermee
15:07:29,1615.79,NEUTRE,5.0,5.0,0.0,22.4,15,Neutre,Stable,Sourire leger
15:07:29,1615.87,NEUTRE,0.0,0.0,0.0,22.4,12,Neutre,Stable,Fermee
15:07:29,1616.03,NEUTRE,0.0,0.0,0.0,22.4,6,Neutre,Stable,Fermee
15:07:30,1616.11,NEUTRE,0.0,0.0,0.0,22.4,13,Neutre,Stable,Fermee
15:07:30,1616.17,NEUTRE,0.0,0.0,0.0,22.4,14,Neutre,Stable,Fermee
15:07:30,1616.35,NEUTRE,0.0,0.0,0.0,22.4,5,Neutre,Stable,Fermee
15:07:30,1616.41,NEUTRE,0.0,0.0,0.0,22.4,14,Neutre,Stable,Fermee
15:07:30,1616.48,NEUTRE,0.0,0.0,0.0,22.4,14,Neutre,Stable,Fermee
15:07:30,1616.64,NEUTRE,0.0,0.0,0.0,22.4,6,Neutre,Stable,Fermee
15:07:30,1616.7,NEUTRE,0.0,0.0,0.0,22.4,16,Neutre,Stable,Fermee
15:07:30,1616.77,NEUTRE,0.0,0.0,0.0,22.4,14,Neutre,Stable,Fermee
15:07:30,1616.95,NEUTRE,0.0,0.0,0.0,22.4,5,Neutre,Stable,Fermee
15:07:31,1617.05,NEUTRE,0.0,0.0,0.0,22.4,9,Neutre,Stable,Fermee
15:07:31,1617.14,NEUTRE,0.0,0.0,0.0,22.4,10,Neutre,Stable,Fermee
15:07:31,1617.33,NEUTRE,0.0,0.0,0.0,22.4,5,Neutre,Stable,Fermee
15:07:31,1617.39,NEUTRE,0.0,0.0,0.0,22.4,15,Neutre,Stable,Fermee
15:07:31,1617.46,NEUTRE,0.0,0.0,0.0,22.4,14,Neutre,Stable,Fermee
15:07:31,1617.64,NEUTRE,0.0,0.0,0.0,22.4,5,Neutre,Stable,Fermee
15:07:31,1617.71,NEUTRE,0.0,0.0,0.0,22.4,13,Neutre,Stable,Fermee
15:07:31,1617.79,NEUTRE,0.0,0.0,0.0,22.4,12,Neutre,Stable,Fermee
15:07:31,1617.97,NEUTRE,0.0,0.0,0.0,22.4,5,Neutre,Stable,Fermee
15:07:32,1618.05,NEUTRE,0.0,0.0,0.0,22.4,13,Neutre,Stable,Fermee
15:07:32,1618.12,NEUTRE,5.0,5.0,0.0,22.4,13,Neutre,Stable,Sourire leger
15:07:32,1618.28,NEUTRE,5.0,5.0,0.0,22.4,6,Neutre,Stable,Sourire leger
15:07:32,1618.36,NEUTRE,5.0,5.0,0.0,22.4,12,Neutre,Stable,Sourire leger
15:07:32,1618.43,NEUTRE,5.0,5.0,0.0,22.4,13,Neutre,Stable,Sourire leger
15:07:32,1618.6,NEUTRE,5.0,5.0,0.0,22.4,5,Neutre,Stable,Sourire leger
15:07:32,1618.68,NEUTRE,5.0,5.0,0.0,22.4,12,Neutre,Stable,Sourire leger
15:07:32,1618.75,NEUTRE,5.0,5.0,0.0,22.4,14,Neutre,Stable,Sourire leger
15:07:32,1618.93,NEUTRE,5.0,5.0,0.0,22.4,5,Neutre,Stable,Sourire leger
15:07:32,1619.01,CONFORT,5.0,5.0,0.0,22.4,12,Neutre,Stable,Sourire leger
15:07:33,1619.08,CONFORT,5.0,5.0,0.0,22.4,12,Ecarquilles,Stable,Sourire leger
15:07:33,1619.28,CONFORT,5.0,5.0,0.0,22.3,5,Neutre,Stable,Sourire leger
15:07:33,1619.67,CONFORT,5.0,5.0,0.0,22.3,2,Ecarquilles,Stable,Sourire leger
15:07:33,1619.75,CONFORT,5.0,5.0,0.0,22.3,11,Neutre,Stable,Sourire leger
15:07:33,1619.93,CONFORT,5.0,5.0,0.0,22.3,5,Ecarquilles,Stable,Sourire leger
15:07:33,1620.0,CONFORT,5.0,5.0,0.0,22.2,14,Ecarquilles,Stable,Sourire leger
15:07:34,1620.08,CONFORT,5.0,5.0,0.0,22.2,12,Ecarquilles,Stable,Sourire leger
15:07:34,1620.27,CONFORT,5.0,5.0,0.0,22.2,5,Neutre,Stable,Sourire leger
15:07:34,1620.34,CONFORT,5.0,5.0,0.0,22.2,13,Neutre,Stable,Sourire leger
15:07:34,1620.42,CONFORT,5.0,5.0,0.0,22.1,12,Neutre,Stable,Sourire leger
15:07:34,1620.61,CONFORT,5.0,5.0,0.0,22.1,5,Ecarquilles,Stable,Sourire leger
15:07:34,1620.67,CONFORT,5.0,5.0,0.0,22.1,15,Neutre,Stable,Sourire leger
15:07:34,1620.74,CONFORT,5.0,5.0,0.0,22.1,13,Ecarquilles,Stable,Sourire leger
15:07:34,1620.88,CONFORT,5.0,5.0,0.0,22.1,7,Neutre,Stable,Sourire leger
15:07:34,1620.95,CONFORT,5.0,5.0,0.0,22.0,14,Ecarquilles,Stable,Sourire leger
15:07:34,1621.02,CONFORT,5.0,5.0,0.0,22.0,15,Neutre,Stable,Sourire leger
15:07:35,1621.18,CONFORT,5.0,5.0,0.0,22.0,6,Ecarquilles,Stable,Sourire leger
15:07:35,1621.25,CONFORT,5.0,5.0,0.0,22.0,13,Neutre,Stable,Sourire leger
15:07:35,1621.32,CONFORT,5.0,5.0,0.0,21.9,15,Ecarquilles,Stable,Sourire leger
15:07:35,1621.47,CONFORT,5.0,5.0,0.0,21.9,6,Ecarquilles,Stable,Sourire leger
15:07:35,1621.54,CONFORT,5.0,5.0,0.0,21.9,14,Ecarquilles,Stable,Sourire leger
15:07:35,1621.61,CONFORT,5.0,5.0,0.0,21.9,12,Ecarquilles,Stable,Sourire leger
15:07:35,1621.76,CONFORT,5.0,5.0,0.0,21.9,6,Ecarquilles,Stable,Sourire leger
15:07:35,1621.83,CONFORT,5.0,5.0,0.0,21.9,14,Ecarquilles,Stable,Sourire leger
15:07:35,1621.89,CONFORT,5.0,5.0,0.0,21.8,14,Ecarquilles,Stable,Sourire leger
15:07:36,1622.06,CONFORT,5.0,5.0,0.0,21.8,6,Ecarquilles,Stable,Sourire leger
15:07:36,1622.14,CONFORT,5.0,5.0,0.0,21.8,13,Neutre,Stable,Sourire leger
15:07:36,1622.21,CONFORT,5.0,5.0,0.0,21.8,13,Neutre,Stable,Sourire leger
15:07:36,1622.35,CONFORT,5.0,5.0,0.0,21.8,7,Neutre,Stable,Sourire leger
15:07:36,1622.43,CONFORT,5.0,5.0,0.0,21.8,12,Neutre,Stable,Sourire leger
15:07:36,1622.49,CONFORT,5.0,5.0,0.0,21.7,15,Neutre,Stable,Sourire leger
15:07:36,1622.64,CONFORT,5.0,5.0,0.0,21.7,6,Neutre,Stable,Sourire leger
15:07:36,1622.71,CONFORT,5.0,5.0,0.0,21.7,15,Neutre,Stable,Sourire leger
15:07:36,1622.78,CONFORT,5.0,5.0,0.0,21.7,12,Plisses,Releves,Sourire leger
15:07:36,1622.95,CONFORT,5.0,5.0,0.0,21.7,6,Plisses,Releves,Sourire leger
15:07:36,1623.03,CONFORT,5.0,5.0,0.0,21.7,11,Plisses,Releves,Sourire leger
15:07:37,1623.19,CONFORT,5.0,5.0,0.0,21.7,6,Neutre,Stable,Sourire leger
15:07:37,1623.4,CONFORT,0.0,0.0,0.0,21.6,4,Neutre,Stable,Fermee
15:07:37,1623.46,NEUTRE,0.0,0.0,0.0,21.7,15,Neutre,Stable,Fermee
15:07:37,1623.54,NEUTRE,0.0,0.0,0.0,21.7,13,Neutre,Stable,Fermee
15:07:37,1623.66,NEUTRE,0.0,0.0,0.0,21.7,7,Neutre,Stable,Fermee
15:07:37,1623.72,NEUTRE,5.0,5.0,0.0,21.7,17,Neutre,Releves,Sourire leger
15:07:37,1623.77,NEUTRE,0.0,0.0,0.0,21.7,18,Neutre,Stable,Fermee
15:07:37,1623.89,NEUTRE,0.0,0.0,0.0,21.7,8,Neutre,Releves,Fermee
15:07:37,1623.95,NEUTRE,5.0,5.0,0.0,21.8,17,Neutre,Stable,Sourire leger
15:07:37,1624.01,NEUTRE,5.0,5.0,0.0,21.8,16,Neutre,Stable,Sourire leger
15:07:38,1624.19,NEUTRE,5.0,5.0,0.0,21.8,5,Neutre,Stable,Sourire leger
15:07:38,1624.27,NEUTRE,5.0,5.0,0.0,21.8,12,Neutre,Stable,Sourire leger
15:07:38,1624.35,NEUTRE,5.0,5.0,0.0,21.8,12,Neutre,Stable,Sourire leger
15:07:38,1624.53,NEUTRE,5.0,5.0,0.0,21.8,5,Neutre,Stable,Sourire leger
15:07:38,1624.58,NEUTRE,5.0,5.0,0.0,21.8,17,Neutre,Stable,Sourire leger
15:07:38,1624.66,NEUTRE,5.0,5.0,0.0,21.9,14,Neutre,Stable,Sourire leger
15:07:38,1624.79,CONFORT,5.0,5.0,0.0,21.8,7,Neutre,Stable,Sourire leger
15:07:38,1624.85,CONFORT,5.0,5.0,0.0,21.8,17,Neutre,Stable,Sourire leger
15:07:38,1624.9,CONFORT,5.0,5.0,0.0,21.8,18,Neutre,Stable,Sourire leger
15:07:43,1629.98,CONFORT,5.0,5.0,0.0,21.8,0,Neutre,Stable,Sourire leger
15:07:43,1630.02,CONFORT,0.0,0.0,0.0,21.8,20,Ecarquilles,Stable,Fermee
15:07:44,1630.08,NEUTRE,0.0,0.0,0.0,21.8,17,Ecarquilles,Stable,Fermee
15:07:44,1630.2,NEUTRE,0.0,0.0,0.0,21.8,8,Ecarquilles,Stable,Fermee
15:07:44,1630.25,NEUTRE,0.0,0.0,0.0,21.8,18,Ecarquilles,Stable,Fermee
15:07:44,1630.31,NEUTRE,0.0,0.0,0.0,21.8,18,Ecarquilles,Stable,Fermee
15:07:44,1630.44,NEUTRE,5.0,5.0,0.0,21.8,7,Ecarquilles,Stable,Sourire leger
15:07:44,1630.52,NEUTRE,5.0,5.0,0.0,21.9,12,Ecarquilles,Stable,Sourire leger
15:07:44,1630.59,NEUTRE,0.0,0.0,0.0,21.9,13,Ecarquilles,Stable,Fermee
15:07:44,1630.8,NEUTRE,0.0,0.0,0.0,21.9,4,Ecarquilles,Stable,Fermee
15:07:44,1630.87,NEUTRE,5.0,5.0,0.0,21.9,13,Ecarquilles,Stable,Sourire leger
15:07:44,1630.96,NEUTRE,5.0,5.0,0.0,21.9,10,Ecarquilles,Stable,Sourire leger
15:07:45,1631.14,NEUTRE,5.0,5.0,0.0,21.9,5,Ecarquilles,Stable,Sourire leger
15:07:45,1631.23,NEUTRE,5.0,5.0,0.0,21.9,10,Ecarquilles,Stable,Sourire leger
15:07:45,1631.31,NEUTRE,5.0,5.0,0.0,21.9,13,Neutre,Stable,Sourire leger
15:07:45,1631.48,NEUTRE,5.0,5.0,0.0,22.0,5,Neutre,Stable,Sourire leger
15:07:45,1631.58,NEUTRE,5.0,5.0,0.0,22.0,10,Neutre,Stable,Sourire leger
15:07:45,1631.65,NEUTRE,5.0,5.0,0.0,22.0,13,Neutre,Stable,Sourire leger
15:07:45,1631.83,CONFORT,5.0,5.0,0.0,22.0,5,Neutre,Stable,Sourire leger
15:07:45,1631.91,CONFORT,5.0,5.0,0.0,21.9,12,Neutre,Stable,Sourire leger
15:07:45,1631.99,CONFORT,5.0,5.0,0.0,21.9,13,Neutre,Stable,Sourire leger
15:07:46,1632.17,CONFORT,5.0,5.0,0.0,21.9,5,Neutre,Stable,Sourire leger
15:07:46,1632.26,CONFORT,5.0,5.0,0.0,21.9,12,Neutre,Stable,Sourire leger
15:07:46,1632.35,CONFORT,5.0,5.0,0.0,21.9,10,Neutre,Stable,Sourire leger
15:07:46,1632.53,CONFORT,5.0,5.0,0.0,21.8,5,Neutre,Stable,Sourire leger
15:07:46,1632.62,CONFORT,5.0,5.0,0.0,21.8,11,Neutre,Stable,Sourire leger
15:07:46,1632.69,CONFORT,5.0,5.0,0.0,21.8,14,Plisses,Releves,Sourire leger
15:07:47,1633.07,CONFORT,5.0,5.0,0.0,21.8,2,Plisses,Stable,Sourire leger
15:07:47,1633.14,CONFORT,5.0,5.0,0.0,21.8,15,Neutre,Stable,Sourire leger
15:07:47,1633.2,CONFORT,5.0,5.0,0.0,21.8,15,Plisses,Stable,Sourire leger
15:07:47,1633.36,CONFORT,5.0,5.0,0.0,21.7,6,Plisses,Releves,Sourire leger
15:07:47,1633.44,CONFORT,5.0,5.0,0.0,21.7,13,Plisses,Stable,Sourire leger
15:07:47,1633.52,CONFORT,5.0,5.0,0.0,21.7,12,Neutre,Stable,Sourire leger
15:07:47,1633.68,CONFORT,5.0,5.0,0.0,21.7,6,Neutre,Stable,Sourire leger
15:07:47,1633.75,CONFORT,5.0,5.0,0.0,21.7,13,Neutre,Stable,Sourire leger
15:07:47,1633.83,CONFORT,5.0,5.0,0.0,21.7,13,Neutre,Stable,Sourire leger
15:07:47,1633.98,CONFORT,5.0,5.0,0.0,21.7,6,Neutre,Stable,Sourire leger
15:07:48,1634.05,CONFORT,5.0,5.0,0.0,21.7,15,Neutre,Stable,Sourire leger
15:07:48,1634.11,CONFORT,5.0,5.0,0.0,21.6,15,Neutre,Stable,Sourire leger
15:07:48,1634.28,CONFORT,5.0,5.0,0.0,21.6,6,Neutre,Stable,Sourire leger
15:07:48,1634.35,CONFORT,5.0,5.0,0.0,21.6,13,Neutre,Stable,Sourire leger
15:07:48,1634.42,CONFORT,5.0,5.0,0.0,21.6,14,Neutre,Stable,Sourire leger
15:07:48,1634.58,CONFORT,5.0,5.0,0.0,21.6,6,Neutre,Stable,Sourire leger
15:07:48,1634.65,CONFORT,5.0,5.0,0.0,21.6,13,Neutre,Stable,Sourire leger
15:07:48,1634.72,CONFORT,5.0,5.0,0.0,21.6,16,Neutre,Stable,Sourire leger
15:07:48,1634.87,CONFORT,5.0,5.0,0.0,21.6,6,Neutre,Stable,Sourire leger
15:07:48,1634.94,CONFORT,5.0,5.0,0.0,21.5,14,Neutre,Stable,Sourire leger
15:07:48,1635.01,CONFORT,5.0,5.0,0.0,21.5,13,Neutre,Stable,Sourire leger
15:07:49,1635.32,CONFORT,5.0,5.0,0.0,21.5,3,Neutre,Stable,Sourire leger
15:07:49,1635.41,CONFORT,5.0,5.0,0.0,21.5,11,Neutre,Stable,Sourire leger
15:07:49,1635.49,CONFORT,5.0,5.0,0.0,21.5,12,Neutre,Stable,Sourire leger
15:07:49,1635.64,CONFORT,5.0,5.0,0.0,21.5,6,Plisses,Releves,Sourire leger
15:07:49,1635.72,CONFORT,5.0,5.0,0.0,21.5,13,Plisses,Stable,Sourire leger
15:07:49,1635.79,CONFORT,0.0,0.0,0.0,21.5,13,Neutre,Stable,Fermee
15:07:49,1635.98,NEUTRE,0.0,0.0,0.0,21.5,5,Neutre,Stable,Fermee
15:07:50,1636.05,NEUTRE,0.0,0.0,0.0,21.5,13,Neutre,Stable,Parle
15:07:50,1636.13,NEUTRE,0.0,0.0,0.0,21.5,13,Neutre,Stable,Parle
15:07:50,1636.29,NEUTRE,0.0,0.0,0.0,21.6,6,Neutre,Stable,Parle
15:07:50,1636.37,NEUTRE,0.0,0.0,0.0,21.6,13,Neutre,Stable,Parle
15:07:50,1636.45,NEUTRE,0.0,0.0,0.0,21.6,12,Neutre,Stable,Fermee
15:07:50,1636.63,NEUTRE,0.0,0.0,0.0,21.6,5,Neutre,Stable,Fermee
15:07:50,1636.7,NEUTRE,0.0,0.0,0.0,21.6,13,Neutre,Stable,Fermee
15:07:50,1636.78,NEUTRE,0.0,0.0,0.0,21.6,12,Neutre,Stable,Fermee
15:07:50,1636.96,NEUTRE,0.0,0.0,0.0,21.7,5,Neutre,Stable,Fermee
15:07:51,1637.04,NEUTRE,0.0,0.0,0.0,21.7,13,Neutre,Stable,Fermee
15:07:51,1637.12,NEUTRE,0.0,0.0,0.0,21.7,12,Neutre,Stable,Fermee
15:07:51,1637.32,NEUTRE,0.0,0.0,0.0,21.7,5,Neutre,Stable,Fermee
15:07:51,1637.4,NEUTRE,0.0,0.0,0.0,21.7,13,Plisses,Stable,Fermee
15:07:51,1637.48,NEUTRE,0.0,0.0,0.0,21.7,12,Plisses,Releves,Fermee
15:07:51,1637.64,NEUTRE,0.0,0.0,0.0,21.8,6,Plisses,Stable,Fermee
15:07:51,1637.72,NEUTRE,0.0,0.0,0.0,21.8,13,Neutre,Stable,Fermee
15:07:51,1637.79,NEUTRE,0.0,0.0,0.0,21.8,13,Neutre,Stable,Fermee
15:07:51,1637.96,NEUTRE,0.0,0.0,0.0,21.8,5,Neutre,Stable,Fermee
15:07:52,1638.04,NEUTRE,0.0,0.0,0.0,21.8,12,Neutre,Stable,Fermee
15:07:52,1638.13,NEUTRE,0.0,0.0,0.0,21.8,11,Neutre,Stable,Fermee
15:07:52,1638.3,NEUTRE,0.0,0.0,0.0,21.8,5,Neutre,Stable,Fermee
15:07:52,1638.37,NEUTRE,0.0,0.0,0.0,21.9,14,Neutre,Stable,Fermee
15:07:52,1638.45,NEUTRE,0.0,0.0,0.0,21.9,12,Neutre,Stable,Fermee
15:07:52,1638.62,NEUTRE,0.0,0.0,0.0,21.9,5,Neutre,Stable,Fermee
15:07:52,1638.7,NEUTRE,0.0,0.0,0.0,21.9,12,Neutre,Stable,Fermee
15:07:52,1638.78,NEUTRE,0.0,0.0,0.0,21.9,12,Neutre,Stable,Fermee
15:07:52,1638.97,NEUTRE,0.0,0.0,0.0,21.9,5,Neutre,Stable,Fermee
15:07:53,1639.04,NEUTRE,0.0,0.0,0.0,21.9,13,Neutre,Stable,Fermee
15:07:53,1639.12,NEUTRE,0.0,0.0,0.0,21.9,13,Neutre,Stable,Fermee
15:07:53,1639.29,NEUTRE,0.0,0.0,0.0,22.0,5,Neutre,Stable,Fermee
15:07:53,1639.37,NEUTRE,0.0,0.0,0.0,22.0,13,Neutre,Stable,Fermee
15:07:53,1639.45,NEUTRE,0.0,0.0,0.0,22.0,12,Neutre,Stable,Fermee
15:07:53,1639.63,NEUTRE,0.0,0.0,0.0,22.0,5,Neutre,Stable,Fermee
15:07:53,1639.72,NEUTRE,0.0,0.0,0.0,22.0,11,Neutre,Stable,Fermee
15:07:53,1639.81,NEUTRE,0.0,0.0,0.0,22.0,10,Neutre,Stable,Fermee
15:07:54,1640.04,NEUTRE,0.0,0.0,0.0,22.0,4,Neutre,Stable,Fermee
15:07:54,1640.12,NEUTRE,0.0,0.0,0.0,22.0,13,Neutre,Stable,Fermee
15:07:54,1640.19,NEUTRE,0.0,0.0,0.0,22.0,14,Neutre,Stable,Fermee
15:07:54,1640.38,NEUTRE,0.0,0.0,0.0,22.0,5,Neutre,Stable,Fermee
15:07:54,1640.47,NEUTRE,0.0,0.0,0.0,22.1,11,Neutre,Stable,Fermee
15:07:54,1640.56,NEUTRE,0.0,0.0,0.0,22.1,10,Neutre,Stable,Fermee
15:07:54,1640.77,NEUTRE,0.0,0.0,0.0,22.1,4,Neutre,Stable,Fermee
15:07:54,1640.85,NEUTRE,0.0,0.0,0.0,22.1,13,Neutre,Stable,Fermee
15:07:54,1640.94,NEUTRE,0.0,0.0,0.0,22.1,10,Ecarquilles,Stable,Fermee
15:07:55,1641.12,NEUTRE,0.0,0.0,0.0,22.1,5,Neutre,Stable,Fermee
15:07:55,1641.2,NEUTRE,0.0,0.0,0.0,22.1,12,Neutre,Stable,Fermee
15:07:55,1641.26,NEUTRE,5.0,5.0,0.0,22.1,15,Neutre,Stable,Sourire leger
15:07:55,1641.45,NEUTRE,5.0,5.0,0.0,22.1,5,Neutre,Stable,Sourire leger
15:07:55,1641.57,NEUTRE,0.0,0.0,0.0,22.1,8,Plisses,Releves,Fermee
15:07:55,1641.62,NEUTRE,0.0,0.0,0.0,22.1,17,Plisses,Stable,Parle
15:07:55,1641.74,NEUTRE,0.0,0.0,0.0,22.1,8,Neutre,Stable,Parle
15:07:55,1641.8,NEUTRE,0.0,0.0,0.0,22.1,18,Neutre,Stable,Fermee
15:07:55,1641.86,NEUTRE,0.0,0.0,0.0,22.2,15,Neutre,Stable,Parle
15:07:56,1642.06,NEUTRE,0.0,0.0,0.0,22.2,4,Neutre,Stable,Parle
15:07:56,1642.12,NEUTRE,0.0,0.0,0.0,22.2,17,Neutre,Stable,Parle
15:07:56,1642.39,NEUTRE,0.0,0.0,0.0,22.2,3,Neutre,Stable,Fermee
15:07:56,1642.49,NEUTRE,0.0,0.0,0.0,22.2,9,Neutre,Stable,Fermee
15:07:56,1642.54,NEUTRE,0.0,0.0,0.0,22.2,19,Neutre,Stable,Fermee
15:07:56,1642.59,NEUTRE,0.0,0.0,0.0,22.2,21,Neutre,Stable,Fermee
15:07:56,1642.72,NEUTRE,5.0,5.0,0.0,22.2,7,Neutre,Stable,Sourire leger
15:07:56,1642.78,NEUTRE,0.0,0.0,0.0,22.2,17,Neutre,Stable,Fermee
15:07:56,1642.83,NEUTRE,5.0,5.0,0.0,22.2,17,Neutre,Stable,Sourire leger
15:07:56,1642.94,NEUTRE,5.0,5.0,0.0,22.2,8,Neutre,Stable,Sourire leger
15:07:56,1643.0,NEUTRE,0.0,0.0,0.0,22.2,17,Ecarquilles,Stable,Parle
15:07:57,1643.07,NEUTRE,0.0,0.0,0.0,22.2,14,Neutre,Stable,Parle
15:07:57,1643.19,NEUTRE,0.0,0.0,0.0,22.2,8,Neutre,Stable,Fermee
15:07:57,1643.26,NEUTRE,5.0,5.0,0.0,22.2,13,Neutre,Stable,Sourire leger
15:07:57,1643.33,NEUTRE,0.0,0.0,0.0,22.2,14,Neutre,Stable,Fermee
15:07:57,1643.45,NEUTRE,0.0,0.0,0.0,22.2,8,Neutre,Stable,Parle
15:07:57,1643.5,NEUTRE,0.0,0.0,0.0,22.3,19,Neutre,Stable,Parle
15:07:57,1643.55,NEUTRE,0.0,0.0,0.0,22.3,19,Neutre,Stable,Parle
15:07:57,1643.68,NEUTRE,0.0,0.0,0.0,22.3,8,Neutre,Stable,Parle
15:07:57,1643.72,NEUTRE,0.0,0.0,0.0,22.3,22,Neutre,Stable,Parle
15:07:57,1643.77,NEUTRE,0.0,0.0,0.0,22.3,19,Neutre,Stable,Parle
15:07:57,1643.9,NEUTRE,0.0,0.0,0.0,22.3,8,Neutre,Stable,Parle
15:07:57,1643.95,NEUTRE,0.0,0.0,0.0,22.3,17,Plisses,Stable,Parle
15:07:57,1644.02,NEUTRE,0.0,0.0,0.0,22.3,15,Plisses,Stable,Parle
15:07:58,1644.16,NEUTRE,0.0,0.0,0.0,22.3,6,Plisses,Stable,Fermee
15:07:58,1644.22,NEUTRE,0.0,0.0,0.0,22.3,17,Neutre,Stable,Fermee
15:07:58,1644.28,NEUTRE,5.0,5.0,0.0,22.3,16,Neutre,Stable,Sourire leger
15:07:58,1644.41,NEUTRE,0.0,0.0,0.0,22.3,7,Neutre,Stable,Fermee
15:07:58,1644.5,NEUTRE,0.0,0.0,0.0,22.3,11,Neutre,Stable,Fermee
15:07:58,1644.59,NEUTRE,0.0,0.0,0.0,22.3,10,Neutre,Stable,Fermee
15:07:58,1644.77,NEUTRE,0.0,0.0,0.0,22.3,5,Neutre,Stable,Fermee
15:07:58,1644.84,NEUTRE,0.0,0.0,0.0,22.3,14,Neutre,Stable,Fermee
15:07:58,1644.93,NEUTRE,0.0,0.0,0.0,22.3,10,Neutre,Stable,Fermee
15:07:59,1645.15,NEUTRE,0.0,0.0,0.0,22.3,4,Neutre,Stable,Parle
15:07:59,1645.24,NEUTRE,0.0,0.0,0.0,22.3,11,Neutre,Stable,Fermee
15:07:59,1645.32,NEUTRE,0.0,0.0,0.0,22.3,12,Neutre,Stable,Fermee
15:07:59,1645.5,NEUTRE,0.0,0.0,0.0,22.3,5,Neutre,Stable,Fermee
15:07:59,1645.57,NEUTRE,0.0,0.0,0.0,22.3,13,Neutre,Stable,Fermee
15:07:59,1645.65,NEUTRE,5.0,5.0,0.0,22.3,12,Neutre,Stable,Sourire leger
15:07:59,1645.82,NEUTRE,0.0,0.0,0.0,22.3,5,Neutre,Stable,Fermee
15:07:59,1645.9,NEUTRE,5.0,5.0,0.0,22.3,12,Neutre,Stable,Sourire leger
15:07:59,1645.99,NEUTRE,0.0,0.0,0.0,22.4,11,Neutre,Stable,Fermee
15:08:00,1646.16,NEUTRE,0.0,0.0,0.0,22.4,5,Neutre,Stable,Fermee
15:08:00,1646.23,NEUTRE,0.0,0.0,0.0,22.4,14,Neutre,Stable,Fermee
15:08:00,1646.3,NEUTRE,0.0,0.0,0.0,22.4,13,Neutre,Stable,Fermee
15:08:00,1646.49,NEUTRE,0.0,0.0,0.0,22.4,5,Neutre,Stable,Fermee
15:08:00,1646.57,NEUTRE,0.0,0.0,0.0,22.4,13,Neutre,Stable,Fermee
15:08:00,1646.65,NEUTRE,0.0,0.0,0.0,22.4,12,Neutre,Stable,Fermee
15:08:00,1646.82,NEUTRE,0.0,0.0,0.0,22.4,5,Neutre,Stable,Fermee
15:08:00,1646.88,NEUTRE,0.0,0.0,0.0,22.4,14,Neutre,Stable,Fermee
15:08:00,1646.96,NEUTRE,0.0,0.0,0.0,22.4,13,Neutre,Stable,Fermee
15:08:01,1647.13,NEUTRE,0.0,0.0,0.0,22.4,5,Neutre,Stable,Fermee
15:08:01,1647.21,NEUTRE,0.0,0.0,0.0,22.4,12,Plisses,Stable,Fermee
15:08:01,1647.3,NEUTRE,0.0,0.0,0.0,22.4,10,Neutre,Stable,Fermee
15:08:01,1647.53,NEUTRE,5.0,5.0,0.0,22.4,4,Neutre,Stable,Sourire leger
15:08:01,1647.62,NEUTRE,0.0,0.0,0.0,22.4,10,Neutre,Stable,Fermee
15:08:01,1647.7,NEUTRE,5.0,5.0,0.0,22.4,12,Neutre,Stable,Sourire leger
15:08:01,1647.92,NEUTRE,5.0,5.0,0.0,22.4,4,Neutre,Stable,Sourire leger
15:08:01,1648.0,NEUTRE,0.0,0.0,0.0,22.4,11,Ecarquilles,Stable,Fermee
15:08:02,1648.08,NEUTRE,0.0,0.0,0.0,22.4,12,Neutre,Stable,Parle
15:08:02,1648.26,NEUTRE,0.0,0.0,0.0,22.4,5,Neutre,Stable,Parle
15:08:02,1648.35,NEUTRE,0.0,0.0,0.0,22.4,11,Neutre,Stable,Parle
15:08:02,1648.42,NEUTRE,0.0,0.0,0.0,22.4,13,Neutre,Stable,Fermee
15:08:02,1648.56,NEUTRE,0.0,0.0,0.0,22.4,7,Ecarquilles,Stable,Fermee
15:08:02,1648.61,NEUTRE,0.0,0.0,0.0,22.4,19,Ecarquilles,Stable,Fermee
15:08:02,1648.67,NEUTRE,0.0,0.0,0.0,22.4,17,Ecarquilles,Stable,Fermee
15:08:02,1648.82,NEUTRE,0.0,0.0,0.0,22.4,6,Neutre,Stable,Fermee
15:08:02,1648.89,NEUTRE,0.0,0.0,0.0,22.4,14,Neutre,Stable,Parle
15:08:02,1648.95,NEUTRE,0.0,0.0,0.0,22.4,16,Neutre,Stable,Parle
10:41:48,6.66,NEUTRE,0.0,0.0,0.0,21.0,0,Ecarquilles,Stable,Fermee
10:41:48,6.73,NEUTRE,-6.0,-6.0,0.0,21.1,13,Ecarquilles,Fronces,Fermee
10:41:49,6.97,NEUTRE,0.0,0.0,0.0,21.1,4,Plisses,Stable,Fermee
10:41:49,6.99,NEUTRE,0.0,0.0,0.0,21.1,46,Ecarquilles,Stable,Fermee
10:41:49,7.01,NEUTRE,0.0,0.0,0.0,21.1,46,Ecarquilles,Stable,Fermee
10:41:49,7.06,NEUTRE,0.0,0.0,0.0,21.2,20,Ecarquilles,Stable,Fermee
10:41:49,7.08,NEUTRE,0.0,0.0,0.0,21.2,48,Plisses,Releves,Fermee
10:41:49,7.1,NEUTRE,0.0,0.0,0.0,21.2,44,Plisses,Stable,Fermee
10:41:49,7.15,NEUTRE,0.0,0.0,0.0,21.2,20,Ecarquilles,Stable,Fermee
10:41:49,7.26,NEUTRE,0.0,0.0,0.0,21.3,9,Ecarquilles,Stable,Fermee
10:41:49,7.29,NEUTRE,0.0,0.0,0.0,21.3,35,Ecarquilles,Stable,Fermee
10:41:49,7.43,NEUTRE,0.0,0.0,0.0,21.3,7,Ecarquilles,Stable,Fermee
10:41:49,7.46,NEUTRE,0.0,0.0,0.0,21.3,31,Ecarquilles,Stable,Fermee
10:41:49,7.55,NEUTRE,0.0,0.0,0.0,21.4,10,Ecarquilles,Stable,Fermee
10:41:49,7.69,NEUTRE,0.0,0.0,0.0,21.4,7,Ecarquilles,Stable,Fermee
10:41:49,7.72,NEUTRE,0.0,0.0,0.0,21.4,32,Ecarquilles,Stable,Fermee
10:41:49,7.81,NEUTRE,0.0,0.0,0.0,21.4,11,Ecarquilles,Stable,Fermee
10:41:50,7.94,NEUTRE,0.0,0.0,0.0,21.5,7,Ecarquilles,Stable,Fermee
10:41:50,7.97,NEUTRE,0.0,0.0,0.0,21.5,32,Ecarquilles,Stable,Fermee
10:41:50,8.07,NEUTRE,5.0,5.0,0.0,21.5,9,Ecarquilles,Stable,Sourire leger
10:41:50,8.16,NEUTRE,8.0,5.0,3.0,21.5,11,Ecarquilles,Stable,Grand Sourire
10:41:50,8.19,NEUTRE,8.0,5.0,3.0,21.5,32,Ecarquilles,Stable,Grand Sourire
10:41:50,8.3,NEUTRE,8.0,5.0,3.0,21.6,9,Neutre,Stable,Grand Sourire
10:41:50,8.37,NEUTRE,8.0,5.0,3.0,21.6,13,Neutre,Stable,Grand Sourire
10:41:50,8.4,CONFORT,8.0,5.0,3.0,21.6,31,Neutre,Stable,Grand Sourire
10:41:50,8.51,CONFORT,8.0,5.0,3.0,21.6,9,Neutre,Stable,Grand Sourire
10:41:50,8.58,CONFORT,8.0,5.0,3.0,21.5,14,Neutre,Stable,Grand Sourire
10:41:50,8.61,CONFORT,8.0,5.0,3.0,21.5,32,Neutre,Stable,Grand Sourire
10:41:50,8.7,CONFORT,8.0,5.0,3.0,21.5,11,Neutre,Stable,Grand Sourire
10:41:50,8.83,CONFORT,8.0,5.0,3.0,21.5,7,Neutre,Stable,Grand Sourire
10:41:50,8.86,CONFORT,8.0,5.0,3.0,21.5,30,Neutre,Stable,Grand Sourire
10:41:51,8.95,CONFORT,8.0,5.0,3.0,21.5,11,Ecarquilles,Stable,Grand Sourire
10:41:51,9.08,CONFORT,8.0,5.0,3.0,21.5,7,Ecarquilles,Stable,Grand Sourire
10:41:51,9.11,CONFORT,8.0,5.0,3.0,21.5,31,Ecarquilles,Stable,Grand Sourire
10:41:51,9.34,CONFORT,8.0,5.0,3.0,21.5,4,Neutre,Stable,Grand Sourire
10:41:51,9.41,CONFORT,8.0,5.0,3.0,21.5,14,Ecarquilles,Stable,Grand Sourire
10:41:51,9.44,CONFORT,8.0,5.0,3.0,21.4,31,Ecarquilles,Stable,Grand Sourire
10:41:51,9.47,CONFORT,8.0,5.0,3.0,21.4,31,Ecarquilles,Stable,Grand Sourire
10:41:51,9.54,CONFORT,8.0,5.0,3.0,21.4,14,Neutre,Stable,Grand Sourire
10:41:51,9.58,CONFORT,8.0,5.0,3.0,21.4,30,Ecarquilles,Stable,Grand Sourire
10:41:51,9.61,CONFORT,8.0,5.0,3.0,21.4,31,Ecarquilles,Stable,Grand Sourire
10:41:51,9.68,CONFORT,8.0,5.0,3.0,21.4,13,Ecarquilles,Stable,Grand Sourire
10:41:51,9.71,CONFORT,3.0,0.0,3.0,21.4,30,Ecarquilles,Stable,Parle
10:41:51,9.81,CONFORT,8.0,5.0,3.0,21.4,10,Ecarquilles,Stable,Sourire leger
10:41:52,9.95,CONFORT,5.0,5.0,0.0,21.4,7,Ecarquilles,Stable,Sourire leger
10:41:52,9.98,CONFORT,5.0,5.0,0.0,21.4,30,Ecarquilles,Stable,Sourire leger
10:41:52,10.07,CONFORT,0.0,0.0,0.0,21.4,10,Ecarquilles,Stable,Fermee
10:41:52,10.2,CONFORT,5.0,5.0,0.0,21.4,7,Ecarquilles,Stable,Sourire leger
10:41:52,10.23,CONFORT,0.0,0.0,0.0,21.3,29,Ecarquilles,Stable,Fermee
10:41:52,10.34,NEUTRE,0.0,0.0,0.0,21.4,9,Ecarquilles,Stable,Fermee
10:41:52,10.44,NEUTRE,0.0,0.0,0.0,21.4,10,Ecarquilles,Stable,Fermee
10:41:52,10.47,NEUTRE,0.0,0.0,0.0,21.4,29,Ecarquilles,Stable,Fermee
10:41:52,10.56,NEUTRE,5.0,5.0,0.0,21.4,10,Ecarquilles,Stable,Sourire leger
10:41:52,10.7,NEUTRE,5.0,5.0,0.0,21.5,7,Ecarquilles,Stable,Sourire leger
10:41:52,10.73,NEUTRE,5.0,5.0,0.0,21.5,28,Ecarquilles,Stable,Sourire leger
10:41:52,10.83,NEUTRE,0.0,0.0,0.0,21.5,10,Ecarquilles,Stable,Fermee
10:41:53,10.96,NEUTRE,5.0,5.0,0.0,21.5,7,Ecarquilles,Stable,Sourire leger
10:41:53,10.99,NEUTRE,5.0,5.0,0.0,21.5,31,Ecarquilles,Stable,Sourire leger
10:41:53,11.1,NEUTRE,5.0,5.0,0.0,21.6,9,Ecarquilles,Stable,Sourire leger
10:41:53,11.18,NEUTRE,5.0,5.0,0.0,21.6,12,Ecarquilles,Stable,Sourire leger
10:41:53,11.21,NEUTRE,5.0,5.0,0.0,21.6,31,Ecarquilles,Stable,Sourire leger
10:41:53,11.31,CONFORT,5.0,5.0,0.0,21.6,9,Ecarquilles,Stable,Sourire leger
10:41:53,11.39,CONFORT,5.0,5.0,0.0,21.6,12,Ecarquilles,Stable,Sourire leger
10:41:53,11.42,CONFORT,5.0,5.0,0.0,21.6,30,Ecarquilles,Stable,Sourire leger
10:41:53,11.52,CONFORT,5.0,5.0,0.0,21.5,10,Ecarquilles,Stable,Sourire leger
10:41:53,11.65,CONFORT,8.0,5.0,3.0,21.5,7,Ecarquilles,Stable,Sourire leger
10:41:53,11.68,CONFORT,8.0,5.0,3.0,21.5,31,Ecarquilles,Stable,Sourire leger
10:41:53,11.78,CONFORT,8.0,5.0,3.0,21.5,10,Ecarquilles,Stable,Sourire leger
10:41:54,11.91,CONFORT,5.0,5.0,0.0,21.5,7,Ecarquilles,Stable,Sourire leger
10:41:54,11.95,CONFORT,5.0,5.0,0.0,21.5,30,Ecarquilles,Stable,Sourire leger
10:41:54,12.04,CONFORT,5.0,5.0,0.0,21.5,10,Neutre,Stable,Sourire leger
10:41:54,12.17,CONFORT,5.0,5.0,0.0,21.5,7,Plisses,Releves,Sourire leger
10:41:54,12.2,CONFORT,5.0,5.0,0.0,21.5,30,Plisses,Stable,Sourire leger
10:41:54,12.3,CONFORT,5.0,5.0,0.0,21.5,9,Neutre,Stable,Sourire leger
10:41:54,12.43,CONFORT,5.0,5.0,0.0,21.4,7,Neutre,Stable,Sourire leger
10:41:54,12.46,CONFORT,5.0,5.0,0.0,21.4,30,Neutre,Stable,Sourire leger
10:41:54,12.56,CONFORT,5.0,5.0,0.0,21.4,10,Neutre,Stable,Sourire leger
10:41:54,12.71,CONFORT,5.0,5.0,0.0,21.4,6,Neutre,Stable,Sourire leger
10:41:54,12.74,CONFORT,5.0,5.0,0.0,21.4,30,Ecarquilles,Stable,Sourire leger
10:41:54,12.83,CONFORT,5.0,5.0,0.0,21.4,10,Ecarquilles,Stable,Sourire leger
10:41:55,12.97,CONFORT,5.0,5.0,0.0,21.4,7,Ecarquilles,Stable,Sourire leger
10:41:55,13.0,CONFORT,5.0,5.0,0.0,21.4,29,Ecarquilles,Stable,Sourire leger
10:41:55,13.1,CONFORT,5.0,5.0,0.0,21.4,9,Ecarquilles,Stable,Sourire leger
10:41:55,13.18,CONFORT,5.0,5.0,0.0,21.4,12,Ecarquilles,Stable,Sourire leger
10:41:55,13.22,CONFORT,5.0,5.0,0.0,21.4,29,Ecarquilles,Stable,Sourire leger
10:41:55,13.31,CONFORT,5.0,5.0,0.0,21.4,11,Ecarquilles,Stable,Sourire leger
10:41:55,13.44,CONFORT,5.0,5.0,0.0,21.4,7,Ecarquilles,Stable,Sourire leger
10:41:55,13.47,CONFORT,5.0,5.0,0.0,21.3,32,Ecarquilles,Stable,Sourire leger
10:41:55,13.58,CONFORT,5.0,5.0,0.0,21.3,9,Ecarquilles,Stable,Sourire leger
10:41:55,13.66,CONFORT,5.0,5.0,0.0,21.3,12,Ecarquilles,Stable,Sourire leger
10:41:55,13.69,CONFORT,5.0,5.0,0.0,21.3,29,Ecarquilles,Stable,Sourire leger
10:41:55,13.79,CONFORT,5.0,5.0,0.0,21.3,9,Plisses,Stable,Sourire leger
10:41:55,13.87,CONFORT,5.0,5.0,0.0,21.3,12,Plisses,Stable,Sourire leger
10:41:56,13.91,NEUTRE,-1.0,-1.0,0.0,21.3,30,Ecarquilles,Fronces,Sourire leger
10:41:56,14.0,NEUTRE,-1.0,-1.0,0.0,21.4,11,Ecarquilles,Fronces,Sourire leger
10:41:56,14.13,NEUTRE,2.0,-1.0,3.0,21.4,7,Ecarquilles,Fronces,Sourire leger
10:41:56,14.16,NEUTRE,2.0,-1.0,3.0,21.4,31,Ecarquilles,Fronces,Sourire leger
10:41:56,14.26,NEUTRE,2.0,-1.0,3.0,21.4,9,Ecarquilles,Fronces,Sourire leger
10:41:56,14.34,NEUTRE,-6.0,-6.0,0.0,21.4,13,Ecarquilles,Fronces,Fermee
10:41:56,14.37,NEUTRE,-1.0,-1.0,0.0,21.5,32,Ecarquilles,Fronces,Sourire leger
10:41:56,14.47,NEUTRE,-1.0,-1.0,0.0,21.5,10,Ecarquilles,Fronces,Sourire leger
10:41:56,14.6,NEUTRE,2.0,-1.0,3.0,21.5,7,Ecarquilles,Fronces,Sourire leger
10:41:56,14.63,NEUTRE,2.0,-1.0,3.0,21.5,30,Ecarquilles,Fronces,Sourire leger
10:41:56,14.72,NEUTRE,2.0,-1.0,3.0,21.5,10,Ecarquilles,Fronces,Sourire leger
10:41:57,14.89,NEUTRE,2.0,-1.0,3.0,21.6,5,Ecarquilles,Fronces,Sourire leger
10:41:57,14.93,NEUTRE,2.0,-1.0,3.0,21.6,30,Ecarquilles,Fronces,Sourire leger
10:41:57,14.96,NEUTRE,2.0,-1.0,3.0,21.6,30,Ecarquilles,Fronces,Sourire leger
10:41:57,15.1,NEUTRE,2.0,-1.0,3.0,21.6,7,Ecarquilles,Fronces,Sourire leger
10:41:57,15.13,NEUTRE,2.0,-1.0,3.0,21.6,29,Ecarquilles,Fronces,Sourire leger
10:41:57,15.24,NEUTRE,2.0,-1.0,3.0,21.7,9,Ecarquilles,Fronces,Sourire leger
10:41:57,15.31,NEUTRE,2.0,-1.0,3.0,21.7,12,Ecarquilles,Fronces,Sourire leger
10:41:57,15.35,NEUTRE,2.0,-1.0,3.0,21.7,30,Ecarquilles,Fronces,Sourire leger
10:41:57,15.44,NEUTRE,2.0,-1.0,3.0,21.7,10,Ecarquilles,Fronces,Sourire leger
10:41:57,15.58,NEUTRE,2.0,-1.0,3.0,21.7,7,Ecarquilles,Fronces,Sourire leger
10:41:57,15.61,NEUTRE,2.0,-1.0,3.0,21.7,30,Ecarquilles,Fronces,Sourire leger
10:41:57,15.71,NEUTRE,2.0,-1.0,3.0,21.8,10,Ecarquilles,Fronces,Sourire leger
10:41:57,15.84,NEUTRE,2.0,-1.0,3.0,21.8,7,Ecarquilles,Fronces,Sourire leger
10:41:57,15.87,NEUTRE,2.0,-1.0,3.0,21.8,30,Ecarquilles,Fronces,Sourire leger
10:41:58,15.97,NEUTRE,2.0,-1.0,3.0,21.8,9,Ecarquilles,Fronces,Sourire leger
10:41:58,16.2,NEUTRE,2.0,-1.0,3.0,21.8,4,Ecarquilles,Fronces,Sourire leger
10:41:58,16.23,NEUTRE,2.0,-1.0,3.0,21.8,29,Ecarquilles,Fronces,Sourire leger
10:41:58,16.26,NEUTRE,2.0,-1.0,3.0,21.8,31,Ecarquilles,Fronces,Sourire leger
10:41:58,16.34,NEUTRE,2.0,-1.0,3.0,21.9,13,Ecarquilles,Fronces,Sourire leger
10:41:58,16.37,NEUTRE,2.0,-1.0,3.0,21.9,31,Ecarquilles,Fronces,Sourire leger
10:41:58,16.4,NEUTRE,-3.0,-6.0,3.0,21.9,30,Ecarquilles,Fronces,Fermee
10:41:58,16.47,NEUTRE,2.0,-1.0,3.0,21.9,13,Ecarquilles,Fronces,Sourire leger
10:41:58,16.51,NEUTRE,2.0,-1.0,3.0,21.9,28,Ecarquilles,Fronces,Sourire leger
10:41:58,16.61,NEUTRE,2.0,-1.0,3.0,21.9,10,Ecarquilles,Fronces,Sourire leger
10:41:58,16.74,NEUTRE,0.0,0.0,0.0,21.9,7,Plisses,Stable,Fermee
10:41:58,16.77,NEUTRE,5.0,5.0,0.0,21.9,31,Neutre,Stable,Sourire leger
10:41:58,16.88,NEUTRE,5.0,5.0,0.0,21.9,9,Ecarquilles,Stable,Sourire leger
10:41:59,16.96,NEUTRE,8.0,5.0,3.0,22.0,12,Ecarquilles,Stable,Grand Sourire
10:41:59,16.99,NEUTRE,2.0,-1.0,3.0,22.0,30,Ecarquilles,Fronces,Grand Sourire
10:41:59,17.1,NEUTRE,2.0,-1.0,3.0,22.0,9,Ecarquilles,Fronces,Grand Sourire
10:41:59,17.18,NEUTRE,2.0,-1.0,3.0,22.0,12,Ecarquilles,Fronces,Grand Sourire
10:41:59,17.21,NEUTRE,2.0,-1.0,3.0,22.0,30,Ecarquilles,Fronces,Grand Sourire
10:41:59,17.31,NEUTRE,2.0,-1.0,3.0,22.0,10,Ecarquilles,Fronces,Grand Sourire
10:41:59,17.46,NEUTRE,2.0,-1.0,3.0,22.0,6,Ecarquilles,Fronces,Grand Sourire
10:41:59,17.49,NEUTRE,2.0,-1.0,3.0,22.0,28,Neutre,Fronces,Grand Sourire
10:41:59,17.59,NEUTRE,2.0,-1.0,3.0,22.0,10,Ecarquilles,Fronces,Grand Sourire
10:41:59,17.72,NEUTRE,8.0,5.0,3.0,22.0,7,Neutre,Stable,Grand Sourire
10:41:59,17.75,NEUTRE,8.0,5.0,3.0,22.1,31,Neutre,Stable,Grand Sourire
10:41:59,17.85,NEUTRE,8.0,5.0,3.0,22.1,9,Neutre,Stable,Grand Sourire
10:42:00,17.93,NEUTRE,2.0,-1.0,3.0,22.1,12,Neutre,Fronces,Grand Sourire
10:42:00,17.97,NEUTRE,8.0,5.0,3.0,22.1,29,Neutre,Stable,Grand Sourire
10:42:00,18.07,CONFORT,8.0,5.0,3.0,22.1,10,Plisses,Stable,Grand Sourire
10:42:00,18.15,CONFORT,8.0,5.0,3.0,22.0,12,Plisses,Stable,Grand Sourire
10:42:00,18.19,CONFORT,8.0,5.0,3.0,22.0,27,Plisses,Releves,Grand Sourire
10:42:00,18.28,CONFORT,8.0,5.0,3.0,22.0,10,Plisses,Stable,Grand Sourire
10:42:00,18.41,CONFORT,8.0,5.0,3.0,22.0,7,Neutre,Stable,Grand Sourire
10:42:00,18.44,CONFORT,8.0,5.0,3.0,22.0,30,Ecarquilles,Stable,Grand Sourire
10:42:00,18.54,CONFORT,8.0,5.0,3.0,21.9,10,Ecarquilles,Stable,Grand Sourire
10:42:00,18.67,CONFORT,5.0,5.0,0.0,21.9,7,Ecarquilles,Stable,Grand Sourire
10:42:00,18.71,CONFORT,5.0,5.0,0.0,21.9,32,Ecarquilles,Stable,Grand Sourire
10:42:00,18.82,CONFORT,5.0,5.0,0.0,21.9,8,Ecarquilles,Stable,Grand Sourire
10:42:01,18.89,CONFORT,5.0,5.0,0.0,21.9,12,Ecarquilles,Stable,Grand Sourire
10:42:01,18.93,CONFORT,5.0,5.0,0.0,21.9,30,Ecarquilles,Stable,Grand Sourire
10:42:01,19.02,CONFORT,5.0,5.0,0.0,21.8,11,Ecarquilles,Stable,Sourire leger
10:42:01,19.16,CONFORT,-1.0,-1.0,0.0,21.8,7,Ecarquilles,Fronces,Sourire leger
10:42:01,19.19,NEUTRE,-1.0,-1.0,0.0,21.8,31,Ecarquilles,Fronces,Sourire leger
10:42:01,19.28,NEUTRE,5.0,5.0,0.0,21.8,10,Ecarquilles,Stable,Sourire leger
10:42:01,19.41,NEUTRE,5.0,5.0,0.0,21.9,7,Ecarquilles,Stable,Sourire leger
10:42:01,19.45,NEUTRE,5.0,5.0,0.0,21.9,29,Ecarquilles,Stable,Sourire leger
10:42:01,19.54,NEUTRE,5.0,5.0,0.0,21.9,10,Ecarquilles,Stable,Sourire leger
10:42:01,19.68,NEUTRE,-1.0,-1.0,0.0,21.9,7,Ecarquilles,Fronces,Sourire leger
10:42:01,19.71,NEUTRE,5.0,5.0,0.0,21.9,30,Ecarquilles,Stable,Sourire leger
10:42:01,19.81,NEUTRE,5.0,5.0,0.0,21.9,10,Ecarquilles,Stable,Sourire leger
10:42:02,19.94,NEUTRE,-1.0,-1.0,0.0,21.9,7,Ecarquilles,Fronces,Sourire leger
10:42:02,19.97,NEUTRE,-1.0,-1.0,0.0,21.9,31,Ecarquilles,Fronces,Sourire leger
10:42:02,20.07,NEUTRE,5.0,5.0,0.0,22.0,9,Plisses,Releves,Sourire leger
10:42:02,20.15,NEUTRE,5.0,5.0,0.0,22.0,12,Plisses,Releves,Sourire leger
10:42:02,20.18,NEUTRE,5.0,5.0,0.0,22.0,31,Ecarquilles,Stable,Sourire leger
10:42:02,20.28,NEUTRE,0.0,0.0,0.0,22.0,10,Ecarquilles,Stable,Fermee
10:42:02,20.41,NEUTRE,0.0,0.0,0.0,22.0,7,Ecarquilles,Stable,Fermee
10:42:02,20.44,NEUTRE,0.0,0.0,0.0,22.0,30,Ecarquilles,Stable,Fermee
10:42:02,20.54,NEUTRE,0.0,0.0,0.0,22.0,9,Ecarquilles,Stable,Fermee
10:42:02,20.62,NEUTRE,0.0,0.0,0.0,22.0,12,Ecarquilles,Stable,Fermee
10:42:02,20.66,NEUTRE,0.0,0.0,0.0,22.0,28,Ecarquilles,Stable,Fermee
10:42:02,20.76,NEUTRE,5.0,5.0,0.0,22.0,10,Plisses,Stable,Sourire leger
10:42:02,20.89,NEUTRE,5.0,5.0,0.0,22.1,7,Ecarquilles,Stable,Sourire leger
10:42:03,20.92,NEUTRE,5.0,5.0,0.0,22.1,31,Ecarquilles,Stable,Sourire leger
10:42:03,21.03,NEUTRE,5.0,5.0,0.0,22.1,9,Ecarquilles,Stable,Sourire leger
10:42:03,21.11,NEUTRE,5.0,5.0,0.0,22.1,12,Ecarquilles,Stable,Sourire leger
10:42:03,21.14,NEUTRE,5.0,5.0,0.0,22.1,30,Ecarquilles,Stable,Sourire leger
10:42:03,21.26,NEUTRE,5.0,5.0,0.0,22.1,8,Neutre,Stable,Sourire leger
10:42:03,21.35,NEUTRE,5.0,5.0,0.0,22.1,11,Plisses,Releves,Sourire leger
10:42:03,21.38,CONFORT,5.0,5.0,0.0,22.1,30,Plisses,Releves,Sourire leger
10:42:03,21.49,CONFORT,5.0,5.0,0.0,22.1,9,Plisses,Releves,Sourire leger
10:42:03,21.56,CONFORT,5.0,5.0,0.0,22.0,13,Plisses,Releves,Sourire leger
10:42:03,21.6,CONFORT,5.0,5.0,0.0,22.0,29,Plisses,Releves,Sourire leger
10:42:03,21.71,CONFORT,5.0,5.0,0.0,22.0,8,Plisses,Releves,Sourire leger
10:42:03,21.79,CONFORT,5.0,5.0,0.0,22.0,13,Plisses,Stable,Sourire leger
10:42:03,21.82,CONFORT,5.0,5.0,0.0,22.0,30,Plisses,Releves,Sourire leger
10:42:04,21.91,CONFORT,5.0,5.0,0.0,21.9,10,Neutre,Stable,Sourire leger
10:42:04,22.05,CONFORT,5.0,5.0,0.0,21.9,7,Ecarquilles,Stable,Sourire leger
10:42:04,22.08,CONFORT,5.0,5.0,0.0,21.9,31,Ecarquilles,Stable,Sourire leger
10:42:04,22.18,CONFORT,5.0,5.0,0.0,21.9,10,Ecarquilles,Stable,Sourire leger
10:42:04,22.31,CONFORT,0.0,0.0,0.0,21.9,7,Ecarquilles,Stable,Fermee
10:42:04,22.34,CONFORT,5.0,5.0,0.0,21.8,30,Ecarquilles,Stable,Sourire leger
10:42:04,22.44,CONFORT,5.0,5.0,0.0,21.8,10,Ecarquilles,Stable,Sourire leger
10:42:04,22.57,CONFORT,5.0,5.0,0.0,21.8,7,Ecarquilles,Stable,Sourire leger
10:42:04,22.6,CONFORT,5.0,5.0,0.0,21.8,31,Ecarquilles,Stable,Sourire leger
10:42:04,22.71,CONFORT,5.0,5.0,0.0,21.8,9,Ecarquilles,Releves,Sourire leger
10:42:05,22.92,CONFORT,5.0,5.0,0.0,21.8,4,Ecarquilles,Releves,Sourire leger
10:42:05,22.95,CONFORT,5.0,5.0,0.0,21.8,32,Plisses,Releves,Sourire leger
10:42:05,22.99,CONFORT,5.0,5.0,0.0,21.7,32,Ecarquilles,Releves,Sourire leger
10:42:05,23.05,CONFORT,5.0,5.0,0.0,21.7,14,Ecarquilles,Stable,Sourire leger
10:42:05,23.09,CONFORT,0.0,0.0,0.0,21.7,30,Ecarquilles,Stable,Fermee
10:42:05,23.12,NEUTRE,0.0,0.0,0.0,21.7,28,Ecarquilles,Stable,Fermee
10:42:05,23.2,NEUTRE,5.0,5.0,0.0,21.7,12,Ecarquilles,Stable,Sourire leger
10:42:05,23.23,NEUTRE,5.0,5.0,0.0,21.8,31,Ecarquilles,Stable,Sourire leger
10:42:05,23.27,NEUTRE,5.0,5.0,0.0,21.8,31,Ecarquilles,Stable,Sourire leger
10:42:05,23.34,NEUTRE,5.0,5.0,0.0,21.8,13,Ecarquilles,Stable,Sourire leger
10:42:05,23.37,NEUTRE,5.0,5.0,0.0,21.8,30,Ecarquilles,Stable,Sourire leger
10:42:05,23.48,NEUTRE,0.0,0.0,0.0,21.8,9,Ecarquilles,Stable,Fermee
10:42:05,23.55,NEUTRE,0.0,0.0,0.0,21.8,12,Ecarquilles,Stable,Fermee
10:42:05,23.59,NEUTRE,0.0,0.0,0.0,21.8,30,Ecarquilles,Stable,Fermee
10:42:05,23.68,NEUTRE,0.0,0.0,0.0,21.9,10,Ecarquilles,Stable,Fermee
10:42:05,23.84,NEUTRE,0.0,0.0,0.0,21.9,6,Ecarquilles,Stable,Fermee
10:42:05,23.88,NEUTRE,0.0,0.0,0.0,21.9,25,Ecarquilles,Stable,Fermee
10:42:06,23.92,NEUTRE,0.0,0.0,0.0,21.9,23,Ecarquilles,Stable,Fermee
10:42:06,24.08,NEUTRE,0.0,0.0,0.0,21.9,6,Ecarquilles,Stable,Fermee
10:42:06,24.12,NEUTRE,0.0,0.0,0.0,21.9,23,Ecarquilles,Stable,Fermee
10:42:06,24.16,NEUTRE,0.0,0.0,0.0,21.9,27,Ecarquilles,Stable,Fermee
10:42:06,24.32,NEUTRE,0.0,0.0,0.0,21.9,6,Ecarquilles,Stable,Fermee
10:42:06,24.35,NEUTRE,0.0,0.0,0.0,21.9,31,Ecarquilles,Stable,Fermee
10:42:06,24.38,NEUTRE,0.0,0.0,0.0,22.0,29,Ecarquilles,Stable,Fermee
10:42:06,24.52,NEUTRE,0.0,0.0,0.0,22.0,7,Ecarquilles,Stable,Fermee
10:42:06,24.55,NEUTRE,0.0,0.0,0.0,22.0,28,Ecarquilles,Stable,Fermee
10:42:06,24.65,NEUTRE,0.0,0.0,0.0,22.0,10,Ecarquilles,Stable,Fermee
10:42:06,24.78,NEUTRE,0.0,0.0,0.0,22.0,7,Ecarquilles,Stable,Fermee
10:42:06,24.82,NEUTRE,0.0,0.0,0.0,22.0,30,Ecarquilles,Stable,Fermee
10:42:07,24.91,NEUTRE,0.0,0.0,0.0,22.0,10,Plisses,Releves,Fermee
10:42:07,25.05,NEUTRE,0.0,0.0,0.0,22.0,7,Neutre,Stable,Fermee
10:42:07,25.09,NEUTRE,0.0,0.0,0.0,22.0,26,Ecarquilles,Stable,Fermee
10:42:07,25.19,NEUTRE,0.0,0.0,0.0,22.1,10,Ecarquilles,Stable,Fermee
10:42:07,25.32,NEUTRE,0.0,0.0,0.0,22.1,7,Ecarquilles,Stable,Fermee
10:42:07,25.35,NEUTRE,0.0,0.0,0.0,22.1,29,Ecarquilles,Stable,Fermee
10:42:07,25.45,NEUTRE,0.0,0.0,0.0,22.1,10,Ecarquilles,Stable,Fermee
10:42:07,25.59,NEUTRE,0.0,0.0,0.0,22.1,7,Ecarquilles,Stable,Fermee
10:42:07,25.62,NEUTRE,0.0,0.0,0.0,22.1,29,Ecarquilles,Stable,Fermee
10:42:07,25.72,NEUTRE,0.0,0.0,0.0,22.1,10,Ecarquilles,Stable,Fermee
10:42:07,25.85,NEUTRE,0.0,0.0,0.0,22.1,7,Neutre,Stable,Fermee
10:42:07,25.88,NEUTRE,0.0,0.0,0.0,22.1,30,Ecarquilles,Stable,Fermee
10:42:08,25.97,NEUTRE,0.0,0.0,0.0,22.1,10,Ecarquilles,Stable,Fermee
10:42:08,26.12,NEUTRE,-6.0,-6.0,0.0,22.1,6,Ecarquilles,Fronces,Fermee
10:42:08,26.15,NEUTRE,-6.0,-6.0,0.0,22.1,28,Ecarquilles,Fronces,Fermee
10:42:08,26.26,NEUTRE,0.0,0.0,0.0,22.1,9,Ecarquilles,Stable,Fermee
10:42:08,26.34,NEUTRE,0.0,0.0,0.0,22.2,11,Ecarquilles,Stable,Fermee
10:42:08,26.38,NEUTRE,0.0,0.0,0.0,22.2,27,Ecarquilles,Stable,Fermee
10:42:08,26.48,NEUTRE,0.0,0.0,0.0,22.2,9,Ecarquilles,Stable,Fermee
10:42:08,26.59,NEUTRE,0.0,0.0,0.0,22.2,9,Ecarquilles,Stable,Fermee
10:42:08,26.63,NEUTRE,0.0,0.0,0.0,22.2,26,Ecarquilles,Stable,Fermee
10:42:08,26.73,NEUTRE,0.0,0.0,0.0,22.2,9,Ecarquilles,Stable,Fermee
10:42:08,26.83,NEUTRE,0.0,0.0,0.0,22.2,10,Ecarquilles,Stable,Fermee
10:42:08,26.86,NEUTRE,0.0,0.0,0.0,22.2,26,Ecarquilles,Stable,Fermee
10:42:09,26.96,NEUTRE,0.0,0.0,0.0,22.2,10,Ecarquilles,Stable,Fermee
10:42:09,27.09,NEUTRE,0.0,0.0,0.0,22.2,7,Ecarquilles,Stable,Fermee
10:42:09,27.12,NEUTRE,0.0,0.0,0.0,22.2,29,Ecarquilles,Stable,Fermee
10:42:09,27.23,NEUTRE,0.0,0.0,0.0,22.2,9,Ecarquilles,Stable,Fermee
10:42:09,27.31,NEUTRE,0.0,0.0,0.0,22.2,12,Ecarquilles,Stable,Fermee
10:42:09,27.35,NEUTRE,0.0,0.0,0.0,22.2,25,Plisses,Stable,Fermee
10:42:09,27.44,NEUTRE,0.0,0.0,0.0,22.2,10,Plisses,Stable,Fermee
10:49:20,458.4,NEUTRE,0.0,0.0,0.0,22.2,0,Neutre,Stable,Fermee
10:49:20,458.46,NEUTRE,0.0,0.0,0.0,22.2,16,Neutre,Stable,Fermee
10:49:20,458.51,NEUTRE,0.0,0.0,0.0,22.3,19,Neutre,Stable,Fermee
10:49:20,458.63,NEUTRE,0.0,0.0,0.0,22.3,8,Neutre,Stable,Fermee
10:49:20,458.69,NEUTRE,0.0,0.0,0.0,22.3,17,Neutre,Stable,Fermee
10:49:20,458.75,NEUTRE,0.0,0.0,0.0,22.3,16,Neutre,Stable,Fermee
10:49:21,458.96,NEUTRE,0.0,0.0,0.0,22.3,4,Neutre,Stable,Fermee
10:49:21,459.03,NEUTRE,0.0,0.0,0.0,22.3,13,Neutre,Stable,Fermee
10:49:21,459.11,NEUTRE,0.0,0.0,0.0,22.3,13,Neutre,Stable,Fermee
10:49:21,459.27,NEUTRE,0.0,0.0,0.0,22.3,6,Neutre,Stable,Fermee
10:49:21,459.34,NEUTRE,0.0,0.0,0.0,22.3,12,Neutre,Stable,Fermee
10:49:21,459.43,NEUTRE,0.0,0.0,0.0,22.3,11,Neutre,Stable,Fermee
10:49:21,459.6,NEUTRE,0.0,0.0,0.0,22.3,6,Ecarquilles,Stable,Fermee
10:49:21,459.7,NEUTRE,0.0,0.0,0.0,22.3,10,Ecarquilles,Stable,Fermee
10:49:21,459.79,NEUTRE,0.0,0.0,0.0,22.3,10,Ecarquilles,Stable,Fermee
10:49:23,461.36,NEUTRE,0.0,0.0,0.0,22.3,0,Neutre,Stable,Fermee
10:49:23,461.53,NEUTRE,0.0,0.0,0.0,22.3,5,Neutre,Stable,Fermee
10:49:23,461.78,NEUTRE,0.0,0.0,0.0,22.3,3,Neutre,Stable,Fermee
10:49:24,462.26,NEUTRE,0.0,0.0,0.0,22.3,2,Neutre,Stable,Fermee
10:49:24,462.39,NEUTRE,0.0,0.0,0.0,22.3,7,Neutre,Stable,Fermee
10:49:24,462.52,NEUTRE,0.0,0.0,0.0,22.3,7,Neutre,Stable,Fermee
10:49:24,462.87,NEUTRE,0.0,0.0,0.0,22.3,2,Neutre,Stable,Fermee
10:49:25,463.29,NEUTRE,0.0,0.0,0.0,22.3,2,Neutre,Stable,Fermee
10:49:25,463.39,NEUTRE,0.0,0.0,0.0,22.3,10,Neutre,Stable,Fermee
10:49:25,463.58,NEUTRE,0.0,0.0,0.0,22.3,5,Neutre,Stable,Fermee
10:49:25,463.67,NEUTRE,0.0,0.0,0.0,22.3,11,Neutre,Stable,Fermee
10:49:25,463.74,NEUTRE,0.0,0.0,0.0,22.3,14,Neutre,Stable,Fermee
10:49:26,463.92,NEUTRE,0.0,0.0,0.0,22.4,5,Neutre,Stable,Fermee
10:49:26,464.0,NEUTRE,0.0,0.0,0.0,22.4,12,Neutre,Stable,Fermee
10:49:26,464.09,NEUTRE,0.0,0.0,0.0,22.4,11,Neutre,Stable,Fermee
10:49:26,464.25,NEUTRE,-6.0,-6.0,0.0,22.4,6,Ecarquilles,Fronces,Fermee
10:49:26,464.33,NEUTRE,-6.0,-6.0,0.0,22.4,12,Ecarquilles,Fronces,Fermee
10:49:26,464.4,NEUTRE,0.0,0.0,0.0,22.4,14,Ecarquilles,Stable,Fermee
10:49:26,464.58,NEUTRE,0.0,0.0,0.0,22.4,5,Ecarquilles,Stable,Fermee
10:49:26,464.69,NEUTRE,0.0,0.0,0.0,22.4,9,Ecarquilles,Stable,Fermee
10:49:26,464.79,NEUTRE,0.0,0.0,0.0,22.4,10,Ecarquilles,Stable,Fermee
10:49:27,465.0,NEUTRE,0.0,0.0,0.0,22.4,4,Ecarquilles,Stable,Fermee
10:49:27,465.1,NEUTRE,0.0,0.0,0.0,22.4,9,Ecarquilles,Stable,Fermee
10:49:27,465.19,NEUTRE,0.0,0.0,0.0,22.4,11,Ecarquilles,Stable,Fermee
10:49:27,465.35,NEUTRE,0.0,0.0,0.0,22.4,6,Ecarquilles,Stable,Fermee
10:49:27,465.42,NEUTRE,0.0,0.0,0.0,22.4,16,Ecarquilles,Stable,Fermee
10:49:27,465.48,NEUTRE,-6.0,-6.0,0.0,22.4,14,Ecarquilles,Fronces,Fermee
10:49:27,465.65,NEUTRE,-6.0,-6.0,0.0,22.4,6,Ecarquilles,Fronces,Fermee
10:49:27,465.72,NEUTRE,-6.0,-6.0,0.0,22.4,13,Ecarquilles,Fronces,Fermee
10:49:27,465.8,NEUTRE,-6.0,-6.0,0.0,22.4,12,Ecarquilles,Fronces,Fermee
10:49:28,465.96,NEUTRE,-6.0,-6.0,0.0,22.4,6,Ecarquilles,Fronces,Fermee
10:49:28,466.04,NEUTRE,-6.0,-6.0,0.0,22.4,12,Ecarquilles,Fronces,Fermee
10:49:28,466.11,INCONFORT,-6.0,-6.0,0.0,22.3,13,Ecarquilles,Fronces,Fermee
10:49:28,466.29,INCONFORT,-6.0,-6.0,0.0,22.2,5,Ecarquilles,Fronces,Fermee
10:49:28,466.36,INCONFORT,-6.0,-6.0,0.0,22.1,13,Ecarquilles,Fronces,Fermee
10:49:28,466.45,INCONFORT,0.0,0.0,0.0,22.1,12,Plisses,Stable,Fermee
10:49:28,466.65,INCONFORT,0.0,0.0,0.0,22.0,4,Neutre,Stable,Fermee
10:49:28,466.73,INCONFORT,0.0,0.0,0.0,21.9,12,Ecarquilles,Stable,Fermee
10:49:28,466.8,INCONFORT,-6.0,-6.0,0.0,21.8,13,Ecarquilles,Fronces,Fermee
10:49:29,466.98,INCONFORT,-6.0,-6.0,0.0,21.7,5,Ecarquilles,Fronces,Fermee
10:49:29,467.05,INCONFORT,-6.0,-6.0,0.0,21.7,13,Ecarquilles,Fronces,Fermee
10:49:29,467.13,INCONFORT,-6.0,-6.0,0.0,21.6,12,Ecarquilles,Fronces,Fermee
10:49:29,467.31,INCONFORT,-6.0,-6.0,0.0,21.5,5,Ecarquilles,Fronces,Fermee
10:49:29,467.38,INCONFORT,-6.0,-6.0,0.0,21.5,13,Ecarquilles,Fronces,Fermee
10:49:29,467.46,INCONFORT,-6.0,-6.0,0.0,21.4,13,Ecarquilles,Fronces,Fermee
10:49:29,467.62,INCONFORT,-6.0,-6.0,0.0,21.3,6,Ecarquilles,Fronces,Fermee
10:49:29,467.69,INCONFORT,-6.0,-6.0,0.0,21.2,14,Ecarquilles,Fronces,Fermee
10:49:29,467.76,INCONFORT,-6.0,-6.0,0.0,21.2,12,Ecarquilles,Fronces,Fermee
10:49:30,467.91,INCONFORT,-6.0,-6.0,0.0,21.1,7,Ecarquilles,Fronces,Fermee
10:49:30,467.98,INCONFORT,-6.0,-6.0,0.0,21.1,14,Ecarquilles,Fronces,Fermee
10:49:30,468.05,INCONFORT,-6.0,-6.0,0.0,21.0,14,Ecarquilles,Fronces,Fermee
10:49:30,468.25,INCONFORT,-6.0,-6.0,0.0,20.9,4,Ecarquilles,Fronces,Fermee
10:49:30,468.33,INCONFORT,-6.0,-6.0,0.0,20.9,12,Ecarquilles,Fronces,Fermee
10:49:30,468.42,INCONFORT,-6.0,-6.0,0.0,20.8,10,Ecarquilles,Fronces,Fermee
10:49:30,468.63,INCONFORT,-6.0,-6.0,0.0,20.8,4,Ecarquilles,Fronces,Fermee
10:49:30,468.71,INCONFORT,-6.0,-6.0,0.0,20.7,13,Ecarquilles,Fronces,Fermee
10:49:30,468.79,INCONFORT,-6.0,-6.0,0.0,20.7,12,Ecarquilles,Fronces,Fermee
10:49:31,468.96,INCONFORT,-6.0,-6.0,0.0,20.6,5,Ecarquilles,Fronces,Fermee
10:49:31,469.02,INCONFORT,-6.0,-6.0,0.0,20.5,15,Ecarquilles,Fronces,Fermee
10:49:31,469.09,INCONFORT,-6.0,-6.0,0.0,20.5,13,Ecarquilles,Fronces,Fermee
10:49:31,469.23,INCONFORT,-6.0,-6.0,0.0,20.4,7,Ecarquilles,Fronces,Fermee
10:49:31,469.3,INCONFORT,-6.0,-6.0,0.0,20.4,14,Ecarquilles,Fronces,Fermee
10:49:31,469.36,INCONFORT,-6.0,-6.0,0.0,20.4,15,Ecarquilles,Fronces,Fermee
10:49:31,469.5,INCONFORT,-6.0,-6.0,0.0,20.3,7,Ecarquilles,Fronces,Fermee
10:49:31,469.57,INCONFORT,-6.0,-6.0,0.0,20.3,15,Ecarquilles,Fronces,Fermee
10:49:31,469.63,INCONFORT,-6.0,-6.0,0.0,20.2,15,Ecarquilles,Fronces,Fermee
10:49:31,469.78,INCONFORT,-6.0,-6.0,0.0,20.2,6,Ecarquilles,Fronces,Fermee
10:49:31,469.84,INCONFORT,-6.0,-6.0,0.0,20.1,15,Ecarquilles,Fronces,Fermee
10:49:32,469.91,INCONFORT,-6.0,-6.0,0.0,20.1,14,Ecarquilles,Fronces,Fermee
10:49:32,470.04,INCONFORT,-6.0,-6.0,0.0,20.0,7,Ecarquilles,Fronces,Fermee
10:49:32,470.11,INCONFORT,-6.0,-6.0,0.0,20.0,15,Ecarquilles,Fronces,Fermee
10:49:32,470.17,INCONFORT,-6.0,-6.0,0.0,20.0,16,Ecarquilles,Fronces,Fermee
10:49:32,470.31,INCONFORT,-6.0,-6.0,0.0,19.9,7,Ecarquilles,Fronces,Fermee
10:49:32,470.38,INCONFORT,-6.0,-6.0,0.0,19.9,13,Ecarquilles,Fronces,Fermee
10:49:32,470.45,INCONFORT,-6.0,-6.0,0.0,19.8,15,Ecarquilles,Fronces,Fermee
10:49:32,470.62,INCONFORT,-6.0,-6.0,0.0,19.8,5,Ecarquilles,Fronces,Fermee
10:49:32,470.7,INCONFORT,-6.0,-6.0,0.0,19.8,12,Ecarquilles,Fronces,Fermee
10:49:32,470.79,INCONFORT,-6.0,-6.0,0.0,19.7,12,Ecarquilles,Fronces,Fermee
10:49:33,470.94,INCONFORT,-1.0,-1.0,0.0,19.7,6,Ecarquilles,Fronces,Sourire leger
10:49:33,471.02,INCONFORT,-1.0,-1.0,0.0,19.7,12,Ecarquilles,Fronces,Sourire leger
10:49:33,471.08,NEUTRE,5.0,5.0,0.0,19.7,15,Neutre,Stable,Sourire leger
10:49:33,471.23,NEUTRE,5.0,5.0,0.0,19.8,6,Plisses,Stable,Sourire leger
10:49:33,471.31,NEUTRE,0.0,0.0,0.0,19.8,13,Neutre,Stable,Fermee
10:49:33,471.39,NEUTRE,0.0,0.0,0.0,19.9,12,Ecarquilles,Stable,Fermee
10:49:33,471.56,NEUTRE,-6.0,-6.0,0.0,19.9,5,Ecarquilles,Fronces,Fermee
10:49:33,471.63,NEUTRE,-6.0,-6.0,0.0,20.0,13,Ecarquilles,Fronces,Fermee
10:49:33,471.7,NEUTRE,-6.0,-6.0,0.0,20.0,14,Ecarquilles,Fronces,Fermee
10:49:34,472.19,NEUTRE,-6.0,-6.0,0.0,20.1,2,Ecarquilles,Fronces,Fermee
10:49:34,472.27,NEUTRE,-1.0,-1.0,0.0,20.1,13,Ecarquilles,Fronces,Sourire leger
10:49:34,472.34,NEUTRE,-1.0,-1.0,0.0,20.2,13,Ecarquilles,Fronces,Sourire leger
10:49:34,472.49,NEUTRE,-6.0,-6.0,0.0,20.2,6,Ecarquilles,Fronces,Fermee
10:49:34,472.56,NEUTRE,-6.0,-6.0,0.0,20.3,14,Ecarquilles,Fronces,Fermee
10:49:34,472.63,NEUTRE,-1.0,-1.0,0.0,20.3,14,Ecarquilles,Fronces,Sourire leger
10:49:34,472.77,INCONFORT,-1.0,-1.0,0.0,20.3,6,Ecarquilles,Fronces,Sourire leger
10:49:34,472.83,NEUTRE,-1.0,-1.0,0.0,20.3,16,Ecarquilles,Fronces,Sourire leger
10:49:35,472.9,NEUTRE,-1.0,-1.0,0.0,20.4,14,Ecarquilles,Fronces,Sourire leger
10:49:35,473.04,NEUTRE,-1.0,-1.0,0.0,20.4,7,Ecarquilles,Fronces,Sourire leger
10:49:35,473.1,NEUTRE,-1.0,-1.0,0.0,20.4,16,Ecarquilles,Fronces,Sourire leger
10:49:35,473.17,NEUTRE,-1.0,-1.0,0.0,20.5,14,Ecarquilles,Fronces,Sourire leger
10:49:35,473.31,NEUTRE,-1.0,-1.0,0.0,20.5,7,Ecarquilles,Fronces,Sourire leger
10:49:35,473.39,NEUTRE,-1.0,-1.0,0.0,20.6,13,Ecarquilles,Fronces,Sourire leger
10:49:35,473.45,NEUTRE,-1.0,-1.0,0.0,20.6,15,Ecarquilles,Fronces,Sourire leger
10:49:35,473.58,NEUTRE,-1.0,-1.0,0.0,20.6,7,Ecarquilles,Fronces,Sourire leger
10:49:35,473.65,NEUTRE,-1.0,-1.0,0.0,20.7,15,Ecarquilles,Fronces,Sourire leger
10:49:35,473.71,NEUTRE,-1.0,-1.0,0.0,20.7,15,Ecarquilles,Fronces,Sourire leger
10:49:35,473.86,NEUTRE,-1.0,-1.0,0.0,20.8,6,Ecarquilles,Fronces,Sourire leger
10:49:36,473.92,NEUTRE,-1.0,-1.0,0.0,20.8,14,Ecarquilles,Fronces,Sourire leger
10:49:36,473.98,NEUTRE,-1.0,-1.0,0.0,20.8,17,Ecarquilles,Fronces,Sourire leger
10:49:36,474.12,NEUTRE,-1.0,-1.0,0.0,20.9,7,Ecarquilles,Fronces,Sourire leger
10:49:36,474.18,NEUTRE,-1.0,-1.0,0.0,20.9,16,Ecarquilles,Fronces,Sourire leger
10:49:36,474.24,NEUTRE,-1.0,-1.0,0.0,20.9,16,Ecarquilles,Fronces,Sourire leger
10:49:36,474.38,NEUTRE,-1.0,-1.0,0.0,21.0,7,Ecarquilles,Fronces,Sourire leger
10:49:36,474.44,NEUTRE,-1.0,-1.0,0.0,21.0,14,Ecarquilles,Fronces,Sourire leger
10:49:36,474.51,NEUTRE,-1.0,-1.0,0.0,21.0,14,Ecarquilles,Fronces,Sourire leger
10:49:36,474.64,NEUTRE,5.0,5.0,0.0,21.0,7,Plisses,Stable,Sourire leger
10:49:36,474.71,NEUTRE,5.0,5.0,0.0,21.1,14,Plisses,Stable,Sourire leger
10:49:36,474.77,NEUTRE,5.0,5.0,0.0,21.1,15,Neutre,Stable,Sourire leger
10:49:37,474.91,NEUTRE,5.0,5.0,0.0,21.1,7,Neutre,Stable,Sourire leger
10:49:37,474.98,NEUTRE,5.0,5.0,0.0,21.2,14,Neutre,Stable,Sourire leger
10:49:37,475.04,NEUTRE,5.0,5.0,0.0,21.2,16,Neutre,Stable,Sourire leger
10:49:37,475.18,NEUTRE,5.0,5.0,0.0,21.2,6,Neutre,Stable,Sourire leger
10:49:37,475.24,NEUTRE,5.0,5.0,0.0,21.2,16,Neutre,Stable,Sourire leger
10:49:37,475.31,NEUTRE,5.0,5.0,0.0,21.3,15,Neutre,Stable,Sourire leger
10:49:37,475.44,CONFORT,5.0,5.0,0.0,21.3,7,Neutre,Stable,Sourire leger
10:49:37,475.5,CONFORT,5.0,5.0,0.0,21.3,15,Neutre,Stable,Sourire leger
10:49:37,475.57,CONFORT,5.0,5.0,0.0,21.2,15,Ecarquilles,Stable,Sourire leger
10:49:37,475.71,CONFORT,5.0,5.0,0.0,21.2,7,Ecarquilles,Stable,Sourire leger
10:49:37,475.78,CONFORT,5.0,5.0,0.0,21.2,14,Neutre,Stable,Sourire leger
10:49:37,475.84,CONFORT,5.0,5.0,0.0,21.2,15,Neutre,Stable,Sourire leger
10:49:38,475.98,CONFORT,5.0,5.0,0.0,21.2,7,Neutre,Stable,Sourire leger
10:49:38,476.05,CONFORT,5.0,5.0,0.0,21.2,15,Plisses,Stable,Sourire leger
10:49:38,476.11,CONFORT,5.0,5.0,0.0,21.2,15,Plisses,Stable,Sourire leger
10:49:38,476.25,CONFORT,0.0,0.0,0.0,21.2,6,Plisses,Stable,Fermee
10:49:38,476.32,NEUTRE,0.0,0.0,0.0,21.2,16,Plisses,Stable,Fermee
10:49:38,476.39,NEUTRE,0.0,0.0,0.0,21.3,14,Neutre,Stable,Fermee
10:49:38,476.55,NEUTRE,5.0,5.0,0.0,21.3,6,Neutre,Stable,Sourire leger
10:49:38,476.63,NEUTRE,5.0,5.0,0.0,21.3,12,Neutre,Stable,Sourire leger
10:49:38,476.7,NEUTRE,5.0,5.0,0.0,21.3,13,Neutre,Stable,Sourire leger
10:49:38,476.86,NEUTRE,5.0,5.0,0.0,21.4,6,Plisses,Releves,Sourire leger
10:49:39,476.93,NEUTRE,0.0,0.0,0.0,21.4,15,Plisses,Releves,Fermee
10:49:39,477.01,NEUTRE,5.0,5.0,0.0,21.4,12,Plisses,Stable,Sourire leger
10:49:39,477.17,NEUTRE,5.0,5.0,0.0,21.4,6,Neutre,Stable,Sourire leger
10:49:39,477.24,NEUTRE,5.0,5.0,0.0,21.4,14,Neutre,Stable,Sourire leger
10:49:39,477.32,NEUTRE,5.0,5.0,0.0,21.5,13,Neutre,Stable,Sourire leger
10:49:39,477.48,CONFORT,5.0,5.0,0.0,21.5,6,Neutre,Stable,Sourire leger
10:49:39,477.55,CONFORT,5.0,5.0,0.0,21.5,14,Neutre,Stable,Sourire leger
10:49:39,477.62,CONFORT,5.0,5.0,0.0,21.4,15,Neutre,Stable,Sourire leger
10:49:39,477.77,CONFORT,5.0,5.0,0.0,21.4,6,Neutre,Stable,Sourire leger
10:49:39,477.84,CONFORT,5.0,5.0,0.0,21.4,14,Neutre,Stable,Sourire leger
10:49:40,477.91,CONFORT,5.0,5.0,0.0,21.4,14,Neutre,Stable,Sourire leger
10:49:40,478.04,CONFORT,5.0,5.0,0.0,21.4,7,Neutre,Stable,Sourire leger
10:49:40,478.11,CONFORT,0.0,0.0,0.0,21.4,15,Neutre,Stable,Fermee
10:49:40,478.17,NEUTRE,0.0,0.0,0.0,21.4,16,Ecarquilles,Stable,Fermee
10:49:40,478.31,NEUTRE,0.0,0.0,0.0,21.4,7,Neutre,Stable,Fermee
10:49:40,478.37,NEUTRE,0.0,0.0,0.0,21.5,15,Neutre,Stable,Fermee
10:49:40,478.44,NEUTRE,0.0,0.0,0.0,21.5,14,Neutre,Stable,Fermee
10:49:40,478.59,NEUTRE,0.0,0.0,0.0,21.5,6,Neutre,Stable,Fermee
10:49:40,478.65,NEUTRE,-4.0,-4.0,0.0,21.5,16,Neutre,Stable,Grimace / Tension
10:49:40,478.71,NEUTRE,-4.0,-4.0,0.0,21.5,15,Neutre,Stable,Grimace / Tension
10:49:40,478.85,NEUTRE,-4.0,-4.0,0.0,21.6,7,Neutre,Stable,Grimace / Tension
10:49:41,478.91,NEUTRE,0.0,0.0,0.0,21.6,15,Neutre,Stable,Fermee
10:49:41,478.97,NEUTRE,0.0,0.0,0.0,21.6,16,Plisses,Stable,Fermee
10:49:41,479.18,NEUTRE,0.0,0.0,0.0,21.6,4,Plisses,Releves,Fermee
10:49:41,479.24,NEUTRE,0.0,0.0,0.0,21.6,16,Plisses,Releves,Fermee
10:49:41,479.31,NEUTRE,0.0,0.0,0.0,21.7,16,Plisses,Releves,Fermee
10:49:41,479.45,NEUTRE,0.0,0.0,0.0,21.7,6,Neutre,Stable,Fermee
10:49:41,479.52,NEUTRE,0.0,0.0,0.0,21.7,15,Neutre,Stable,Fermee
10:49:41,479.59,NEUTRE,0.0,0.0,0.0,21.7,14,Neutre,Stable,Fermee
10:49:41,479.74,NEUTRE,0.0,0.0,0.0,21.7,6,Neutre,Stable,Fermee
10:49:42,480.1,NEUTRE,0.0,0.0,0.0,21.7,2,Neutre,Stable,Fermee
10:49:42,480.18,NEUTRE,0.0,0.0,0.0,21.8,12,Neutre,Stable,Fermee
10:49:42,480.34,NEUTRE,0.0,0.0,0.0,21.8,6,Neutre,Stable,Fermee
10:49:42,480.42,NEUTRE,0.0,0.0,0.0,21.8,12,Neutre,Stable,Fermee
10:49:42,480.48,NEUTRE,-4.0,-4.0,0.0,21.8,15,Neutre,Stable,Grimace / Tension
10:49:42,480.64,NEUTRE,-4.0,-4.0,0.0,21.8,6,Neutre,Stable,Grimace / Tension
10:49:42,480.71,NEUTRE,-4.0,-4.0,0.0,21.8,13,Neutre,Stable,Grimace / Tension
10:49:42,480.78,NEUTRE,-4.0,-4.0,0.0,21.8,14,Neutre,Stable,Grimace / Tension
10:49:43,480.93,NEUTRE,-4.0,-4.0,0.0,21.8,6,Neutre,Stable,Grimace / Tension
10:49:43,481.0,NEUTRE,-5.0,-5.0,0.0,21.9,14,Neutre,Stable,Baillement
10:49:43,481.07,NEUTRE,-5.0,-5.0,0.0,21.9,14,Neutre,Stable,Baillement
10:49:43,481.23,NEUTRE,-5.0,-5.0,0.0,21.9,6,Neutre,Stable,Baillement
10:49:43,481.31,INCONFORT,-5.0,-5.0,0.0,21.8,14,Neutre,Stable,Baillement
10:49:43,481.37,INCONFORT,-5.0,-5.0,0.0,21.7,14,Neutre,Stable,Baillement
10:49:43,481.51,INCONFORT,-5.0,-5.0,0.0,21.7,7,Neutre,Stable,Baillement
10:49:43,481.59,INCONFORT,-5.0,-5.0,0.0,21.6,13,Neutre,Stable,Baillement
10:49:43,481.65,INCONFORT,0.0,0.0,0.0,21.5,15,Neutre,Stable,Parle
10:49:43,481.79,NEUTRE,0.0,0.0,0.0,21.5,6,Neutre,Stable,Parle
10:49:43,481.85,INCONFORT,-5.0,-5.0,0.0,21.5,16,Neutre,Stable,Baillement
10:49:44,481.92,INCONFORT,-5.0,-5.0,0.0,21.4,15,Neutre,Stable,Baillement
10:49:44,482.06,INCONFORT,-5.0,-5.0,0.0,21.3,7,Neutre,Stable,Baillement
10:49:44,482.12,INCONFORT,-5.0,-5.0,0.0,21.3,16,Plisses,Releves,Baillement
10:49:44,482.18,NEUTRE,0.0,0.0,0.0,21.3,15,Plisses,Releves,Parle
10:49:44,482.33,NEUTRE,0.0,0.0,0.0,21.3,6,Neutre,Stable,Parle
10:49:44,482.4,NEUTRE,0.0,0.0,0.0,21.3,15,Neutre,Stable,Parle
10:49:44,482.47,NEUTRE,0.0,0.0,0.0,21.4,14,Neutre,Stable,Parle
10:49:44,482.63,NEUTRE,0.0,0.0,0.0,21.4,6,Neutre,Stable,Parle
10:49:44,482.7,NEUTRE,0.0,0.0,0.0,21.4,15,Neutre,Stable,Parle
10:49:44,482.76,NEUTRE,0.0,0.0,0.0,21.4,14,Neutre,Stable,Parle
10:49:45,482.9,NEUTRE,0.0,0.0,0.0,21.4,7,Ecarquilles,Stable,Parle
10:49:45,482.97,NEUTRE,0.0,0.0,0.0,21.5,15,Ecarquilles,Stable,Parle
10:49:45,483.03,NEUTRE,-5.0,-5.0,0.0,21.5,14,Neutre,Stable,Baillement
10:49:45,483.17,NEUTRE,0.0,0.0,0.0,21.5,7,Neutre,Stable,Parle
10:49:45,483.23,NEUTRE,-5.0,-5.0,0.0,21.5,16,Neutre,Stable,Baillement
10:49:45,483.3,NEUTRE,-5.0,-5.0,0.0,21.5,15,Neutre,Stable,Baillement
10:49:45,483.43,NEUTRE,0.0,0.0,0.0,21.6,7,Neutre,Stable,Parle
10:49:45,483.5,NEUTRE,0.0,0.0,0.0,21.6,16,Neutre,Stable,Parle
10:49:45,483.56,NEUTRE,0.0,0.0,0.0,21.6,16,Neutre,Stable,Parle
10:49:45,483.69,NEUTRE,0.0,0.0,0.0,21.6,7,Neutre,Stable,Parle
10:49:45,483.76,NEUTRE,0.0,0.0,0.0,21.6,14,Neutre,Stable,Parle
10:49:45,483.83,NEUTRE,0.0,0.0,0.0,21.7,14,Neutre,Stable,Parle
10:49:46,483.98,NEUTRE,0.0,0.0,0.0,21.7,6,Neutre,Stable,Parle
10:49:46,484.04,NEUTRE,0.0,0.0,0.0,21.7,16,Neutre,Stable,Parle
10:49:46,484.11,NEUTRE,0.0,0.0,0.0,21.7,15,Neutre,Stable,Parle
10:49:46,484.24,NEUTRE,-5.0,-5.0,0.0,21.7,7,Neutre,Stable,Baillement
10:49:46,484.31,NEUTRE,-5.0,-5.0,0.0,21.7,15,Neutre,Stable,Baillement
10:49:46,484.37,NEUTRE,0.0,0.0,0.0,21.8,16,Neutre,Stable,Parle
10:49:46,484.51,NEUTRE,0.0,0.0,0.0,21.8,6,Neutre,Stable,Fermee
10:49:46,484.57,NEUTRE,0.0,0.0,0.0,21.8,17,Neutre,Stable,Fermee
10:49:46,484.64,NEUTRE,5.0,5.0,0.0,21.8,15,Neutre,Stable,Sourire leger
10:49:46,484.78,NEUTRE,0.0,0.0,0.0,21.8,6,Neutre,Stable,Fermee
10:49:46,484.84,NEUTRE,-4.0,-4.0,0.0,21.8,15,Neutre,Stable,Grimace / Tension
10:49:47,484.91,NEUTRE,0.0,0.0,0.0,21.8,15,Neutre,Stable,Fermee
10:49:47,485.05,NEUTRE,0.0,0.0,0.0,21.9,6,Neutre,Stable,Fermee
10:49:47,485.12,NEUTRE,0.0,0.0,0.0,21.9,16,Neutre,Stable,Parle
10:49:47,485.17,NEUTRE,0.0,0.0,0.0,21.9,17,Neutre,Stable,Fermee
10:49:47,485.32,NEUTRE,0.0,0.0,0.0,21.9,6,Neutre,Stable,Fermee
10:49:47,485.38,NEUTRE,0.0,0.0,0.0,21.9,16,Plisses,Stable,Fermee
10:49:47,485.44,NEUTRE,0.0,0.0,0.0,21.9,17,Plisses,Stable,Fermee
10:49:47,485.57,NEUTRE,0.0,0.0,0.0,21.9,7,Neutre,Stable,Fermee
10:49:47,485.63,NEUTRE,0.0,0.0,0.0,21.9,16,Neutre,Stable,Fermee
10:49:47,485.69,NEUTRE,0.0,0.0,0.0,21.9,15,Neutre,Stable,Fermee
10:49:47,485.83,NEUTRE,5.0,5.0,0.0,22.0,7,Neutre,Stable,Sourire leger
10:49:48,485.9,NEUTRE,5.0,5.0,0.0,22.0,15,Neutre,Stable,Sourire leger
10:49:48,485.95,NEUTRE,5.0,5.0,0.0,22.0,17,Neutre,Stable,Sourire leger
10:49:48,486.09,NEUTRE,0.0,0.0,0.0,22.0,7,Neutre,Stable,Fermee
10:49:48,486.15,NEUTRE,-4.0,-4.0,0.0,22.0,15,Neutre,Stable,Grimace / Tension
10:49:48,486.21,NEUTRE,5.0,5.0,0.0,22.0,16,Neutre,Stable,Grand Sourire
10:49:48,486.36,NEUTRE,5.0,5.0,0.0,22.0,6,Neutre,Stable,Grand Sourire
10:49:48,486.42,NEUTRE,5.0,5.0,0.0,22.0,18,Neutre,Stable,Grand Sourire
10:49:48,486.48,NEUTRE,5.0,5.0,0.0,22.0,16,Neutre,Stable,Grand Sourire
10:49:48,486.62,NEUTRE,8.0,5.0,3.0,22.0,6,Neutre,Stable,Grand Sourire
10:49:48,486.71,NEUTRE,8.0,5.0,3.0,22.1,11,Neutre,Stable,Grand Sourire
10:49:48,486.78,CONFORT,8.0,5.0,3.0,22.0,13,Neutre,Stable,Grand Sourire
10:49:49,486.94,CONFORT,8.0,5.0,3.0,22.0,6,Neutre,Stable,Grand Sourire
10:49:49,487.0,CONFORT,8.0,5.0,3.0,22.0,16,Neutre,Stable,Grand Sourire
10:49:49,487.06,CONFORT,8.0,5.0,3.0,22.0,15,Neutre,Stable,Grand Sourire
10:49:49,487.2,CONFORT,8.0,5.0,3.0,22.0,7,Neutre,Stable,Grand Sourire
10:49:49,487.26,CONFORT,8.0,5.0,3.0,21.9,16,Neutre,Stable,Grand Sourire
10:49:49,487.32,CONFORT,8.0,5.0,3.0,21.9,17,Neutre,Stable,Grand Sourire
10:49:49,487.46,CONFORT,8.0,5.0,3.0,21.9,6,Neutre,Stable,Grand Sourire
10:49:49,487.52,CONFORT,8.0,5.0,3.0,21.9,16,Neutre,Stable,Grand Sourire
10:49:50,487.92,CONFORT,8.0,5.0,3.0,21.9,2,Neutre,Stable,Grand Sourire
10:49:50,488.08,CONFORT,8.0,5.0,3.0,21.8,6,Neutre,Stable,Grand Sourire
10:49:50,488.15,CONFORT,8.0,5.0,3.0,21.8,13,Neutre,Stable,Grand Sourire
10:49:50,488.22,CONFORT,8.0,5.0,3.0,21.8,14,Neutre,Stable,Grand Sourire
10:49:50,488.39,CONFORT,8.0,5.0,3.0,21.8,5,Plisses,Releves,Grand Sourire
10:49:50,488.47,CONFORT,8.0,5.0,3.0,21.8,12,Plisses,Releves,Grand Sourire
10:49:50,488.55,CONFORT,8.0,5.0,3.0,21.8,12,Plisses,Stable,Grand Sourire
10:49:50,488.75,CONFORT,8.0,5.0,3.0,21.7,5,Neutre,Stable,Grand Sourire
10:49:50,488.81,CONFORT,8.0,5.0,3.0,21.7,14,Neutre,Stable,Grand Sourire
10:49:50,488.88,CONFORT,8.0,5.0,3.0,21.7,14,Neutre,Stable,Grand Sourire
10:49:51,489.05,CONFORT,8.0,5.0,3.0,21.7,6,Neutre,Stable,Grand Sourire
10:49:51,489.11,CONFORT,8.0,5.0,3.0,21.7,14,Neutre,Stable,Grand Sourire
10:49:51,489.18,CONFORT,8.0,5.0,3.0,21.7,14,Neutre,Stable,Grand Sourire
10:49:51,489.32,CONFORT,5.0,5.0,0.0,21.7,7,Neutre,Stable,Grand Sourire
10:49:51,489.39,CONFORT,5.0,5.0,0.0,21.7,14,Neutre,Stable,Grand Sourire
10:49:51,489.46,CONFORT,5.0,5.0,0.0,21.6,14,Neutre,Stable,Grand Sourire
10:49:51,489.65,CONFORT,5.0,5.0,0.0,21.6,5,Neutre,Stable,Grand Sourire
10:49:51,489.74,CONFORT,5.0,5.0,0.0,21.6,10,Neutre,Stable,Grand Sourire
10:49:51,489.83,CONFORT,5.0,5.0,0.0,21.6,10,Neutre,Stable,Grand Sourire
10:49:52,490.04,CONFORT,5.0,5.0,0.0,21.6,4,Neutre,Stable,Grand Sourire
10:49:52,490.11,CONFORT,5.0,5.0,0.0,21.6,14,Neutre,Stable,Grand Sourire
10:49:52,490.19,CONFORT,5.0,5.0,0.0,21.6,12,Neutre,Stable,Grand Sourire
10:49:52,490.34,CONFORT,5.0,5.0,0.0,21.6,6,Neutre,Stable,Sourire leger
10:49:52,490.4,NEUTRE,-4.0,-4.0,0.0,21.6,16,Neutre,Stable,Grimace / Tension
10:49:52,490.47,NEUTRE,-4.0,-4.0,0.0,21.6,14,Neutre,Stable,Grimace / Tension
10:49:52,490.63,NEUTRE,0.0,0.0,0.0,21.6,6,Neutre,Stable,Fermee
10:49:52,490.7,NEUTRE,0.0,0.0,0.0,21.6,14,Neutre,Stable,Fermee
10:49:52,490.76,NEUTRE,0.0,0.0,0.0,21.6,16,Neutre,Stable,Fermee
10:49:53,490.92,NEUTRE,-4.0,-4.0,0.0,21.7,6,Neutre,Stable,Grimace / Tension
10:49:53,490.99,NEUTRE,5.0,5.0,0.0,21.7,14,Neutre,Stable,Sourire leger
10:49:53,491.06,NEUTRE,5.0,5.0,0.0,21.7,14,Neutre,Stable,Sourire leger
10:49:53,491.24,NEUTRE,5.0,5.0,0.0,21.7,5,Neutre,Stable,Sourire leger
10:49:53,491.31,NEUTRE,5.0,5.0,0.0,21.7,13,Neutre,Stable,Sourire leger
10:49:53,491.39,NEUTRE,5.0,5.0,0.0,21.7,13,Neutre,Stable,Sourire leger
10:49:53,491.57,NEUTRE,5.0,5.0,0.0,21.8,5,Neutre,Stable,Grand Sourire
10:49:53,491.64,NEUTRE,5.0,5.0,0.0,21.8,13,Neutre,Stable,Grand Sourire
10:49:53,491.72,NEUTRE,5.0,5.0,0.0,21.8,13,Plisses,Stable,Grand Sourire
10:49:53,491.88,NEUTRE,5.0,5.0,0.0,21.8,6,Plisses,Releves,Grand Sourire
10:49:54,491.95,CONFORT,5.0,5.0,0.0,21.8,13,Plisses,Stable,Grand Sourire
10:49:54,492.02,CONFORT,5.0,5.0,0.0,21.8,15,Plisses,Releves,Grand Sourire
10:49:54,492.18,CONFORT,8.0,5.0,3.0,21.8,6,Neutre,Stable,Grand Sourire
10:49:54,492.25,CONFORT,8.0,5.0,3.0,21.7,15,Neutre,Stable,Grand Sourire
10:49:54,492.31,CONFORT,8.0,5.0,3.0,21.7,16,Neutre,Stable,Grand Sourire
10:49:54,492.46,CONFORT,5.0,5.0,0.0,21.7,6,Neutre,Stable,Grand Sourire
10:49:54,492.53,CONFORT,5.0,5.0,0.0,21.7,13,Neutre,Stable,Grand Sourire
10:49:54,492.6,CONFORT,5.0,5.0,0.0,21.7,14,Neutre,Stable,Sourire leger
10:49:54,492.76,CONFORT,5.0,5.0,0.0,21.7,6,Neutre,Stable,Sourire leger
10:49:54,492.82,CONFORT,5.0,5.0,0.0,21.7,15,Neutre,Stable,Sourire leger
10:49:54,492.88,CONFORT,5.0,5.0,0.0,21.6,16,Neutre,Stable,Sourire leger
10:49:55,493.06,CONFORT,5.0,5.0,0.0,21.6,5,Neutre,Stable,Sourire leger
10:49:55,493.14,CONFORT,5.0,5.0,0.0,21.6,12,Neutre,Stable,Sourire leger
10:49:55,493.21,CONFORT,5.0,5.0,0.0,21.6,14,Neutre,Stable,Sourire leger
10:49:55,493.37,CONFORT,5.0,5.0,0.0,21.6,6,Neutre,Stable,Sourire leger
10:49:55,493.43,CONFORT,5.0,5.0,0.0,21.6,15,Neutre,Stable,Sourire leger
10:49:55,493.5,CONFORT,0.0,0.0,0.0,21.6,14,Neutre,Stable,Fermee
10:49:55,493.68,CONFORT,5.0,5.0,0.0,21.6,5,Neutre,Stable,Sourire leger
10:49:55,493.76,CONFORT,5.0,5.0,0.0,21.5,12,Neutre,Stable,Sourire leger
10:49:55,493.83,CONFORT,5.0,5.0,0.0,21.5,13,Neutre,Stable,Sourire leger
10:49:56,494.0,CONFORT,5.0,5.0,0.0,21.5,6,Neutre,Stable,Sourire leger
10:49:56,494.07,CONFORT,5.0,5.0,0.0,21.5,14,Neutre,Stable,Sourire leger
10:49:56,494.14,NEUTRE,0.0,0.0,0.0,21.5,13,Neutre,Stable,Fermee
10:49:56,494.33,NEUTRE,0.0,0.0,0.0,21.6,5,Neutre,Stable,Fermee
10:49:56,494.41,NEUTRE,0.0,0.0,0.0,21.6,14,Neutre,Stable,Fermee
10:49:56,494.48,NEUTRE,5.0,5.0,0.0,21.6,13,Neutre,Stable,Sourire leger
10:49:56,494.64,NEUTRE,0.0,0.0,0.0,21.6,6,Neutre,Stable,Fermee
10:49:56,494.71,NEUTRE,0.0,0.0,0.0,21.6,14,Neutre,Stable,Fermee
10:49:56,494.79,NEUTRE,0.0,0.0,0.0,21.6,12,Neutre,Stable,Fermee
10:49:57,494.95,NEUTRE,0.0,0.0,0.0,21.7,6,Neutre,Stable,Fermee
10:49:57,495.03,NEUTRE,0.0,0.0,0.0,21.7,12,Neutre,Stable,Fermee
10:49:57,495.1,NEUTRE,0.0,0.0,0.0,21.7,14,Neutre,Stable,Fermee
10:49:57,495.27,NEUTRE,0.0,0.0,0.0,21.7,5,Neutre,Stable,Fermee
10:49:57,495.34,NEUTRE,0.0,0.0,0.0,21.7,14,Neutre,Stable,Fermee
10:49:57,495.4,NEUTRE,0.0,0.0,0.0,21.7,15,Neutre,Stable,Fermee
10:49:57,495.54,NEUTRE,5.0,5.0,0.0,21.8,7,Plisses,Releves,Sourire leger
10:49:57,495.6,NEUTRE,5.0,5.0,0.0,21.8,16,Plisses,Releves,Sourire leger
10:49:57,495.66,NEUTRE,5.0,5.0,0.0,21.8,16,Plisses,Releves,Sourire leger
10:49:57,495.79,NEUTRE,5.0,5.0,0.0,21.8,7,Plisses,Stable,Sourire leger
10:49:57,495.86,NEUTRE,5.0,5.0,0.0,21.8,15,Neutre,Stable,Sourire leger
10:49:58,495.92,NEUTRE,5.0,5.0,0.0,21.8,17,Neutre,Stable,Sourire leger
10:49:58,496.06,NEUTRE,5.0,5.0,0.0,21.8,7,Neutre,Stable,Sourire leger
10:49:58,496.35,NEUTRE,5.0,5.0,0.0,21.9,3,Neutre,Stable,Sourire leger
10:49:58,496.41,NEUTRE,0.0,0.0,0.0,21.9,17,Neutre,Stable,Fermee
10:49:58,496.58,NEUTRE,0.0,0.0,0.0,21.9,5,Neutre,Stable,Fermee
10:49:58,496.65,NEUTRE,0.0,0.0,0.0,21.9,14,Neutre,Stable,Fermee
10:49:58,496.73,NEUTRE,0.0,0.0,0.0,21.9,12,Neutre,Stable,Fermee
10:49:58,496.89,NEUTRE,0.0,0.0,0.0,21.9,6,Neutre,Stable,Fermee
10:49:59,496.96,NEUTRE,0.0,0.0,0.0,21.9,13,Neutre,Stable,Fermee
10:49:59,497.04,NEUTRE,0.0,0.0,0.0,21.9,12,Neutre,Stable,Fermee
10:49:59,497.21,NEUTRE,0.0,0.0,0.0,22.0,5,Neutre,Stable,Fermee
10:49:59,497.3,NEUTRE,0.0,0.0,0.0,22.0,11,Neutre,Stable,Fermee
10:49:59,497.38,NEUTRE,0.0,0.0,0.0,22.0,12,Ecarquilles,Stable,Fermee
10:49:59,497.54,NEUTRE,0.0,0.0,0.0,22.0,5,Ecarquilles,Stable,Fermee
10:49:59,497.61,NEUTRE,0.0,0.0,0.0,22.0,14,Ecarquilles,Stable,Fermee
10:49:59,497.68,NEUTRE,0.0,0.0,0.0,22.0,14,Ecarquilles,Stable,Fermee
10:49:59,497.85,NEUTRE,0.0,0.0,0.0,22.0,5,Ecarquilles,Stable,Fermee
10:50:00,497.93,NEUTRE,0.0,0.0,0.0,22.0,12,Ecarquilles,Stable,Fermee
10:50:00,498.02,NEUTRE,0.0,0.0,0.0,22.0,12,Ecarquilles,Stable,Fermee
10:50:00,498.18,NEUTRE,0.0,0.0,0.0,22.0,6,Ecarquilles,Stable,Fermee
10:50:00,498.25,NEUTRE,0.0,0.0,0.0,22.1,13,Neutre,Stable,Fermee
10:50:00,498.33,NEUTRE,0.0,0.0,0.0,22.1,13,Plisses,Stable,Fermee
10:50:00,498.49,NEUTRE,0.0,0.0,0.0,22.1,6,Neutre,Stable,Fermee
10:50:00,498.56,NEUTRE,0.0,0.0,0.0,22.1,13,Neutre,Stable,Fermee
10:50:00,498.64,NEUTRE,0.0,0.0,0.0,22.1,13,Neutre,Stable,Fermee
10:50:00,498.8,NEUTRE,0.0,0.0,0.0,22.1,6,Ecarquilles,Stable,Fermee
10:50:00,498.88,NEUTRE,0.0,0.0,0.0,22.1,13,Neutre,Stable,Fermee
10:50:01,498.95,NEUTRE,0.0,0.0,0.0,22.1,13,Ecarquilles,Stable,Fermee
10:50:01,499.12,NEUTRE,0.0,0.0,0.0,22.1,6,Ecarquilles,Stable,Fermee
10:50:01,499.19,NEUTRE,0.0,0.0,0.0,22.1,13,Ecarquilles,Stable,Fermee
10:50:01,499.27,NEUTRE,0.0,0.0,0.0,22.1,13,Ecarquilles,Stable,Fermee
10:50:01,499.44,NEUTRE,0.0,0.0,0.0,22.1,5,Ecarquilles,Stable,Fermee
10:50:01,499.51,NEUTRE,0.0,0.0,0.0,22.1,13,Ecarquilles,Stable,Fermee
10:50:01,499.59,NEUTRE,0.0,0.0,0.0,22.2,13,Ecarquilles,Stable,Fermee
10:50:01,499.75,NEUTRE,0.0,0.0,0.0,22.2,6,Ecarquilles,Stable,Fermee
10:50:01,499.82,NEUTRE,0.0,0.0,0.0,22.2,15,Ecarquilles,Stable,Fermee
10:50:02,499.9,NEUTRE,0.0,0.0,0.0,22.2,11,Ecarquilles,Stable,Fermee
10:50:02,500.08,NEUTRE,0.0,0.0,0.0,22.2,5,Ecarquilles,Stable,Fermee
10:50:02,500.15,NEUTRE,0.0,0.0,0.0,22.2,13,Ecarquilles,Stable,Fermee
10:50:02,500.23,NEUTRE,0.0,0.0,0.0,22.2,13,Ecarquilles,Stable,Fermee
10:50:02,500.4,NEUTRE,0.0,0.0,0.0,22.2,5,Ecarquilles,Stable,Fermee
10:50:02,500.47,NEUTRE,0.0,0.0,0.0,22.2,13,Ecarquilles,Stable,Fermee
10:50:02,500.54,NEUTRE,0.0,0.0,0.0,22.2,14,Ecarquilles,Stable,Fermee
10:50:02,500.7,NEUTRE,0.0,0.0,0.0,22.2,6,Ecarquilles,Stable,Fermee
10:50:02,500.76,NEUTRE,0.0,0.0,0.0,22.2,14,Neutre,Stable,Fermee
10:50:02,500.84,NEUTRE,0.0,0.0,0.0,22.2,13,Neutre,Stable,Fermee
10:50:03,501.02,NEUTRE,0.0,0.0,0.0,22.2,5,Neutre,Stable,Fermee
10:50:03,501.09,NEUTRE,0.0,0.0,0.0,22.2,13,Neutre,Stable,Fermee
10:50:03,501.17,NEUTRE,0.0,0.0,0.0,22.2,13,Neutre,Stable,Fermee
10:50:03,501.35,NEUTRE,0.0,0.0,0.0,22.3,5,Neutre,Stable,Fermee
10:50:03,501.42,NEUTRE,0.0,0.0,0.0,22.3,13,Neutre,Stable,Fermee
10:50:03,501.49,NEUTRE,0.0,0.0,0.0,22.3,14,Neutre,Stable,Fermee
10:50:03,501.65,NEUTRE,0.0,0.0,0.0,22.3,6,Neutre,Stable,Fermee
10:50:03,501.72,NEUTRE,0.0,0.0,0.0,22.3,14,Neutre,Stable,Fermee
10:50:03,501.79,NEUTRE,0.0,0.0,0.0,22.3,14,Neutre,Stable,Fermee
10:50:04,501.94,NEUTRE,0.0,0.0,0.0,22.3,6,Neutre,Stable,Fermee
10:50:04,502.01,NEUTRE,0.0,0.0,0.0,22.3,14,Neutre,Stable,Fermee
10:50:04,502.07,NEUTRE,0.0,0.0,0.0,22.3,15,Neutre,Stable,Fermee
10:50:04,502.22,NEUTRE,0.0,0.0,0.0,22.3,6,Neutre,Stable,Fermee
10:50:04,502.31,NEUTRE,0.0,0.0,0.0,22.3,11,Neutre,Stable,Fermee
10:50:04,502.39,NEUTRE,0.0,0.0,0.0,22.3,12,Neutre,Stable,Fermee
10:50:04,502.57,NEUTRE,0.0,0.0,0.0,22.3,5,Neutre,Stable,Fermee
10:50:04,502.64,NEUTRE,0.0,0.0,0.0,22.3,15,Neutre,Stable,Fermee
10:50:04,502.71,NEUTRE,0.0,0.0,0.0,22.3,14,Neutre,Stable,Fermee
10:50:04,502.86,NEUTRE,0.0,0.0,0.0,22.3,6,Neutre,Stable,Fermee
10:50:05,502.93,NEUTRE,5.0,5.0,0.0,22.3,14,Neutre,Stable,Sourire leger
10:50:05,503.0,NEUTRE,5.0,5.0,0.0,22.3,14,Neutre,Stable,Sourire leger
10:50:05,503.16,NEUTRE,5.0,5.0,0.0,22.3,6,Neutre,Stable,Sourire leger
10:50:05,503.23,NEUTRE,5.0,5.0,0.0,22.3,14,Neutre,Stable,Sourire leger
10:50:05,503.3,NEUTRE,5.0,5.0,0.0,22.3,14,Neutre,Stable,Sourire leger
10:50:05,503.44,NEUTRE,5.0,5.0,0.0,22.3,6,Neutre,Stable,Sourire leger
10:50:05,503.51,NEUTRE,5.0,5.0,0.0,22.3,14,Neutre,Stable,Sourire leger
10:50:05,503.58,NEUTRE,0.0,0.0,0.0,22.3,13,Plisses,Stable,Fermee
10:50:05,503.73,NEUTRE,5.0,5.0,0.0,22.3,6,Plisses,Releves,Sourire leger
10:50:05,503.88,CONFORT,5.0,5.0,0.0,22.3,6,Plisses,Releves,Sourire leger
10:50:06,503.98,CONFORT,5.0,5.0,0.0,22.3,9,Plisses,Releves,Sourire leger
10:50:06,504.23,NEUTRE,-1.0,-1.0,0.0,22.3,4,Ecarquilles,Fronces,Sourire leger
10:50:06,504.34,NEUTRE,5.0,5.0,0.0,22.3,9,Ecarquilles,Releves,Sourire leger
10:50:06,504.43,NEUTRE,-1.0,-1.0,0.0,22.3,10,Ecarquilles,Fronces,Sourire leger
10:50:06,504.75,NEUTRE,5.0,5.0,0.0,22.3,3,Ecarquilles,Releves,Sourire leger
10:50:07,504.91,NEUTRE,-1.0,-1.0,0.0,22.3,6,Plisses,Fronces,Sourire leger
10:50:07,505.45,NEUTRE,5.0,5.0,0.0,22.3,1,Ecarquilles,Releves,Sourire leger
10:50:07,505.72,NEUTRE,-4.0,-4.0,0.0,22.3,3,Ecarquilles,Releves,Grimace / Tension
10:50:08,506.35,NEUTRE,0.0,0.0,0.0,22.3,1,Ecarquilles,Releves,Fermee
10:51:26,583.95,NEUTRE,-4.0,-4.0,0.0,22.3,0,Neutre,Stable,Grimace / Tension
10:51:26,584.05,NEUTRE,-4.0,-4.0,0.0,22.3,10,Neutre,Releves,Grimace / Tension
10:51:26,584.19,NEUTRE,-4.0,-4.0,0.0,22.3,7,Plisses,Releves,Grimace / Tension
10:51:26,584.22,NEUTRE,-4.0,-4.0,0.0,22.3,28,Plisses,Releves,Grimace / Tension
10:51:26,584.35,NEUTRE,-4.0,-4.0,0.0,22.3,8,Plisses,Releves,Grimace / Tension
10:51:26,584.44,NEUTRE,-1.0,-4.0,3.0,22.3,10,Plisses,Releves,Grimace / Tension
10:51:26,584.49,NEUTRE,-1.0,-4.0,3.0,22.3,18,Plisses,Releves,Grimace / Tension
10:51:26,584.61,NEUTRE,-1.0,-4.0,3.0,22.4,8,Neutre,Releves,Grimace / Tension
10:51:26,584.7,NEUTRE,-1.0,-4.0,3.0,22.4,10,Neutre,Stable,Grimace / Tension
10:51:26,584.74,NEUTRE,-1.0,-4.0,3.0,22.4,24,Neutre,Releves,Grimace / Tension
10:51:26,584.86,NEUTRE,3.0,0.0,3.0,22.4,8,Neutre,Stable,Fermee
10:51:27,584.95,NEUTRE,0.0,0.0,0.0,22.4,10,Neutre,Stable,Fermee
10:51:27,584.99,NEUTRE,0.0,0.0,0.0,22.4,24,Neutre,Releves,Fermee
10:51:27,585.11,NEUTRE,0.0,0.0,0.0,22.4,8,Neutre,Stable,Parle
10:51:27,585.2,NEUTRE,-4.0,-4.0,0.0,22.4,11,Neutre,Stable,Grimace / Tension
10:51:27,585.25,NEUTRE,-4.0,-4.0,0.0,22.4,20,Neutre,Releves,Grimace / Tension
10:51:27,585.36,NEUTRE,0.0,0.0,0.0,22.4,9,Neutre,Releves,Parle
10:51:27,585.47,NEUTRE,0.0,0.0,0.0,22.4,9,Neutre,Releves,Parle
10:51:27,585.51,NEUTRE,0.0,0.0,0.0,22.4,23,Neutre,Releves,Fermee
10:51:27,585.63,NEUTRE,0.0,0.0,0.0,22.4,8,Neutre,Releves,Fermee
10:51:27,585.71,NEUTRE,-4.0,-4.0,0.0,22.4,11,Neutre,Releves,Grimace / Tension
10:51:27,585.76,NEUTRE,-4.0,-4.0,0.0,22.4,23,Neutre,Releves,Grimace / Tension
10:51:27,585.87,NEUTRE,-4.0,-4.0,0.0,22.4,8,Neutre,Releves,Grimace / Tension
10:51:28,585.96,NEUTRE,-1.0,-4.0,3.0,22.4,11,Neutre,Stable,Grimace / Tension
10:51:28,586.01,NEUTRE,-1.0,-4.0,3.0,22.4,23,Neutre,Stable,Grimace / Tension
10:51:28,586.14,NEUTRE,-1.0,-4.0,3.0,22.4,7,Neutre,Stable,Grimace / Tension
10:51:28,586.22,NEUTRE,-1.0,-4.0,3.0,22.4,12,Neutre,Stable,Grimace / Tension
10:51:28,586.26,NEUTRE,-1.0,-4.0,3.0,22.4,23,Neutre,Stable,Grimace / Tension
10:51:28,586.37,NEUTRE,-1.0,-4.0,3.0,22.4,9,Neutre,Stable,Grimace / Tension
10:51:28,586.47,NEUTRE,-1.0,-4.0,3.0,22.4,10,Neutre,Stable,Grimace / Tension
10:51:28,586.5,NEUTRE,-1.0,-4.0,3.0,22.4,30,Plisses,Stable,Grimace / Tension
10:51:28,586.59,NEUTRE,-1.0,-4.0,3.0,22.4,10,Plisses,Releves,Grimace / Tension
10:51:28,586.73,NEUTRE,-1.0,-4.0,3.0,22.4,7,Plisses,Releves,Grimace / Tension
10:51:28,586.76,NEUTRE,-1.0,-4.0,3.0,22.4,31,Plisses,Releves,Grimace / Tension
10:51:28,586.86,NEUTRE,-1.0,-4.0,3.0,22.4,9,Neutre,Releves,Grimace / Tension
10:51:29,587.0,NEUTRE,-1.0,-4.0,3.0,22.4,7,Plisses,Releves,Grimace / Tension
10:51:29,587.04,NEUTRE,-1.0,-4.0,3.0,22.4,29,Plisses,Releves,Grimace / Tension
10:51:29,587.13,NEUTRE,-1.0,-4.0,3.0,22.4,10,Plisses,Releves,Grimace / Tension
10:51:29,587.28,NEUTRE,-1.0,-4.0,3.0,22.4,6,Plisses,Releves,Grimace / Tension
10:51:29,587.31,NEUTRE,-1.0,-4.0,3.0,22.4,31,Plisses,Releves,Grimace / Tension
10:51:29,587.4,NEUTRE,-1.0,-4.0,3.0,22.4,11,Plisses,Stable,Grimace / Tension
10:51:29,587.54,NEUTRE,-1.0,-4.0,3.0,22.4,7,Plisses,Releves,Grimace / Tension
10:51:29,587.57,NEUTRE,-1.0,-4.0,3.0,22.4,30,Plisses,Stable,Grimace / Tension
10:51:29,587.67,NEUTRE,-1.0,-4.0,3.0,22.4,9,Plisses,Stable,Grimace / Tension
10:51:29,587.8,NEUTRE,-1.0,-4.0,3.0,22.4,7,Plisses,Stable,Grimace / Tension
10:51:29,587.83,NEUTRE,-1.0,-4.0,3.0,22.4,32,Plisses,Stable,Grimace / Tension
10:51:29,587.86,NEUTRE,-1.0,-4.0,3.0,22.4,31,Plisses,Stable,Grimace / Tension
10:51:30,587.94,NEUTRE,-1.0,-4.0,3.0,22.4,12,Plisses,Stable,Grimace / Tension
10:51:30,587.97,NEUTRE,-1.0,-4.0,3.0,22.4,31,Neutre,Releves,Grimace / Tension
10:51:30,588.07,NEUTRE,-1.0,-4.0,3.0,22.4,10,Plisses,Releves,Grimace / Tension
10:51:30,588.2,NEUTRE,-1.0,-4.0,3.0,22.4,7,Plisses,Releves,Grimace / Tension
10:51:30,588.24,NEUTRE,-1.0,-4.0,3.0,22.4,29,Plisses,Releves,Grimace / Tension
10:51:30,588.35,NEUTRE,-1.0,-4.0,3.0,22.4,8,Neutre,Releves,Grimace / Tension
10:51:30,588.48,NEUTRE,-1.0,-4.0,3.0,22.4,7,Neutre,Releves,Grimace / Tension
10:51:30,588.51,NEUTRE,-1.0,-4.0,3.0,22.4,30,Neutre,Releves,Grimace / Tension
10:51:30,588.61,NEUTRE,-1.0,-4.0,3.0,22.4,10,Neutre,Releves,Grimace / Tension
10:51:30,588.75,NEUTRE,-1.0,-4.0,3.0,22.4,7,Neutre,Releves,Grimace / Tension
10:51:30,588.78,NEUTRE,-1.0,-4.0,3.0,22.4,29,Neutre,Releves,Grimace / Tension
10:51:30,588.88,NEUTRE,-1.0,-4.0,3.0,22.4,10,Neutre,Releves,Grimace / Tension
10:51:31,589.01,NEUTRE,-1.0,-4.0,3.0,22.4,7,Neutre,Releves,Grimace / Tension
10:51:31,589.05,NEUTRE,-1.0,-4.0,3.0,22.4,29,Neutre,Releves,Grimace / Tension
10:51:31,589.14,NEUTRE,-1.0,-4.0,3.0,22.4,10,Neutre,Stable,Grimace / Tension
10:51:31,589.28,NEUTRE,-1.0,-4.0,3.0,22.5,7,Neutre,Stable,Grimace / Tension
10:51:31,589.32,NEUTRE,-1.0,-4.0,3.0,22.5,28,Neutre,Stable,Grimace / Tension
10:51:31,589.41,NEUTRE,-1.0,-4.0,3.0,22.5,10,Neutre,Stable,Grimace / Tension
10:51:31,589.56,NEUTRE,-1.0,-4.0,3.0,22.5,7,Neutre,Stable,Grimace / Tension
10:51:31,589.59,NEUTRE,-1.0,-4.0,3.0,22.5,29,Neutre,Stable,Grimace / Tension
10:51:31,589.69,NEUTRE,-1.0,-4.0,3.0,22.5,9,Neutre,Stable,Grimace / Tension
10:51:31,589.77,NEUTRE,-4.0,-4.0,0.0,22.5,12,Neutre,Releves,Grimace / Tension
10:51:31,589.81,NEUTRE,-4.0,-4.0,0.0,22.5,30,Neutre,Stable,Grimace / Tension
10:51:32,589.91,NEUTRE,0.0,0.0,0.0,22.5,9,Plisses,Stable,Fermee
10:51:32,590.04,NEUTRE,0.0,0.0,0.0,22.5,8,Plisses,Stable,Fermee
10:51:32,590.07,NEUTRE,0.0,0.0,0.0,22.5,28,Plisses,Stable,Fermee
10:51:32,590.1,NEUTRE,0.0,0.0,0.0,22.5,31,Plisses,Stable,Fermee
10:51:32,590.18,NEUTRE,0.0,0.0,0.0,22.5,12,Plisses,Stable,Fermee
10:51:32,590.22,NEUTRE,0.0,0.0,0.0,22.5,28,Plisses,Stable,Fermee
10:51:32,590.32,NEUTRE,0.0,0.0,0.0,22.5,10,Plisses,Stable,Fermee
10:51:32,590.46,NEUTRE,0.0,0.0,0.0,22.5,7,Plisses,Stable,Fermee
10:51:32,590.49,NEUTRE,0.0,0.0,0.0,22.5,29,Plisses,Stable,Fermee
10:51:32,590.74,NEUTRE,0.0,0.0,0.0,22.5,3,Plisses,Stable,Fermee
10:51:32,590.82,NEUTRE,0.0,0.0,0.0,22.5,12,Plisses,Stable,Fermee
10:51:32,590.85,NEUTRE,0.0,0.0,0.0,22.5,30,Plisses,Stable,Fermee
10:51:32,590.89,NEUTRE,0.0,0.0,0.0,22.5,30,Plisses,Stable,Fermee
10:51:33,590.97,NEUTRE,0.0,0.0,0.0,22.5,12,Plisses,Stable,Fermee
10:51:33,591.02,NEUTRE,0.0,0.0,0.0,22.5,19,Plisses,Stable,Fermee
10:51:33,591.05,NEUTRE,0.0,0.0,0.0,22.5,31,Plisses,Stable,Fermee
10:51:33,591.13,NEUTRE,-6.0,-6.0,0.0,22.5,12,Neutre,Fronces,Fermee
10:51:35,593.33,NEUTRE,-6.0,-6.0,0.0,22.5,0,Neutre,Fronces,Fermee
10:51:35,593.35,NEUTRE,-6.0,-6.0,0.0,22.5,36,Neutre,Fronces,Fermee
10:51:35,593.42,NEUTRE,-6.0,-6.0,0.0,22.5,15,Neutre,Fronces,Fermee
10:51:35,593.45,NEUTRE,-6.0,-6.0,0.0,22.5,32,Neutre,Fronces,Fermee
10:51:35,593.48,NEUTRE,-6.0,-6.0,0.0,22.5,32,Plisses,Fronces,Fermee
10:51:35,593.55,INCONFORT,-6.0,-6.0,0.0,22.4,13,Neutre,Fronces,Fermee
10:51:35,593.59,INCONFORT,-6.0,-6.0,0.0,22.3,31,Plisses,Fronces,Fermee
10:51:35,593.62,INCONFORT,-6.0,-6.0,0.0,22.2,31,Plisses,Fronces,Fermee
10:51:36,593.96,INCONFORT,-6.0,-6.0,0.0,22.1,2,Neutre,Fronces,Fermee
10:51:36,594.01,INCONFORT,-6.0,-6.0,0.0,22.0,18,Neutre,Fronces,Fermee
10:51:36,594.06,INCONFORT,-6.0,-6.0,0.0,22.0,19,Neutre,Fronces,Fermee
10:51:36,594.19,INCONFORT,0.0,0.0,0.0,21.9,7,Plisses,Stable,Fermee
10:51:36,594.23,INCONFORT,-6.0,-6.0,0.0,21.8,25,Neutre,Fronces,Fermee
10:51:36,594.26,INCONFORT,-6.0,-6.0,0.0,21.7,28,Neutre,Fronces,Fermee
10:51:38,596.12,INCONFORT,0.0,0.0,0.0,21.7,0,Neutre,Stable,Fermee
10:51:38,596.16,INCONFORT,0.0,0.0,0.0,21.6,28,Neutre,Stable,Fermee
10:51:38,596.19,NEUTRE,0.0,0.0,0.0,21.6,29,Neutre,Stable,Fermee
10:51:38,596.27,NEUTRE,0.0,0.0,0.0,21.6,12,Neutre,Stable,Fermee
10:51:38,596.31,NEUTRE,-4.0,-4.0,0.0,21.6,27,Plisses,Stable,Grimace / Tension
10:51:38,596.34,NEUTRE,0.0,0.0,0.0,21.7,28,Neutre,Stable,Fermee
10:51:38,596.42,NEUTRE,0.0,0.0,0.0,21.7,12,Neutre,Stable,Fermee
10:51:38,596.46,NEUTRE,0.0,0.0,0.0,21.7,27,Plisses,Stable,Fermee
10:51:38,596.49,NEUTRE,0.0,0.0,0.0,21.7,28,Plisses,Stable,Fermee
10:51:38,596.57,NEUTRE,0.0,0.0,0.0,21.7,12,Plisses,Stable,Fermee
10:51:38,596.6,NEUTRE,0.0,0.0,0.0,21.7,30,Neutre,Stable,Fermee
10:51:38,596.64,NEUTRE,0.0,0.0,0.0,21.7,29,Neutre,Stable,Fermee
10:51:38,596.72,NEUTRE,0.0,0.0,0.0,21.8,12,Neutre,Stable,Fermee
10:51:38,596.75,NEUTRE,0.0,0.0,0.0,21.8,28,Neutre,Stable,Fermee
10:51:38,596.79,NEUTRE,0.0,0.0,0.0,21.8,29,Neutre,Stable,Fermee
10:51:38,596.87,NEUTRE,0.0,0.0,0.0,21.8,12,Neutre,Stable,Fermee
10:51:39,596.9,NEUTRE,0.0,0.0,0.0,21.8,27,Neutre,Stable,Fermee
10:51:39,596.94,NEUTRE,0.0,0.0,0.0,21.8,26,Neutre,Stable,Fermee
10:51:39,597.02,NEUTRE,0.0,0.0,0.0,21.8,12,Neutre,Stable,Fermee
10:51:39,597.06,NEUTRE,-4.0,-4.0,0.0,21.9,27,Neutre,Stable,Grimace / Tension
10:51:39,597.1,NEUTRE,0.0,0.0,0.0,21.9,28,Neutre,Stable,Fermee
10:51:39,597.18,NEUTRE,-1.0,-4.0,3.0,21.9,12,Neutre,Stable,Grimace / Tension
10:51:39,597.22,NEUTRE,3.0,0.0,3.0,21.9,25,Neutre,Stable,Fermee
10:51:39,597.25,NEUTRE,-1.0,-4.0,3.0,21.9,26,Neutre,Stable,Grimace / Tension
10:51:39,597.33,NEUTRE,-1.0,-4.0,3.0,21.9,12,Neutre,Stable,Grimace / Tension
10:51:39,597.37,NEUTRE,-1.0,-4.0,3.0,21.9,29,Neutre,Stable,Grimace / Tension
10:51:39,597.4,NEUTRE,3.0,0.0,3.0,21.9,31,Neutre,Stable,Fermee
10:51:39,597.48,NEUTRE,0.0,0.0,0.0,22.0,12,Neutre,Stable,Fermee
10:51:39,597.51,NEUTRE,-4.0,-4.0,0.0,22.0,30,Neutre,Stable,Grimace / Tension
10:51:39,597.54,NEUTRE,-4.0,-4.0,0.0,22.0,30,Neutre,Stable,Grimace / Tension
10:51:39,597.62,NEUTRE,-1.0,-4.0,3.0,22.0,12,Neutre,Stable,Grimace / Tension
10:51:39,597.66,NEUTRE,-1.0,-4.0,3.0,22.0,30,Neutre,Stable,Grimace / Tension
10:51:39,597.69,NEUTRE,3.0,0.0,3.0,22.0,27,Neutre,Stable,Fermee
10:51:39,597.77,NEUTRE,-1.0,-4.0,3.0,22.0,13,Neutre,Stable,Grimace / Tension
10:51:39,597.8,NEUTRE,-1.0,-4.0,3.0,22.0,28,Neutre,Stable,Grimace / Tension
10:51:39,597.83,NEUTRE,-1.0,-4.0,3.0,22.0,32,Neutre,Stable,Grimace / Tension
10:51:40,597.91,NEUTRE,-1.0,-4.0,3.0,22.0,12,Neutre,Stable,Grimace / Tension
10:51:40,597.97,NEUTRE,3.0,0.0,3.0,22.1,17,Neutre,Stable,Fermee
10:51:40,598.01,NEUTRE,-1.0,-4.0,3.0,22.1,26,Neutre,Stable,Grimace / Tension
10:51:40,598.1,NEUTRE,-1.0,-4.0,3.0,22.1,10,Neutre,Stable,Grimace / Tension
10:51:40,598.14,NEUTRE,-1.0,-4.0,3.0,22.1,28,Neutre,Stable,Grimace / Tension
10:51:40,598.19,NEUTRE,-1.0,-4.0,3.0,22.1,19,Neutre,Stable,Grimace / Tension
10:51:40,598.28,NEUTRE,-1.0,-4.0,3.0,22.1,10,Neutre,Stable,Grimace / Tension
10:51:40,598.32,NEUTRE,-1.0,-4.0,3.0,22.1,28,Neutre,Stable,Grimace / Tension
10:51:40,598.35,NEUTRE,-1.0,-4.0,3.0,22.1,29,Neutre,Stable,Grimace / Tension
10:51:41,598.95,NEUTRE,-1.0,-4.0,3.0,22.1,1,Neutre,Stable,Grimace / Tension
10:51:41,599.0,NEUTRE,-1.0,-4.0,3.0,22.1,21,Neutre,Stable,Grimace / Tension
10:51:41,599.05,NEUTRE,-1.0,-4.0,3.0,22.1,17,Neutre,Stable,Grimace / Tension
10:51:46,604.06,NEUTRE,-1.0,-4.0,3.0,22.1,0,Neutre,Stable,Grimace / Tension
10:51:46,604.09,NEUTRE,-1.0,-4.0,3.0,22.2,30,Neutre,Stable,Grimace / Tension
10:51:46,604.13,NEUTRE,-1.0,-4.0,3.0,22.2,27,Neutre,Stable,Grimace / Tension
10:51:46,604.21,NEUTRE,-1.0,-4.0,3.0,22.2,12,Neutre,Stable,Grimace / Tension
10:51:48,606.32,NEUTRE,3.0,0.0,3.0,22.2,0,Ecarquilles,Releves,Fermee
10:51:48,606.35,NEUTRE,3.0,0.0,3.0,22.2,35,Ecarquilles,Releves,Fermee
10:51:48,606.42,NEUTRE,0.0,0.0,0.0,22.2,13,Ecarquilles,Releves,Fermee
10:51:48,606.45,NEUTRE,0.0,0.0,0.0,22.2,30,Ecarquilles,Releves,Fermee
10:51:48,606.49,NEUTRE,0.0,0.0,0.0,22.2,28,Ecarquilles,Releves,Fermee
10:51:48,606.56,NEUTRE,0.0,0.0,0.0,22.2,13,Ecarquilles,Releves,Fermee
10:51:48,606.6,NEUTRE,0.0,0.0,0.0,22.2,28,Ecarquilles,Releves,Fermee
10:51:48,606.63,NEUTRE,0.0,0.0,0.0,22.2,31,Ecarquilles,Releves,Fermee
10:51:48,606.71,NEUTRE,0.0,0.0,0.0,22.2,12,Ecarquilles,Releves,Fermee
10:51:48,606.74,NEUTRE,0.0,0.0,0.0,22.2,31,Ecarquilles,Releves,Fermee
10:51:49,606.9,NEUTRE,0.0,0.0,0.0,22.2,6,Ecarquilles,Releves,Fermee
10:51:49,606.98,NEUTRE,0.0,0.0,0.0,22.2,13,Ecarquilles,Releves,Fermee
10:51:49,607.01,NEUTRE,0.0,0.0,0.0,22.2,31,Ecarquilles,Releves,Fermee
10:51:49,607.04,NEUTRE,0.0,0.0,0.0,22.2,28,Ecarquilles,Releves,Fermee
10:51:49,607.12,NEUTRE,0.0,0.0,0.0,22.3,13,Ecarquilles,Releves,Fermee
10:51:49,607.15,NEUTRE,0.0,0.0,0.0,22.3,31,Ecarquilles,Releves,Fermee
10:51:49,607.18,NEUTRE,0.0,0.0,0.0,22.3,32,Ecarquilles,Releves,Fermee
10:51:49,607.26,NEUTRE,0.0,0.0,0.0,22.3,12,Ecarquilles,Releves,Fermee
10:51:49,607.29,NEUTRE,0.0,0.0,0.0,22.3,30,Ecarquilles,Releves,Fermee
10:51:49,607.32,NEUTRE,0.0,0.0,0.0,22.3,32,Ecarquilles,Releves,Fermee
10:51:49,607.4,NEUTRE,0.0,0.0,0.0,22.3,12,Ecarquilles,Releves,Fermee
10:51:49,607.43,NEUTRE,0.0,0.0,0.0,22.3,32,Ecarquilles,Releves,Fermee
10:51:49,607.46,NEUTRE,0.0,0.0,0.0,22.3,30,Ecarquilles,Releves,Fermee
10:51:49,607.54,NEUTRE,0.0,0.0,0.0,22.3,13,Ecarquilles,Releves,Fermee
10:51:49,607.57,NEUTRE,0.0,0.0,0.0,22.3,29,Ecarquilles,Releves,Fermee
10:51:49,607.6,NEUTRE,0.0,0.0,0.0,22.3,28,Ecarquilles,Releves,Fermee
10:51:49,607.68,NEUTRE,0.0,0.0,0.0,22.3,12,Ecarquilles,Releves,Fermee
10:51:49,607.72,NEUTRE,0.0,0.0,0.0,22.3,28,Ecarquilles,Releves,Fermee
10:51:49,607.75,NEUTRE,0.0,0.0,0.0,22.3,29,Ecarquilles,Releves,Fermee
10:51:49,607.83,NEUTRE,0.0,0.0,0.0,22.3,12,Ecarquilles,Releves,Fermee
10:51:49,607.86,NEUTRE,0.0,0.0,0.0,22.3,31,Ecarquilles,Releves,Fermee
10:51:50,607.9,NEUTRE,0.0,0.0,0.0,22.3,29,Neutre,Releves,Fermee
10:51:50,607.97,NEUTRE,0.0,0.0,0.0,22.3,13,Ecarquilles,Releves,Fermee
10:51:50,608.0,NEUTRE,0.0,0.0,0.0,22.3,30,Plisses,Releves,Fermee
10:51:50,608.04,NEUTRE,0.0,0.0,0.0,22.3,28,Ecarquilles,Releves,Fermee
10:51:50,608.12,NEUTRE,0.0,0.0,0.0,22.3,11,Neutre,Releves,Fermee
10:51:50,608.16,NEUTRE,0.0,0.0,0.0,22.3,30,Plisses,Releves,Fermee
10:51:50,608.19,NEUTRE,0.0,0.0,0.0,22.3,27,Ecarquilles,Releves,Fermee
10:51:50,608.28,NEUTRE,0.0,0.0,0.0,22.3,11,Ecarquilles,Releves,Fermee
10:51:50,608.31,NEUTRE,0.0,0.0,0.0,22.4,29,Ecarquilles,Releves,Fermee
10:51:50,608.34,NEUTRE,0.0,0.0,0.0,22.4,30,Ecarquilles,Releves,Fermee
10:51:50,608.42,NEUTRE,0.0,0.0,0.0,22.4,12,Ecarquilles,Releves,Fermee
10:51:50,608.46,NEUTRE,0.0,0.0,0.0,22.4,30,Ecarquilles,Releves,Fermee
10:51:50,608.49,NEUTRE,0.0,0.0,0.0,22.4,27,Ecarquilles,Releves,Fermee
10:51:50,608.57,NEUTRE,0.0,0.0,0.0,22.4,12,Ecarquilles,Releves,Fermee
10:51:50,608.6,NEUTRE,0.0,0.0,0.0,22.4,29,Ecarquilles,Releves,Fermee
10:51:50,608.64,NEUTRE,0.0,0.0,0.0,22.4,30,Ecarquilles,Releves,Fermee
10:51:50,608.72,NEUTRE,0.0,0.0,0.0,22.4,12,Ecarquilles,Releves,Fermee
10:51:50,608.75,NEUTRE,0.0,0.0,0.0,22.4,29,Ecarquilles,Releves,Fermee
10:51:50,608.78,NEUTRE,0.0,0.0,0.0,22.4,31,Ecarquilles,Releves,Fermee
10:51:50,608.86,NEUTRE,0.0,0.0,0.0,22.4,12,Ecarquilles,Releves,Fermee
10:51:51,608.89,NEUTRE,0.0,0.0,0.0,22.4,31,Ecarquilles,Releves,Fermee
10:51:51,608.92,NEUTRE,0.0,0.0,0.0,22.4,31,Ecarquilles,Releves,Fermee
10:51:51,609.02,NEUTRE,0.0,0.0,0.0,22.4,9,Ecarquilles,Releves,Fermee
10:51:51,609.06,NEUTRE,0.0,0.0,0.0,22.4,29,Ecarquilles,Releves,Fermee
10:51:51,609.09,NEUTRE,0.0,0.0,0.0,22.4,28,Ecarquilles,Releves,Fermee
10:51:51,609.17,NEUTRE,0.0,0.0,0.0,22.4,13,Ecarquilles,Releves,Fermee
10:51:51,609.2,NEUTRE,5.0,5.0,0.0,22.4,29,Neutre,Releves,Sourire leger
10:51:51,609.24,NEUTRE,5.0,5.0,0.0,22.4,28,Plisses,Releves,Sourire leger
10:51:51,609.31,NEUTRE,5.0,5.0,0.0,22.4,12,Neutre,Releves,Sourire leger
10:51:51,609.35,NEUTRE,5.0,5.0,0.0,22.4,30,Neutre,Releves,Sourire leger
10:51:51,609.38,NEUTRE,5.0,5.0,0.0,22.4,30,Ecarquilles,Releves,Sourire leger
10:51:51,609.46,NEUTRE,5.0,5.0,0.0,22.4,13,Neutre,Releves,Sourire leger
10:51:51,609.49,NEUTRE,5.0,5.0,0.0,22.4,30,Ecarquilles,Releves,Sourire leger
10:51:51,609.52,NEUTRE,5.0,5.0,0.0,22.4,30,Ecarquilles,Releves,Sourire leger
10:51:51,609.6,CONFORT,5.0,5.0,0.0,22.4,12,Ecarquilles,Releves,Sourire leger
10:51:51,609.63,CONFORT,5.0,5.0,0.0,22.4,32,Ecarquilles,Releves,Sourire leger
10:51:51,609.67,CONFORT,5.0,5.0,0.0,22.3,27,Ecarquilles,Releves,Sourire leger
10:51:51,609.74,CONFORT,5.0,5.0,0.0,22.3,12,Ecarquilles,Releves,Sourire leger
10:51:51,609.78,CONFORT,5.0,5.0,0.0,22.3,28,Ecarquilles,Releves,Sourire leger
10:51:51,609.81,CONFORT,5.0,5.0,0.0,22.2,30,Ecarquilles,Releves,Sourire leger
10:51:51,609.89,CONFORT,5.0,5.0,0.0,22.2,13,Ecarquilles,Releves,Sourire leger
10:51:52,609.92,CONFORT,5.0,5.0,0.0,22.2,29,Ecarquilles,Releves,Sourire leger
10:51:52,609.95,CONFORT,5.0,5.0,0.0,22.2,30,Ecarquilles,Releves,Sourire leger
10:51:52,610.03,CONFORT,5.0,5.0,0.0,22.2,12,Ecarquilles,Releves,Sourire leger
10:51:52,610.06,CONFORT,5.0,5.0,0.0,22.1,30,Ecarquilles,Releves,Sourire leger
10:51:52,610.1,CONFORT,5.0,5.0,0.0,22.1,28,Ecarquilles,Releves,Sourire leger
10:51:52,610.18,CONFORT,5.0,5.0,0.0,22.1,12,Ecarquilles,Releves,Sourire leger
10:51:52,610.21,CONFORT,5.0,5.0,0.0,22.1,29,Ecarquilles,Releves,Sourire leger
10:51:52,610.25,CONFORT,5.0,5.0,0.0,22.0,28,Ecarquilles,Releves,Sourire leger
10:51:52,610.32,CONFORT,5.0,5.0,0.0,22.0,13,Ecarquilles,Releves,Sourire leger
10:51:52,610.36,CONFORT,5.0,5.0,0.0,22.0,28,Ecarquilles,Releves,Sourire leger
10:51:52,610.39,CONFORT,5.0,5.0,0.0,22.0,31,Ecarquilles,Releves,Sourire leger
10:51:52,610.47,CONFORT,5.0,5.0,0.0,22.0,12,Ecarquilles,Releves,Sourire leger
10:51:52,610.5,CONFORT,5.0,5.0,0.0,21.9,29,Ecarquilles,Releves,Sourire leger
10:51:52,610.54,CONFORT,0.0,0.0,0.0,21.9,28,Plisses,Releves,Fermee
10:51:52,610.62,NEUTRE,0.0,0.0,0.0,21.9,12,Plisses,Releves,Fermee
10:51:52,610.65,NEUTRE,0.0,0.0,0.0,21.9,28,Ecarquilles,Stable,Fermee
10:51:52,610.68,NEUTRE,0.0,0.0,0.0,22.0,30,Ecarquilles,Stable,Fermee
10:51:52,610.76,NEUTRE,0.0,0.0,0.0,22.0,13,Ecarquilles,Stable,Parle
10:51:53,610.96,NEUTRE,0.0,0.0,0.0,22.0,4,Plisses,Releves,Parle
10:51:53,611.0,NEUTRE,0.0,0.0,0.0,22.0,26,Plisses,Releves,Parle
10:51:53,611.08,NEUTRE,0.0,0.0,0.0,22.0,13,Neutre,Releves,Parle
10:51:53,611.11,NEUTRE,0.0,0.0,0.0,22.0,28,Neutre,Releves,Parle
10:51:53,611.15,NEUTRE,0.0,0.0,0.0,22.0,29,Neutre,Releves,Parle
10:51:53,611.22,NEUTRE,0.0,0.0,0.0,22.0,12,Neutre,Releves,Parle
10:51:53,611.26,NEUTRE,0.0,0.0,0.0,22.0,29,Neutre,Releves,Parle
10:51:53,611.29,NEUTRE,-4.0,-4.0,0.0,22.0,28,Neutre,Releves,Grimace / Tension
10:51:53,611.37,NEUTRE,-4.0,-4.0,0.0,22.1,13,Neutre,Releves,Grimace / Tension
10:51:53,611.4,NEUTRE,0.0,0.0,0.0,22.1,29,Ecarquilles,Releves,Parle
10:51:53,611.44,NEUTRE,0.0,0.0,0.0,22.1,29,Neutre,Stable,Parle
10:51:53,611.52,NEUTRE,0.0,0.0,0.0,22.1,12,Ecarquilles,Releves,Parle
10:51:53,611.55,NEUTRE,0.0,0.0,0.0,22.1,29,Ecarquilles,Releves,Parle
10:51:53,611.58,NEUTRE,0.0,0.0,0.0,22.1,30,Ecarquilles,Stable,Parle
10:51:53,611.66,NEUTRE,0.0,0.0,0.0,22.1,12,Neutre,Stable,Parle
10:51:53,611.7,NEUTRE,-5.0,-5.0,0.0,22.1,28,Ecarquilles,Stable,Baillement
10:51:53,611.73,NEUTRE,-5.0,-5.0,0.0,22.1,29,Ecarquilles,Stable,Baillement
10:51:53,611.81,NEUTRE,-5.0,-5.0,0.0,22.1,12,Ecarquilles,Stable,Baillement
10:51:53,611.85,NEUTRE,-5.0,-5.0,0.0,22.1,29,Ecarquilles,Stable,Baillement
10:51:53,611.88,NEUTRE,-5.0,-5.0,0.0,22.1,28,Ecarquilles,Stable,Baillement
10:51:54,611.96,NEUTRE,-5.0,-5.0,0.0,22.2,12,Ecarquilles,Stable,Baillement
10:51:54,611.99,NEUTRE,-5.0,-5.0,0.0,22.2,29,Ecarquilles,Stable,Baillement
10:51:54,612.03,INCONFORT,-5.0,-5.0,0.0,22.1,30,Ecarquilles,Stable,Baillement
10:51:54,612.11,INCONFORT,-5.0,-5.0,0.0,22.0,12,Ecarquilles,Stable,Baillement
10:51:54,612.14,INCONFORT,-5.0,-5.0,0.0,21.9,29,Ecarquilles,Stable,Baillement
10:51:54,612.17,INCONFORT,-4.0,-4.0,0.0,21.8,30,Ecarquilles,Stable,Grimace / Tension
10:51:54,612.25,INCONFORT,-1.0,-4.0,3.0,21.8,13,Ecarquilles,Stable,Grimace / Tension
10:51:54,612.28,INCONFORT,-1.0,-4.0,3.0,21.7,32,Ecarquilles,Stable,Grimace / Tension
10:51:54,612.31,NEUTRE,-1.0,-4.0,3.0,21.7,30,Ecarquilles,Stable,Grimace / Tension
10:51:54,612.39,NEUTRE,-4.0,-4.0,0.0,21.7,12,Ecarquilles,Stable,Grimace / Tension
10:51:54,612.43,NEUTRE,-4.0,-4.0,0.0,21.7,28,Ecarquilles,Stable,Grimace / Tension
10:51:54,612.46,NEUTRE,-4.0,-4.0,0.0,21.7,28,Ecarquilles,Stable,Grimace / Tension
10:51:54,612.54,NEUTRE,-4.0,-4.0,0.0,21.8,12,Neutre,Stable,Grimace / Tension
10:51:54,612.58,NEUTRE,-4.0,-4.0,0.0,21.8,29,Plisses,Releves,Grimace / Tension
10:51:54,612.61,NEUTRE,-4.0,-4.0,0.0,21.8,32,Plisses,Releves,Grimace / Tension
10:51:54,612.69,NEUTRE,-4.0,-4.0,0.0,21.8,12,Ecarquilles,Stable,Grimace / Tension
10:51:54,612.72,NEUTRE,-4.0,-4.0,0.0,21.8,31,Ecarquilles,Stable,Grimace / Tension
10:51:54,612.75,NEUTRE,-4.0,-4.0,0.0,21.8,29,Ecarquilles,Stable,Grimace / Tension
10:51:54,612.83,INCONFORT,-4.0,-4.0,0.0,21.8,13,Ecarquilles,Stable,Grimace / Tension
10:51:54,612.86,INCONFORT,-4.0,-4.0,0.0,21.7,31,Ecarquilles,Stable,Grimace / Tension
10:51:55,612.89,INCONFORT,-4.0,-4.0,0.0,21.6,29,Ecarquilles,Stable,Grimace / Tension
10:51:55,612.97,INCONFORT,-4.0,-4.0,0.0,21.5,12,Ecarquilles,Stable,Grimace / Tension
10:51:55,613.01,INCONFORT,-4.0,-4.0,0.0,21.5,29,Ecarquilles,Stable,Grimace / Tension
10:51:55,613.04,INCONFORT,-4.0,-4.0,0.0,21.4,29,Ecarquilles,Stable,Grimace / Tension
10:51:55,613.11,INCONFORT,-4.0,-4.0,0.0,21.3,13,Ecarquilles,Stable,Grimace / Tension
10:51:55,613.15,INCONFORT,-4.0,-4.0,0.0,21.3,29,Ecarquilles,Stable,Grimace / Tension
10:51:55,613.18,INCONFORT,-4.0,-4.0,0.0,21.2,27,Ecarquilles,Stable,Grimace / Tension
10:51:55,613.27,INCONFORT,-4.0,-4.0,0.0,21.1,12,Neutre,Stable,Grimace / Tension
10:51:55,613.3,INCONFORT,-4.0,-4.0,0.0,21.1,31,Neutre,Stable,Grimace / Tension
10:51:55,613.33,INCONFORT,-4.0,-4.0,0.0,21.0,30,Neutre,Stable,Grimace / Tension
10:51:55,613.41,INCONFORT,-4.0,-4.0,0.0,20.9,13,Ecarquilles,Stable,Grimace / Tension
10:51:55,613.44,INCONFORT,-4.0,-4.0,0.0,20.9,28,Ecarquilles,Stable,Grimace / Tension
10:51:55,613.48,INCONFORT,-4.0,-4.0,0.0,20.8,30,Ecarquilles,Stable,Grimace / Tension
10:51:55,613.55,NEUTRE,0.0,0.0,0.0,20.9,13,Ecarquilles,Stable,Parle
10:51:55,613.58,NEUTRE,0.0,0.0,0.0,20.9,29,Ecarquilles,Stable,Parle
10:51:55,613.62,NEUTRE,0.0,0.0,0.0,20.9,28,Ecarquilles,Stable,Parle
10:51:55,613.69,NEUTRE,-5.0,-5.0,0.0,21.0,13,Ecarquilles,Stable,Baillement
10:51:55,613.73,NEUTRE,0.0,0.0,0.0,21.0,30,Ecarquilles,Stable,Parle
10:51:55,613.76,NEUTRE,-4.0,-4.0,0.0,21.0,30,Plisses,Releves,Grimace / Tension
10:51:55,613.84,NEUTRE,-4.0,-4.0,0.0,21.1,13,Plisses,Releves,Grimace / Tension
10:51:55,613.87,NEUTRE,-4.0,-4.0,0.0,21.1,30,Plisses,Releves,Grimace / Tension
10:51:56,613.9,NEUTRE,-4.0,-4.0,0.0,21.1,29,Plisses,Releves,Grimace / Tension
10:51:56,613.98,NEUTRE,-1.0,-4.0,3.0,21.1,13,Neutre,Stable,Grimace / Tension
10:51:56,614.01,NEUTRE,8.0,5.0,3.0,21.2,28,Neutre,Stable,Grand Sourire
10:51:56,614.06,NEUTRE,8.0,5.0,3.0,21.2,22,Neutre,Stable,Grand Sourire
10:51:56,614.13,NEUTRE,8.0,5.0,3.0,21.2,13,Neutre,Stable,Grand Sourire
10:51:56,614.17,NEUTRE,8.0,5.0,3.0,21.2,28,Neutre,Stable,Grand Sourire
10:51:56,614.2,NEUTRE,8.0,5.0,3.0,21.3,31,Neutre,Stable,Grand Sourire
10:51:56,614.28,NEUTRE,8.0,5.0,3.0,21.3,13,Neutre,Stable,Grand Sourire
10:51:56,614.31,CONFORT,8.0,5.0,3.0,21.3,31,Neutre,Stable,Grand Sourire
10:51:56,614.34,CONFORT,8.0,5.0,3.0,21.3,29,Neutre,Stable,Grand Sourire
10:51:56,614.42,CONFORT,8.0,5.0,3.0,21.3,12,Neutre,Stable,Grand Sourire
10:51:56,614.45,CONFORT,8.0,5.0,3.0,21.3,30,Neutre,Stable,Grand Sourire
10:51:56,614.49,CONFORT,8.0,5.0,3.0,21.3,30,Neutre,Stable,Grand Sourire
10:51:56,614.56,CONFORT,8.0,5.0,3.0,21.3,13,Neutre,Stable,Grand Sourire
10:51:56,614.59,CONFORT,8.0,5.0,3.0,21.3,30,Neutre,Stable,Grand Sourire
10:51:56,614.62,CONFORT,8.0,5.0,3.0,21.2,31,Neutre,Stable,Grand Sourire
10:51:56,614.7,CONFORT,8.0,5.0,3.0,21.2,13,Neutre,Stable,Grand Sourire
10:51:56,614.73,CONFORT,8.0,5.0,3.0,21.2,28,Neutre,Stable,Grand Sourire
10:51:56,614.76,CONFORT,8.0,5.0,3.0,21.2,32,Neutre,Stable,Grand Sourire
10:51:57,614.99,CONFORT,8.0,5.0,3.0,21.2,4,Neutre,Stable,Grand Sourire
10:51:57,615.02,CONFORT,8.0,5.0,3.0,21.2,31,Neutre,Stable,Grand Sourire
10:51:57,615.06,CONFORT,8.0,5.0,3.0,21.2,25,Neutre,Stable,Grand Sourire
10:51:57,615.13,CONFORT,5.0,5.0,0.0,21.2,12,Neutre,Stable,Grand Sourire
10:51:57,615.17,CONFORT,5.0,5.0,0.0,21.2,28,Neutre,Stable,Grand Sourire
10:51:57,615.2,CONFORT,5.0,5.0,0.0,21.2,28,Neutre,Stable,Grand Sourire
10:51:57,615.28,CONFORT,5.0,5.0,0.0,21.2,12,Neutre,Stable,Grand Sourire
10:51:57,615.31,CONFORT,5.0,5.0,0.0,21.2,30,Neutre,Stable,Grand Sourire
10:51:57,615.35,CONFORT,5.0,5.0,0.0,21.2,29,Neutre,Stable,Grand Sourire
10:51:57,615.42,CONFORT,8.0,5.0,3.0,21.2,13,Neutre,Stable,Grand Sourire
10:51:57,615.46,CONFORT,8.0,5.0,3.0,21.2,30,Neutre,Stable,Grand Sourire
10:51:57,615.49,CONFORT,8.0,5.0,3.0,21.2,30,Neutre,Stable,Grand Sourire
10:51:57,615.57,CONFORT,8.0,5.0,3.0,21.2,13,Neutre,Stable,Grand Sourire
10:51:57,615.6,CONFORT,8.0,5.0,3.0,21.2,29,Neutre,Stable,Sourire leger
10:51:57,615.63,CONFORT,8.0,5.0,3.0,21.2,31,Neutre,Stable,Grand Sourire
10:51:57,615.71,CONFORT,8.0,5.0,3.0,21.2,13,Ecarquilles,Stable,Grand Sourire
10:51:57,615.74,CONFORT,8.0,5.0,3.0,21.2,29,Ecarquilles,Stable,Grand Sourire
10:51:57,615.77,CONFORT,8.0,5.0,3.0,21.2,31,Neutre,Stable,Grand Sourire
10:51:57,615.85,CONFORT,8.0,5.0,3.0,21.2,13,Ecarquilles,Stable,Grand Sourire
10:51:57,615.88,CONFORT,8.0,5.0,3.0,21.2,29,Neutre,Stable,Grand Sourire
10:51:58,615.91,CONFORT,8.0,5.0,3.0,21.2,31,Ecarquilles,Stable,Grand Sourire
10:51:58,615.99,CONFORT,8.0,5.0,3.0,21.1,12,Ecarquilles,Stable,Grand Sourire
10:51:58,616.03,CONFORT,8.0,5.0,3.0,21.1,30,Ecarquilles,Stable,Grand Sourire
10:51:58,616.06,CONFORT,8.0,5.0,3.0,21.1,30,Ecarquilles,Stable,Grand Sourire
10:51:58,616.13,CONFORT,8.0,5.0,3.0,21.1,13,Ecarquilles,Stable,Grand Sourire
10:51:58,616.17,CONFORT,8.0,5.0,3.0,21.1,29,Ecarquilles,Stable,Grand Sourire
10:51:58,616.2,CONFORT,8.0,5.0,3.0,21.1,30,Ecarquilles,Stable,Grand Sourire
10:51:58,616.28,CONFORT,8.0,5.0,3.0,21.1,13,Ecarquilles,Stable,Grand Sourire
10:51:58,616.31,CONFORT,8.0,5.0,3.0,21.1,29,Ecarquilles,Stable,Grand Sourire
10:51:58,616.34,CONFORT,8.0,5.0,3.0,21.1,31,Ecarquilles,Stable,Grand Sourire
10:51:58,616.45,CONFORT,8.0,5.0,3.0,21.1,9,Ecarquilles,Stable,Grand Sourire
10:51:58,616.49,CONFORT,8.0,5.0,3.0,21.1,29,Ecarquilles,Stable,Grand Sourire
10:51:58,616.52,CONFORT,8.0,5.0,3.0,21.1,31,Ecarquilles,Stable,Grand Sourire
10:51:58,616.6,CONFORT,8.0,5.0,3.0,21.1,12,Ecarquilles,Stable,Grand Sourire
10:51:58,616.63,CONFORT,8.0,5.0,3.0,21.1,30,Ecarquilles,Stable,Grand Sourire
10:51:58,616.66,CONFORT,8.0,5.0,3.0,21.1,31,Ecarquilles,Stable,Grand Sourire
10:51:58,616.73,CONFORT,8.0,5.0,3.0,21.1,13,Ecarquilles,Stable,Grand Sourire
10:51:58,616.77,CONFORT,8.0,5.0,3.0,21.1,29,Ecarquilles,Stable,Grand Sourire
10:51:58,616.8,CONFORT,8.0,5.0,3.0,21.1,32,Ecarquilles,Stable,Grand Sourire
10:51:58,616.88,CONFORT,8.0,5.0,3.0,21.1,12,Ecarquilles,Stable,Grand Sourire
10:51:59,616.91,CONFORT,8.0,5.0,3.0,21.1,29,Ecarquilles,Stable,Grand Sourire
10:51:59,616.94,CONFORT,8.0,5.0,3.0,21.1,31,Ecarquilles,Stable,Grand Sourire
10:51:59,617.01,CONFORT,8.0,5.0,3.0,21.1,13,Ecarquilles,Stable,Grand Sourire
10:51:59,617.05,CONFORT,8.0,5.0,3.0,21.1,29,Ecarquilles,Stable,Grand Sourire
10:51:59,617.08,CONFORT,8.0,5.0,3.0,21.1,30,Ecarquilles,Stable,Grand Sourire
10:51:59,617.16,CONFORT,8.0,5.0,3.0,21.1,13,Ecarquilles,Stable,Grand Sourire
10:51:59,617.19,CONFORT,8.0,5.0,3.0,21.1,31,Ecarquilles,Stable,Grand Sourire
10:51:59,617.23,CONFORT,8.0,5.0,3.0,21.1,27,Ecarquilles,Stable,Grand Sourire
10:51:59,617.3,CONFORT,8.0,5.0,3.0,21.1,13,Ecarquilles,Stable,Grand Sourire
10:51:59,617.33,CONFORT,8.0,5.0,3.0,21.1,30,Ecarquilles,Stable,Grand Sourire
10:51:59,617.36,CONFORT,8.0,5.0,3.0,21.1,33,Ecarquilles,Stable,Grand Sourire
10:51:59,617.44,CONFORT,8.0,5.0,3.0,21.1,13,Ecarquilles,Stable,Grand Sourire
10:51:59,617.47,CONFORT,8.0,5.0,3.0,21.1,29,Ecarquilles,Stable,Grand Sourire
10:51:59,617.51,CONFORT,8.0,5.0,3.0,21.1,30,Ecarquilles,Stable,Grand Sourire
10:51:59,617.58,CONFORT,5.0,5.0,0.0,21.1,13,Ecarquilles,Stable,Grand Sourire
10:51:59,617.61,CONFORT,5.0,5.0,0.0,21.1,29,Ecarquilles,Stable,Grand Sourire
10:51:59,617.66,CONFORT,5.0,5.0,0.0,21.1,22,Ecarquilles,Stable,Grand Sourire
10:51:59,617.73,CONFORT,5.0,5.0,0.0,21.1,13,Ecarquilles,Stable,Grand Sourire
10:51:59,617.76,CONFORT,5.0,5.0,0.0,21.1,30,Ecarquilles,Stable,Grand Sourire
10:51:59,617.8,CONFORT,5.0,5.0,0.0,21.1,31,Ecarquilles,Stable,Grand Sourire
10:51:59,617.87,CONFORT,5.0,5.0,0.0,21.1,13,Ecarquilles,Stable,Grand Sourire
10:52:00,617.9,CONFORT,5.0,5.0,0.0,21.1,29,Ecarquilles,Stable,Grand Sourire
10:52:00,617.93,CONFORT,5.0,5.0,0.0,21.1,31,Ecarquilles,Stable,Sourire leger
10:52:00,618.01,CONFORT,8.0,5.0,3.0,21.1,12,Ecarquilles,Stable,Sourire leger
10:52:00,618.04,CONFORT,8.0,5.0,3.0,21.1,31,Ecarquilles,Stable,Sourire leger
10:52:00,618.08,CONFORT,8.0,5.0,3.0,21.1,30,Ecarquilles,Stable,Sourire leger
10:52:00,618.16,CONFORT,5.0,5.0,0.0,21.1,12,Ecarquilles,Stable,Grand Sourire
10:52:00,618.19,CONFORT,5.0,5.0,0.0,21.1,30,Ecarquilles,Stable,Sourire leger
10:52:00,618.23,CONFORT,5.0,5.0,0.0,21.1,26,Ecarquilles,Stable,Grand Sourire
10:52:00,618.3,CONFORT,5.0,5.0,0.0,21.1,13,Ecarquilles,Stable,Grand Sourire
10:52:00,618.33,CONFORT,5.0,5.0,0.0,21.1,30,Ecarquilles,Stable,Grand Sourire
10:52:00,618.37,CONFORT,5.0,5.0,0.0,21.1,31,Ecarquilles,Stable,Grand Sourire
10:52:00,618.44,CONFORT,5.0,5.0,0.0,21.1,13,Ecarquilles,Stable,Grand Sourire
10:52:00,618.48,CONFORT,5.0,5.0,0.0,21.1,28,Plisses,Releves,Grand Sourire
10:52:00,618.51,CONFORT,5.0,5.0,0.0,21.1,29,Plisses,Releves,Grand Sourire
10:52:00,618.59,CONFORT,5.0,5.0,0.0,21.1,12,Neutre,Stable,Grand Sourire
10:52:00,618.62,CONFORT,5.0,5.0,0.0,21.0,30,Neutre,Stable,Grand Sourire
10:52:00,618.65,NEUTRE,-4.0,-4.0,0.0,21.1,31,Neutre,Stable,Grimace / Tension
10:52:00,618.73,NEUTRE,-4.0,-4.0,0.0,21.1,12,Ecarquilles,Stable,Grimace / Tension
10:52:00,618.77,NEUTRE,-4.0,-4.0,0.0,21.1,28,Ecarquilles,Stable,Grimace / Tension
10:52:00,618.8,NEUTRE,-4.0,-4.0,0.0,21.2,29,Ecarquilles,Stable,Grimace / Tension
10:52:00,618.88,NEUTRE,-5.0,-5.0,0.0,21.2,12,Ecarquilles,Stable,Baillement
10:52:01,618.91,NEUTRE,-5.0,-5.0,0.0,21.2,30,Ecarquilles,Stable,Baillement
10:52:01,618.94,NEUTRE,5.0,5.0,0.0,21.2,31,Ecarquilles,Stable,Grand Sourire
10:52:01,619.16,NEUTRE,5.0,5.0,0.0,21.3,4,Ecarquilles,Stable,Grand Sourire
10:52:01,619.2,NEUTRE,5.0,5.0,0.0,21.3,28,Ecarquilles,Stable,Grand Sourire
10:52:01,619.23,NEUTRE,5.0,5.0,0.0,21.3,29,Ecarquilles,Stable,Grand Sourire
10:52:01,619.31,NEUTRE,5.0,5.0,0.0,21.3,13,Ecarquilles,Stable,Grand Sourire
10:52:01,619.34,NEUTRE,5.0,5.0,0.0,21.4,31,Ecarquilles,Stable,Grand Sourire
10:52:01,619.37,NEUTRE,5.0,5.0,0.0,21.4,28,Ecarquilles,Stable,Grand Sourire
10:52:01,619.45,NEUTRE,-5.0,-5.0,0.0,21.4,12,Ecarquilles,Stable,Baillement
10:52:01,619.49,NEUTRE,-5.0,-5.0,0.0,21.4,28,Ecarquilles,Stable,Baillement
10:52:01,619.52,NEUTRE,-5.0,-5.0,0.0,21.5,30,Ecarquilles,Stable,Baillement
10:52:01,619.6,NEUTRE,5.0,5.0,0.0,21.5,12,Ecarquilles,Stable,Grand Sourire
10:52:01,619.64,NEUTRE,0.0,0.0,0.0,21.5,30,Ecarquilles,Stable,Parle
10:52:01,619.67,NEUTRE,5.0,5.0,0.0,21.5,31,Ecarquilles,Stable,Grand Sourire
10:52:01,619.75,NEUTRE,0.0,0.0,0.0,21.5,12,Ecarquilles,Stable,Parle
10:52:01,619.78,NEUTRE,0.0,0.0,0.0,21.6,29,Ecarquilles,Stable,Parle
10:52:01,619.81,NEUTRE,5.0,5.0,0.0,21.6,30,Ecarquilles,Stable,Grand Sourire
10:52:01,619.89,NEUTRE,5.0,5.0,0.0,21.6,12,Ecarquilles,Stable,Grand Sourire
10:52:02,619.92,NEUTRE,5.0,5.0,0.0,21.6,31,Ecarquilles,Stable,Grand Sourire
10:52:02,619.95,NEUTRE,5.0,5.0,0.0,21.6,31,Ecarquilles,Stable,Grand Sourire
10:52:02,620.03,NEUTRE,5.0,5.0,0.0,21.6,13,Ecarquilles,Stable,Grand Sourire
10:52:02,620.06,NEUTRE,5.0,5.0,0.0,21.7,30,Plisses,Stable,Sourire leger
10:52:02,620.09,NEUTRE,5.0,5.0,0.0,21.7,31,Plisses,Stable,Sourire leger
10:52:02,620.17,NEUTRE,5.0,5.0,0.0,21.7,12,Plisses,Releves,Grand Sourire
10:52:02,620.21,CONFORT,5.0,5.0,0.0,21.7,31,Plisses,Releves,Sourire leger
10:52:02,620.24,CONFORT,5.0,5.0,0.0,21.7,26,Plisses,Stable,Sourire leger
10:52:02,620.32,CONFORT,5.0,5.0,0.0,21.7,13,Neutre,Stable,Sourire leger
10:52:02,620.35,CONFORT,5.0,5.0,0.0,21.6,29,Ecarquilles,Stable,Sourire leger
10:52:02,620.39,CONFORT,5.0,5.0,0.0,21.6,29,Neutre,Stable,Sourire leger
10:52:02,620.46,CONFORT,5.0,5.0,0.0,21.6,13,Ecarquilles,Stable,Sourire leger
10:52:02,620.5,CONFORT,5.0,5.0,0.0,21.6,29,Ecarquilles,Stable,Sourire leger
10:52:02,620.53,CONFORT,5.0,5.0,0.0,21.6,30,Ecarquilles,Stable,Sourire leger
10:52:02,620.61,CONFORT,5.0,5.0,0.0,21.6,12,Ecarquilles,Stable,Sourire leger
10:52:02,620.64,CONFORT,5.0,5.0,0.0,21.6,30,Ecarquilles,Stable,Sourire leger
10:52:02,620.67,CONFORT,5.0,5.0,0.0,21.6,32,Ecarquilles,Stable,Sourire leger
10:52:02,620.75,CONFORT,5.0,5.0,0.0,21.5,12,Ecarquilles,Stable,Sourire leger
10:52:02,620.78,CONFORT,5.0,5.0,0.0,21.5,30,Ecarquilles,Stable,Sourire leger
10:52:02,620.82,CONFORT,5.0,5.0,0.0,21.5,30,Ecarquilles,Stable,Sourire leger
10:52:03,620.89,CONFORT,5.0,5.0,0.0,21.5,13,Ecarquilles,Stable,Sourire leger
10:52:03,620.92,CONFORT,5.0,5.0,0.0,21.5,31,Ecarquilles,Stable,Sourire leger
10:52:03,620.96,CONFORT,5.0,5.0,0.0,21.5,28,Ecarquilles,Stable,Sourire leger
10:52:03,621.03,CONFORT,5.0,5.0,0.0,21.5,13,Ecarquilles,Stable,Sourire leger
10:52:03,621.07,CONFORT,5.0,5.0,0.0,21.5,29,Ecarquilles,Stable,Sourire leger
10:52:03,621.1,CONFORT,5.0,5.0,0.0,21.5,31,Ecarquilles,Stable,Sourire leger
10:52:03,621.18,CONFORT,5.0,5.0,0.0,21.5,12,Ecarquilles,Stable,Sourire leger
10:52:03,621.21,CONFORT,0.0,0.0,0.0,21.4,29,Ecarquilles,Stable,Fermee
10:52:03,621.24,NEUTRE,0.0,0.0,0.0,21.5,29,Ecarquilles,Stable,Fermee
10:52:03,621.32,NEUTRE,0.0,0.0,0.0,21.5,12,Ecarquilles,Stable,Fermee
10:52:03,621.35,NEUTRE,0.0,0.0,0.0,21.5,31,Ecarquilles,Stable,Fermee
10:52:03,621.39,NEUTRE,0.0,0.0,0.0,21.5,30,Ecarquilles,Stable,Fermee
10:52:03,621.46,NEUTRE,0.0,0.0,0.0,21.5,13,Ecarquilles,Stable,Fermee
10:52:03,621.5,NEUTRE,0.0,0.0,0.0,21.6,29,Ecarquilles,Stable,Fermee
10:52:03,621.53,NEUTRE,0.0,0.0,0.0,21.6,30,Ecarquilles,Stable,Fermee
10:52:03,621.6,NEUTRE,0.0,0.0,0.0,21.6,13,Ecarquilles,Stable,Fermee
10:52:03,621.64,NEUTRE,0.0,0.0,0.0,21.6,29,Ecarquilles,Stable,Fermee
10:52:03,621.67,NEUTRE,0.0,0.0,0.0,21.6,31,Ecarquilles,Stable,Fermee
10:52:03,621.74,NEUTRE,5.0,5.0,0.0,21.7,13,Ecarquilles,Stable,Sourire leger
10:52:03,621.78,NEUTRE,5.0,5.0,0.0,21.7,30,Ecarquilles,Stable,Sourire leger
10:52:03,621.81,NEUTRE,5.0,5.0,0.0,21.7,30,Ecarquilles,Stable,Sourire leger
10:52:03,621.89,NEUTRE,5.0,5.0,0.0,21.7,13,Ecarquilles,Stable,Sourire leger
10:52:04,621.92,NEUTRE,5.0,5.0,0.0,21.7,29,Ecarquilles,Stable,Sourire leger
10:52:04,622.01,NEUTRE,-1.0,-1.0,0.0,21.7,10,Ecarquilles,Fronces,Sourire leger
10:52:04,622.16,NEUTRE,-1.0,-1.0,0.0,21.8,6,Ecarquilles,Fronces,Sourire leger
10:52:04,622.2,NEUTRE,-1.0,-1.0,0.0,21.8,22,Ecarquilles,Fronces,Sourire leger
10:52:04,622.29,NEUTRE,-1.0,-1.0,0.0,21.8,10,Ecarquilles,Fronces,Sourire leger
10:52:04,622.44,NEUTRE,-1.0,-1.0,0.0,21.8,7,Ecarquilles,Fronces,Sourire leger
10:52:04,622.47,NEUTRE,-1.0,-1.0,0.0,21.8,28,Ecarquilles,Fronces,Sourire leger
10:52:04,622.56,NEUTRE,0.0,0.0,0.0,21.8,10,Plisses,Stable,Fermee
10:52:04,622.71,NEUTRE,0.0,0.0,0.0,21.8,7,Ecarquilles,Stable,Fermee
10:52:04,622.74,NEUTRE,0.0,0.0,0.0,21.8,31,Ecarquilles,Stable,Fermee
10:52:04,622.84,NEUTRE,0.0,0.0,0.0,21.9,10,Ecarquilles,Stable,Fermee
10:52:05,622.97,NEUTRE,0.0,0.0,0.0,21.9,7,Ecarquilles,Stable,Fermee
10:52:05,623.01,NEUTRE,0.0,0.0,0.0,21.9,29,Ecarquilles,Stable,Fermee
10:52:05,623.11,NEUTRE,0.0,0.0,0.0,21.9,9,Ecarquilles,Stable,Fermee
10:52:05,623.19,NEUTRE,-6.0,-6.0,0.0,21.9,12,Ecarquilles,Fronces,Fermee
10:52:05,623.22,NEUTRE,0.0,0.0,0.0,21.9,29,Plisses,Stable,Fermee
10:52:05,623.33,NEUTRE,0.0,0.0,0.0,21.9,9,Neutre,Stable,Fermee
10:52:05,623.41,NEUTRE,0.0,0.0,0.0,21.9,12,Neutre,Stable,Fermee
10:52:05,623.44,NEUTRE,0.0,0.0,0.0,22.0,30,Ecarquilles,Stable,Fermee
10:52:05,623.54,NEUTRE,0.0,0.0,0.0,22.0,10,Plisses,Stable,Fermee
10:52:05,623.68,NEUTRE,0.0,0.0,0.0,22.0,7,Neutre,Stable,Fermee
10:52:05,623.71,NEUTRE,0.0,0.0,0.0,22.0,29,Neutre,Stable,Fermee
10:52:05,623.81,NEUTRE,0.0,0.0,0.0,22.0,10,Neutre,Stable,Fermee
10:52:06,623.94,NEUTRE,0.0,0.0,0.0,22.0,7,Neutre,Stable,Fermee
10:52:06,624.12,NEUTRE,0.0,0.0,0.0,22.0,5,Ecarquilles,Stable,Fermee
10:52:06,624.15,NEUTRE,0.0,0.0,0.0,22.0,31,Plisses,Releves,Fermee
10:52:06,624.23,NEUTRE,0.0,0.0,0.0,22.0,13,Neutre,Releves,Parle
10:52:06,624.26,NEUTRE,0.0,0.0,0.0,22.0,29,Neutre,Releves,Parle
10:52:06,624.29,NEUTRE,0.0,0.0,0.0,22.1,30,Neutre,Stable,Parle
10:52:06,624.37,NEUTRE,0.0,0.0,0.0,22.1,13,Neutre,Stable,Parle
10:52:06,624.4,NEUTRE,0.0,0.0,0.0,22.1,30,Neutre,Stable,Parle
10:52:06,624.44,NEUTRE,0.0,0.0,0.0,22.1,30,Neutre,Stable,Parle
10:52:06,624.57,NEUTRE,0.0,0.0,0.0,22.1,7,Neutre,Stable,Parle
10:52:06,624.61,NEUTRE,0.0,0.0,0.0,22.1,28,Neutre,Stable,Parle
10:52:06,624.7,NEUTRE,0.0,0.0,0.0,22.1,10,Neutre,Stable,Parle
10:52:06,624.84,NEUTRE,-4.0,-4.0,0.0,22.1,7,Neutre,Stable,Grimace / Tension
10:52:06,624.87,NEUTRE,0.0,0.0,0.0,22.1,30,Neutre,Releves,Parle
10:52:07,624.96,NEUTRE,-4.0,-4.0,0.0,22.1,10,Neutre,Stable,Grimace / Tension
10:52:07,625.1,NEUTRE,-4.0,-4.0,0.0,22.1,7,Neutre,Stable,Grimace / Tension
10:52:07,625.13,NEUTRE,-4.0,-4.0,0.0,22.1,31,Neutre,Stable,Grimace / Tension
10:52:07,625.23,NEUTRE,-4.0,-4.0,0.0,22.2,10,Plisses,Releves,Grimace / Tension
10:52:07,625.38,NEUTRE,0.0,0.0,0.0,22.2,6,Plisses,Stable,Parle
10:52:07,625.42,NEUTRE,0.0,0.0,0.0,22.2,28,Neutre,Stable,Fermee
10:52:07,625.51,NEUTRE,0.0,0.0,0.0,22.2,10,Ecarquilles,Stable,Parle
10:52:07,625.66,NEUTRE,0.0,0.0,0.0,22.2,6,Plisses,Releves,Parle
10:52:07,625.69,NEUTRE,0.0,0.0,0.0,22.2,28,Plisses,Releves,Parle
10:52:07,625.79,NEUTRE,0.0,0.0,0.0,22.2,10,Plisses,Releves,Parle
10:52:08,625.97,NEUTRE,0.0,0.0,0.0,22.2,5,Plisses,Releves,Parle
10:52:08,626.01,INCONFORT,-5.0,-5.0,0.0,22.1,28,Plisses,Releves,Baillement
10:52:08,626.1,NEUTRE,-4.0,-4.0,0.0,22.1,10,Plisses,Releves,Grimace / Tension
10:52:08,626.24,NEUTRE,-1.0,-4.0,3.0,22.1,7,Plisses,Releves,Grimace / Tension
10:52:08,626.27,NEUTRE,-1.0,-4.0,3.0,22.1,29,Plisses,Releves,Grimace / Tension
10:52:08,626.37,NEUTRE,3.0,0.0,3.0,22.1,10,Neutre,Releves,Parle
10:52:08,626.51,NEUTRE,0.0,0.0,0.0,22.2,7,Neutre,Stable,Parle
10:52:08,626.54,NEUTRE,0.0,0.0,0.0,22.2,29,Neutre,Stable,Parle
10:52:08,626.63,NEUTRE,0.0,0.0,0.0,22.2,10,Neutre,Stable,Parle
10:52:08,626.77,NEUTRE,0.0,0.0,0.0,22.2,7,Neutre,Stable,Parle
10:52:08,626.8,NEUTRE,0.0,0.0,0.0,22.2,30,Neutre,Stable,Parle
10:52:09,626.9,NEUTRE,0.0,0.0,0.0,22.2,10,Neutre,Stable,Parle
10:52:09,627.04,NEUTRE,0.0,0.0,0.0,22.2,7,Neutre,Stable,Parle
10:52:09,627.07,NEUTRE,0.0,0.0,0.0,22.2,28,Ecarquilles,Stable,Parle
10:52:09,627.18,NEUTRE,0.0,0.0,0.0,22.2,9,Neutre,Stable,Parle
10:52:09,627.28,NEUTRE,0.0,0.0,0.0,22.2,10,Ecarquilles,Stable,Parle
10:52:09,627.31,NEUTRE,0.0,0.0,0.0,22.2,31,Neutre,Stable,Parle
10:52:09,627.41,NEUTRE,0.0,0.0,0.0,22.2,10,Ecarquilles,Stable,Parle
10:52:09,627.56,NEUTRE,0.0,0.0,0.0,22.2,6,Ecarquilles,Stable,Parle
10:52:09,627.59,NEUTRE,0.0,0.0,0.0,22.2,29,Ecarquilles,Stable,Parle
10:52:09,627.63,NEUTRE,0.0,0.0,0.0,22.2,27,Ecarquilles,Stable,Parle
10:52:09,627.77,NEUTRE,0.0,0.0,0.0,22.2,6,Ecarquilles,Stable,Parle
10:52:09,627.81,NEUTRE,0.0,0.0,0.0,22.2,29,Ecarquilles,Stable,Parle
10:52:10,627.9,NEUTRE,0.0,0.0,0.0,22.3,10,Ecarquilles,Stable,Parle
10:52:10,628.04,NEUTRE,0.0,0.0,0.0,22.3,7,Ecarquilles,Stable,Parle
10:52:10,628.08,NEUTRE,0.0,0.0,0.0,22.3,30,Ecarquilles,Stable,Parle
10:52:10,628.17,NEUTRE,0.0,0.0,0.0,22.3,10,Ecarquilles,Stable,Parle
10:52:10,628.32,NEUTRE,0.0,0.0,0.0,22.3,6,Ecarquilles,Stable,Parle
10:52:10,628.35,NEUTRE,0.0,0.0,0.0,22.3,29,Ecarquilles,Stable,Parle
10:52:10,628.45,NEUTRE,0.0,0.0,0.0,22.3,10,Ecarquilles,Stable,Parle
10:52:10,628.59,NEUTRE,0.0,0.0,0.0,22.3,7,Ecarquilles,Stable,Parle
10:52:10,628.62,NEUTRE,0.0,0.0,0.0,22.3,29,Ecarquilles,Stable,Parle
10:52:10,628.72,NEUTRE,0.0,0.0,0.0,22.3,10,Ecarquilles,Stable,Parle
10:52:10,628.86,NEUTRE,0.0,0.0,0.0,22.3,7,Ecarquilles,Stable,Parle
10:52:10,628.89,NEUTRE,0.0,0.0,0.0,22.3,30,Ecarquilles,Stable,Parle
10:52:11,628.99,NEUTRE,0.0,0.0,0.0,22.3,10,Ecarquilles,Stable,Parle
10:52:11,629.14,NEUTRE,0.0,0.0,0.0,22.3,6,Ecarquilles,Stable,Parle
10:52:11,629.17,NEUTRE,0.0,0.0,0.0,22.3,31,Ecarquilles,Stable,Parle
10:52:11,629.27,NEUTRE,0.0,0.0,0.0,22.3,10,Plisses,Releves,Parle
10:52:11,629.4,NEUTRE,0.0,0.0,0.0,22.3,7,Plisses,Releves,Parle
10:52:11,629.44,NEUTRE,0.0,0.0,0.0,22.3,28,Neutre,Stable,Parle
10:52:11,629.53,NEUTRE,0.0,0.0,0.0,22.3,10,Neutre,Stable,Parle
10:52:11,629.67,NEUTRE,0.0,0.0,0.0,22.3,7,Neutre,Stable,Parle
10:52:11,629.7,NEUTRE,0.0,0.0,0.0,22.3,29,Ecarquilles,Stable,Parle
10:52:11,629.79,NEUTRE,0.0,0.0,0.0,22.3,11,Ecarquilles,Stable,Fermee
10:52:12,629.93,NEUTRE,5.0,5.0,0.0,22.3,7,Ecarquilles,Stable,Sourire leger
10:52:12,629.96,NEUTRE,5.0,5.0,0.0,22.3,30,Ecarquilles,Stable,Grand Sourire
10:52:12,630.06,NEUTRE,5.0,5.0,0.0,22.3,10,Neutre,Stable,Grand Sourire
10:52:12,630.2,NEUTRE,8.0,5.0,3.0,22.4,7,Ecarquilles,Stable,Grand Sourire
10:52:12,630.24,NEUTRE,8.0,5.0,3.0,22.4,29,Neutre,Stable,Grand Sourire
10:52:12,630.33,NEUTRE,8.0,5.0,3.0,22.4,10,Neutre,Stable,Grand Sourire
10:52:12,630.47,CONFORT,8.0,5.0,3.0,22.3,7,Neutre,Stable,Grand Sourire
10:52:12,630.5,CONFORT,8.0,5.0,3.0,22.3,30,Neutre,Stable,Grand Sourire
10:52:12,630.59,CONFORT,8.0,5.0,3.0,22.3,10,Neutre,Stable,Grand Sourire
10:52:12,630.74,CONFORT,8.0,5.0,3.0,22.3,7,Neutre,Stable,Grand Sourire
10:52:12,630.77,CONFORT,8.0,5.0,3.0,22.2,29,Neutre,Stable,Grand Sourire
10:52:12,630.86,CONFORT,8.0,5.0,3.0,22.2,10,Plisses,Releves,Grand Sourire
10:52:13,631.0,CONFORT,-4.0,-4.0,0.0,22.2,7,Plisses,Releves,Grimace / Tension
10:52:13,631.04,CONFORT,-4.0,-4.0,0.0,22.2,30,Neutre,Stable,Grimace / Tension
10:52:13,631.13,NEUTRE,-4.0,-4.0,0.0,22.2,10,Neutre,Stable,Grimace / Tension
10:52:13,631.26,NEUTRE,-1.0,-4.0,3.0,22.2,7,Neutre,Stable,Grimace / Tension
10:52:13,631.3,NEUTRE,-1.0,-4.0,3.0,22.2,30,Neutre,Stable,Grimace / Tension
10:52:13,631.53,NEUTRE,-1.0,-4.0,3.0,22.2,4,Neutre,Stable,Grimace / Tension
10:52:13,631.6,NEUTRE,-1.0,-4.0,3.0,22.2,14,Neutre,Stable,Grimace / Tension
10:52:13,631.63,NEUTRE,-1.0,-4.0,3.0,22.2,29,Neutre,Stable,Grimace / Tension
10:52:13,631.66,NEUTRE,-1.0,-4.0,3.0,22.2,31,Neutre,Stable,Grimace / Tension
10:52:13,631.74,NEUTRE,0.0,0.0,0.0,22.2,13,Neutre,Stable,Parle
10:52:13,631.77,NEUTRE,0.0,0.0,0.0,22.2,30,Neutre,Stable,Parle
10:52:13,631.87,NEUTRE,0.0,0.0,0.0,22.2,10,Neutre,Stable,Parle
10:52:14,632.0,NEUTRE,0.0,0.0,0.0,22.2,7,Neutre,Stable,Parle
10:52:14,632.04,NEUTRE,0.0,0.0,0.0,22.2,29,Neutre,Stable,Parle
10:52:14,632.13,NEUTRE,0.0,0.0,0.0,22.2,10,Plisses,Stable,Parle
10:52:14,632.27,NEUTRE,0.0,0.0,0.0,22.2,7,Plisses,Releves,Fermee
10:52:14,632.3,NEUTRE,0.0,0.0,0.0,22.2,29,Plisses,Stable,Fermee
10:52:14,632.4,NEUTRE,0.0,0.0,0.0,22.2,10,Neutre,Stable,Fermee
10:52:14,632.53,NEUTRE,0.0,0.0,0.0,22.3,7,Ecarquilles,Stable,Fermee
10:52:14,632.57,NEUTRE,0.0,0.0,0.0,22.3,28,Ecarquilles,Stable,Fermee
10:52:14,632.66,NEUTRE,0.0,0.0,0.0,22.3,10,Neutre,Stable,Fermee
10:52:14,632.8,NEUTRE,0.0,0.0,0.0,22.3,7,Neutre,Stable,Fermee
10:52:14,632.83,NEUTRE,0.0,0.0,0.0,22.3,28,Neutre,Stable,Fermee
10:52:15,632.93,NEUTRE,0.0,0.0,0.0,22.3,10,Neutre,Stable,Fermee
10:52:15,633.07,NEUTRE,0.0,0.0,0.0,22.3,7,Neutre,Stable,Fermee
10:52:15,633.1,NEUTRE,0.0,0.0,0.0,22.3,29,Neutre,Stable,Fermee
10:52:15,633.2,NEUTRE,0.0,0.0,0.0,22.3,10,Neutre,Stable,Fermee
10:52:15,633.34,NEUTRE,0.0,0.0,0.0,22.3,7,Neutre,Stable,Fermee
10:52:15,633.37,NEUTRE,0.0,0.0,0.0,22.3,30,Neutre,Stable,Fermee
10:52:15,633.46,NEUTRE,0.0,0.0,0.0,22.3,11,Neutre,Stable,Fermee
10:52:15,633.6,NEUTRE,0.0,0.0,0.0,22.3,7,Neutre,Stable,Fermee
10:52:15,633.63,NEUTRE,0.0,0.0,0.0,22.3,28,Neutre,Stable,Fermee
10:52:15,633.72,NEUTRE,0.0,0.0,0.0,22.3,10,Neutre,Stable,Fermee
10:52:15,633.86,NEUTRE,0.0,0.0,0.0,22.3,7,Neutre,Stable,Fermee
10:52:16,633.89,NEUTRE,0.0,0.0,0.0,22.3,29,Neutre,Stable,Fermee
10:52:16,633.99,NEUTRE,0.0,0.0,0.0,22.3,10,Neutre,Stable,Fermee
10:52:16,634.12,NEUTRE,0.0,0.0,0.0,22.3,7,Neutre,Stable,Fermee
10:52:16,634.16,NEUTRE,0.0,0.0,0.0,22.3,28,Neutre,Stable,Fermee
10:52:16,634.26,NEUTRE,0.0,0.0,0.0,22.3,9,Neutre,Stable,Fermee
10:52:16,634.34,NEUTRE,0.0,0.0,0.0,22.3,11,Neutre,Stable,Fermee
10:52:16,634.37,NEUTRE,0.0,0.0,0.0,22.3,29,Neutre,Stable,Fermee
10:52:16,634.48,NEUTRE,0.0,0.0,0.0,22.3,9,Plisses,Releves,Fermee
10:52:16,634.56,NEUTRE,0.0,0.0,0.0,22.3,12,Plisses,Releves,Fermee
10:52:16,634.59,NEUTRE,0.0,0.0,0.0,22.4,30,Neutre,Stable,Fermee
10:52:16,634.69,NEUTRE,0.0,0.0,0.0,22.4,10,Neutre,Stable,Fermee
10:52:16,634.83,NEUTRE,0.0,0.0,0.0,22.4,7,Neutre,Stable,Fermee
10:52:16,634.86,NEUTRE,0.0,0.0,0.0,22.4,30,Neutre,Stable,Fermee
10:52:17,634.95,NEUTRE,0.0,0.0,0.0,22.4,11,Neutre,Stable,Fermee
10:52:17,635.08,NEUTRE,0.0,0.0,0.0,22.4,7,Neutre,Stable,Fermee
10:52:17,635.12,NEUTRE,0.0,0.0,0.0,22.4,29,Neutre,Stable,Fermee
10:52:17,635.22,NEUTRE,0.0,0.0,0.0,22.4,9,Neutre,Stable,Fermee
10:52:17,635.3,NEUTRE,0.0,0.0,0.0,22.4,11,Neutre,Stable,Fermee
10:52:17,635.34,NEUTRE,0.0,0.0,0.0,22.4,29,Neutre,Stable,Fermee
10:52:17,635.43,NEUTRE,0.0,0.0,0.0,22.4,10,Neutre,Stable,Fermee
10:52:17,635.56,NEUTRE,0.0,0.0,0.0,22.4,7,Neutre,Stable,Fermee
10:52:17,635.59,NEUTRE,0.0,0.0,0.0,22.4,29,Neutre,Stable,Fermee
10:52:17,635.69,NEUTRE,0.0,0.0,0.0,22.4,10,Neutre,Stable,Fermee
10:52:17,635.82,NEUTRE,0.0,0.0,0.0,22.4,7,Neutre,Stable,Fermee
10:52:17,635.85,NEUTRE,0.0,0.0,0.0,22.4,29,Neutre,Stable,Fermee
10:52:18,635.97,NEUTRE,0.0,0.0,0.0,22.4,8,Neutre,Stable,Fermee
10:52:18,636.1,NEUTRE,0.0,0.0,0.0,22.4,7,Neutre,Stable,Fermee
10:52:18,636.13,NEUTRE,0.0,0.0,0.0,22.4,30,Neutre,Stable,Fermee
10:52:18,636.22,NEUTRE,0.0,0.0,0.0,22.4,11,Neutre,Stable,Fermee
10:52:18,636.36,NEUTRE,0.0,0.0,0.0,22.4,7,Neutre,Stable,Fermee
10:52:18,636.39,NEUTRE,0.0,0.0,0.0,22.4,30,Neutre,Stable,Fermee
10:52:18,636.48,NEUTRE,0.0,0.0,0.0,22.4,10,Ecarquilles,Stable,Fermee
10:52:18,636.62,NEUTRE,0.0,0.0,0.0,22.4,7,Ecarquilles,Stable,Fermee
10:52:18,636.65,NEUTRE,0.0,0.0,0.0,22.4,30,Ecarquilles,Stable,Fermee
10:52:18,636.75,NEUTRE,0.0,0.0,0.0,22.4,10,Ecarquilles,Stable,Fermee
10:52:18,636.88,NEUTRE,0.0,0.0,0.0,22.4,7,Ecarquilles,Stable,Fermee
10:52:19,636.92,NEUTRE,0.0,0.0,0.0,22.4,29,Ecarquilles,Stable,Fermee
10:52:19,637.01,NEUTRE,0.0,0.0,0.0,22.4,10,Ecarquilles,Stable,Fermee
10:52:19,637.15,NEUTRE,0.0,0.0,0.0,22.4,7,Ecarquilles,Stable,Fermee
10:52:19,637.18,NEUTRE,0.0,0.0,0.0,22.4,29,Ecarquilles,Stable,Fermee
10:52:19,637.28,NEUTRE,0.0,0.0,0.0,22.4,10,Neutre,Stable,Fermee
10:52:19,637.42,NEUTRE,0.0,0.0,0.0,22.4,6,Neutre,Stable,Fermee
10:52:19,637.46,NEUTRE,0.0,0.0,0.0,22.4,28,Plisses,Releves,Fermee
10:52:19,637.56,NEUTRE,0.0,0.0,0.0,22.4,9,Plisses,Stable,Fermee
10:52:19,637.7,NEUTRE,0.0,0.0,0.0,22.4,7,Neutre,Stable,Fermee
10:52:19,637.73,NEUTRE,0.0,0.0,0.0,22.4,29,Ecarquilles,Stable,Fermee
10:52:19,637.83,NEUTRE,0.0,0.0,0.0,22.4,10,Ecarquilles,Stable,Fermee
10:52:20,637.97,NEUTRE,0.0,0.0,0.0,22.4,7,Ecarquilles,Stable,Fermee
10:52:20,638.0,NEUTRE,0.0,0.0,0.0,22.4,29,Ecarquilles,Stable,Fermee
10:52:20,638.1,NEUTRE,5.0,5.0,0.0,22.4,10,Ecarquilles,Stable,Sourire leger
10:52:20,638.24,NEUTRE,5.0,5.0,0.0,22.4,6,Ecarquilles,Stable,Sourire leger
10:52:20,638.28,NEUTRE,5.0,5.0,0.0,22.4,29,Ecarquilles,Stable,Sourire leger
10:52:20,638.37,NEUTRE,5.0,5.0,0.0,22.4,10,Ecarquilles,Stable,Sourire leger
10:52:20,638.5,NEUTRE,5.0,5.0,0.0,22.4,7,Ecarquilles,Stable,Sourire leger
10:52:20,638.54,NEUTRE,5.0,5.0,0.0,22.4,29,Ecarquilles,Stable,Sourire leger
10:52:20,638.77,NEUTRE,5.0,5.0,0.0,22.4,4,Ecarquilles,Stable,Sourire leger
10:52:20,638.83,NEUTRE,5.0,5.0,0.0,22.4,14,Plisses,Stable,Sourire leger
10:52:20,638.87,CONFORT,5.0,5.0,0.0,22.4,29,Plisses,Stable,Sourire leger
10:52:21,638.9,CONFORT,5.0,5.0,0.0,22.4,31,Neutre,Stable,Sourire leger
10:52:21,638.98,CONFORT,5.0,5.0,0.0,22.4,12,Ecarquilles,Stable,Sourire leger
10:52:21,639.01,CONFORT,5.0,5.0,0.0,22.3,30,Ecarquilles,Stable,Sourire leger
10:52:21,639.04,CONFORT,5.0,5.0,0.0,22.3,30,Ecarquilles,Stable,Sourire leger
10:52:21,639.12,CONFORT,5.0,5.0,0.0,22.3,13,Ecarquilles,Stable,Sourire leger
10:52:21,639.15,CONFORT,5.0,5.0,0.0,22.3,31,Ecarquilles,Stable,Sourire leger
10:52:21,639.26,CONFORT,5.0,5.0,0.0,22.2,9,Ecarquilles,Stable,Sourire leger
10:52:21,639.34,CONFORT,5.0,5.0,0.0,22.2,12,Ecarquilles,Stable,Sourire leger
10:52:21,639.37,CONFORT,5.0,5.0,0.0,22.2,31,Ecarquilles,Stable,Sourire leger
10:52:21,639.47,CONFORT,5.0,5.0,0.0,22.2,10,Ecarquilles,Stable,Sourire leger
10:52:21,639.6,CONFORT,5.0,5.0,0.0,22.1,7,Ecarquilles,Stable,Sourire leger
10:52:21,639.64,CONFORT,5.0,5.0,0.0,22.1,30,Ecarquilles,Stable,Sourire leger
10:52:21,639.75,CONFORT,5.0,5.0,0.0,22.1,9,Ecarquilles,Stable,Sourire leger
10:52:21,639.82,CONFORT,5.0,5.0,0.0,22.1,12,Ecarquilles,Stable,Sourire leger
10:52:21,639.86,CONFORT,5.0,5.0,0.0,22.0,29,Ecarquilles,Stable,Sourire leger
10:52:22,639.95,CONFORT,5.0,5.0,0.0,22.0,10,Plisses,Releves,Sourire leger
10:52:22,640.09,CONFORT,5.0,5.0,0.0,22.0,7,Neutre,Stable,Sourire leger
10:52:22,640.12,CONFORT,5.0,5.0,0.0,22.0,30,Ecarquilles,Stable,Sourire leger
10:52:22,640.23,CONFORT,5.0,5.0,0.0,22.0,9,Ecarquilles,Stable,Sourire leger
10:52:22,640.36,CONFORT,5.0,5.0,0.0,21.9,7,Ecarquilles,Stable,Sourire leger
10:52:22,640.4,CONFORT,5.0,5.0,0.0,21.9,29,Ecarquilles,Stable,Sourire leger
10:52:22,640.5,NEUTRE,-1.0,-1.0,0.0,21.9,10,Ecarquilles,Fronces,Sourire leger
10:52:22,640.63,NEUTRE,5.0,5.0,0.0,21.9,7,Ecarquilles,Stable,Sourire leger
10:52:22,640.66,NEUTRE,5.0,5.0,0.0,22.0,29,Ecarquilles,Stable,Sourire leger
10:52:22,640.75,NEUTRE,5.0,5.0,0.0,22.0,11,Plisses,Releves,Sourire leger
10:52:23,640.9,NEUTRE,5.0,5.0,0.0,22.0,6,Neutre,Stable,Sourire leger
10:52:23,640.94,NEUTRE,5.0,5.0,0.0,22.0,29,Ecarquilles,Stable,Sourire leger
10:52:23,641.05,NEUTRE,5.0,5.0,0.0,22.0,9,Ecarquilles,Stable,Sourire leger
10:52:23,641.14,NEUTRE,5.0,5.0,0.0,22.0,10,Ecarquilles,Stable,Sourire leger
10:52:23,641.18,NEUTRE,5.0,5.0,0.0,22.0,30,Ecarquilles,Stable,Sourire leger
10:52:23,641.27,NEUTRE,5.0,5.0,0.0,22.0,10,Ecarquilles,Stable,Sourire leger
10:52:23,641.4,CONFORT,5.0,5.0,0.0,22.0,7,Ecarquilles,Stable,Sourire leger
10:52:23,641.44,CONFORT,5.0,5.0,0.0,22.0,29,Ecarquilles,Stable,Sourire leger
10:52:23,641.53,CONFORT,5.0,5.0,0.0,22.0,10,Ecarquilles,Stable,Sourire leger
10:52:23,641.68,CONFORT,5.0,5.0,0.0,22.0,6,Ecarquilles,Stable,Sourire leger
10:52:23,641.71,CONFORT,5.0,5.0,0.0,21.9,29,Ecarquilles,Stable,Sourire leger
10:52:23,641.82,CONFORT,5.0,5.0,0.0,21.9,8,Ecarquilles,Stable,Sourire leger
10:52:24,642.4,CONFORT,5.0,5.0,0.0,21.9,1,Ecarquilles,Stable,Sourire leger
10:52:25,643.34,CONFORT,5.0,5.0,0.0,21.9,1,Plisses,Releves,Sourire leger
10:52:26,644.33,CONFORT,5.0,5.0,0.0,21.9,1,Plisses,Stable,Sourire leger
10:52:27,645.37,CONFORT,5.0,5.0,0.0,21.8,0,Neutre,Stable,Sourire leger
10:52:28,646.34,CONFORT,5.0,5.0,0.0,21.8,1,Neutre,Stable,Sourire leger
10:52:29,647.34,CONFORT,5.0,5.0,0.0,21.8,1,Neutre,Stable,Sourire leger
10:52:30,648.37,CONFORT,0.0,0.0,0.0,21.8,0,Plisses,Releves,Fermee
10:52:31,649.35,CONFORT,5.0,5.0,0.0,21.8,1,Plisses,Stable,Sourire leger
10:52:32,650.33,CONFORT,5.0,5.0,0.0,21.8,1,Plisses,Stable,Sourire leger
10:52:33,651.38,CONFORT,5.0,5.0,0.0,21.7,0,Plisses,Stable,Sourire leger
10:52:34,652.34,CONFORT,5.0,5.0,0.0,21.7,1,Neutre,Stable,Sourire leger
10:52:35,653.34,NEUTRE,0.0,0.0,0.0,21.7,1,Plisses,Stable,Fermee
10:52:36,654.38,NEUTRE,5.0,5.0,0.0,21.8,0,Neutre,Stable,Sourire leger
10:52:37,655.33,NEUTRE,5.0,5.0,0.0,21.8,1,Neutre,Stable,Sourire leger
10:52:38,656.33,NEUTRE,5.0,5.0,0.0,21.8,1,Plisses,Stable,Sourire leger
10:52:39,657.38,NEUTRE,5.0,5.0,0.0,21.8,0,Plisses,Stable,Sourire leger
10:52:40,658.33,CONFORT,5.0,5.0,0.0,21.8,1,Neutre,Stable,Sourire leger
10:52:41,659.35,CONFORT,5.0,5.0,0.0,21.8,0,Neutre,Stable,Sourire leger
10:52:42,660.39,CONFORT,5.0,5.0,0.0,21.8,0,Neutre,Stable,Sourire leger
10:52:43,661.35,NEUTRE,0.0,0.0,0.0,21.8,1,Neutre,Stable,Fermee
10:52:44,662.35,NEUTRE,5.0,5.0,0.0,21.8,1,Plisses,Stable,Sourire leger
10:52:45,663.38,NEUTRE,0.0,0.0,0.0,21.8,0,Neutre,Stable,Fermee
10:52:46,664.33,NEUTRE,0.0,0.0,0.0,21.8,1,Neutre,Stable,Fermee
10:52:47,665.35,NEUTRE,0.0,0.0,0.0,21.8,0,Ecarquilles,Stable,Fermee
10:52:48,666.38,NEUTRE,5.0,5.0,0.0,21.8,0,Neutre,Stable,Sourire leger
10:52:49,667.35,NEUTRE,0.0,0.0,0.0,21.9,1,Neutre,Releves,Fermee
10:52:50,668.35,NEUTRE,5.0,5.0,0.0,21.9,1,Neutre,Releves,Sourire leger
10:52:51,669.37,NEUTRE,-1.0,-4.0,3.0,21.9,0,Neutre,Releves,Grimace / Tension
10:52:52,670.34,NEUTRE,3.0,0.0,3.0,21.9,1,Ecarquilles,Releves,Fermee
10:52:53,671.35,NEUTRE,3.0,0.0,3.0,21.9,0,Ecarquilles,Stable,Fermee
10:52:54,672.37,NEUTRE,0.0,0.0,0.0,21.9,0,Ecarquilles,Stable,Fermee
10:52:55,673.35,NEUTRE,0.0,0.0,0.0,21.9,1,Ecarquilles,Stable,Fermee
10:52:56,674.35,NEUTRE,0.0,0.0,0.0,21.9,1,Ecarquilles,Stable,Fermee
10:52:57,675.7,NEUTRE,-6.0,-6.0,0.0,22.0,0,Ecarquilles,Fronces,Fermee
10:53:03,681.38,NEUTRE,-4.0,-4.0,0.0,22.0,0,Neutre,Stable,Grimace / Tension
10:53:04,682.33,NEUTRE,0.0,0.0,0.0,22.0,1,Ecarquilles,Stable,Fermee
10:53:05,683.34,NEUTRE,0.0,0.0,0.0,22.0,0,Ecarquilles,Stable,Parle
10:53:06,684.37,NEUTRE,0.0,0.0,0.0,22.0,0,Ecarquilles,Stable,Fermee
10:53:06,684.71,NEUTRE,0.0,0.0,0.0,22.0,2,Ecarquilles,Stable,Fermee
10:53:06,684.81,NEUTRE,0.0,0.0,0.0,22.0,10,Plisses,Releves,Fermee
10:53:07,684.95,NEUTRE,0.0,0.0,0.0,22.0,7,Neutre,Stable,Fermee
10:53:07,685.13,NEUTRE,0.0,0.0,0.0,22.0,5,Neutre,Stable,Fermee
10:53:07,685.16,NEUTRE,0.0,0.0,0.0,22.0,36,Ecarquilles,Stable,Fermee
10:53:07,685.23,NEUTRE,0.0,0.0,0.0,22.1,14,Neutre,Stable,Fermee
10:53:07,685.26,NEUTRE,0.0,0.0,0.0,22.1,32,Neutre,Stable,Fermee
10:53:07,685.29,NEUTRE,0.0,0.0,0.0,22.1,32,Neutre,Stable,Fermee
10:53:07,685.42,NEUTRE,0.0,0.0,0.0,22.1,7,Plisses,Releves,Fermee
10:53:07,685.45,NEUTRE,0.0,0.0,0.0,22.1,34,Plisses,Releves,Fermee
10:53:07,685.55,NEUTRE,5.0,5.0,0.0,22.1,10,Plisses,Stable,Sourire leger
10:53:07,685.68,NEUTRE,0.0,0.0,0.0,22.1,7,Neutre,Stable,Fermee
10:53:07,685.71,NEUTRE,5.0,5.0,0.0,22.1,33,Neutre,Releves,Sourire leger
10:53:07,685.81,NEUTRE,0.0,0.0,0.0,22.1,9,Neutre,Stable,Fermee
10:53:07,685.89,NEUTRE,0.0,0.0,0.0,22.1,13,Neutre,Stable,Fermee
10:53:08,685.92,NEUTRE,0.0,0.0,0.0,22.1,31,Neutre,Stable,Fermee
10:53:08,686.02,NEUTRE,0.0,0.0,0.0,22.1,10,Neutre,Stable,Fermee
10:53:08,686.16,NEUTRE,0.0,0.0,0.0,22.1,7,Ecarquilles,Stable,Fermee
10:53:08,686.19,NEUTRE,0.0,0.0,0.0,22.2,31,Ecarquilles,Stable,Fermee
10:53:08,686.3,NEUTRE,0.0,0.0,0.0,22.2,9,Ecarquilles,Stable,Fermee
10:53:08,686.39,NEUTRE,0.0,0.0,0.0,22.2,10,Ecarquilles,Stable,Fermee
10:53:08,686.42,NEUTRE,0.0,0.0,0.0,22.2,31,Ecarquilles,Stable,Fermee
10:53:08,686.52,NEUTRE,0.0,0.0,0.0,22.2,10,Ecarquilles,Stable,Fermee
10:53:08,686.65,NEUTRE,0.0,0.0,0.0,22.2,7,Ecarquilles,Stable,Fermee
10:53:08,686.69,NEUTRE,0.0,0.0,0.0,22.2,31,Ecarquilles,Stable,Fermee
10:53:08,686.78,NEUTRE,0.0,0.0,0.0,22.2,10,Ecarquilles,Stable,Fermee
10:53:09,686.92,NEUTRE,0.0,0.0,0.0,22.2,7,Ecarquilles,Stable,Fermee
10:53:09,686.95,NEUTRE,0.0,0.0,0.0,22.2,32,Ecarquilles,Stable,Fermee
10:53:09,687.04,NEUTRE,0.0,0.0,0.0,22.2,10,Ecarquilles,Stable,Fermee
10:53:09,687.17,NEUTRE,0.0,0.0,0.0,22.2,7,Ecarquilles,Stable,Fermee
10:53:09,687.2,NEUTRE,0.0,0.0,0.0,22.2,31,Ecarquilles,Stable,Fermee
10:53:09,687.3,NEUTRE,0.0,0.0,0.0,22.2,10,Ecarquilles,Stable,Fermee
10:53:09,687.44,NEUTRE,0.0,0.0,0.0,22.2,7,Ecarquilles,Stable,Fermee
10:53:09,687.48,NEUTRE,0.0,0.0,0.0,22.2,21,Ecarquilles,Stable,Fermee
10:53:09,687.58,NEUTRE,0.0,0.0,0.0,22.3,10,Ecarquilles,Stable,Fermee
10:53:09,687.72,NEUTRE,0.0,0.0,0.0,22.3,7,Ecarquilles,Stable,Fermee
10:53:09,687.76,NEUTRE,0.0,0.0,0.0,22.3,28,Ecarquilles,Stable,Fermee
10:53:09,687.84,NEUTRE,5.0,5.0,0.0,22.3,11,Ecarquilles,Stable,Sourire leger
10:53:10,687.98,NEUTRE,0.0,0.0,0.0,22.3,7,Ecarquilles,Stable,Fermee
10:53:10,688.03,NEUTRE,0.0,0.0,0.0,22.3,23,Ecarquilles,Stable,Fermee
10:53:10,688.14,NEUTRE,0.0,0.0,0.0,22.3,9,Ecarquilles,Stable,Fermee
10:53:10,688.22,NEUTRE,0.0,0.0,0.0,22.3,12,Ecarquilles,Stable,Fermee
10:53:10,688.25,NEUTRE,0.0,0.0,0.0,22.3,31,Ecarquilles,Stable,Fermee
10:53:10,688.35,NEUTRE,0.0,0.0,0.0,22.3,9,Ecarquilles,Stable,Fermee
10:53:10,688.43,NEUTRE,0.0,0.0,0.0,22.3,12,Ecarquilles,Stable,Fermee
10:53:10,688.46,NEUTRE,0.0,0.0,0.0,22.3,30,Ecarquilles,Stable,Fermee
10:53:10,688.56,NEUTRE,0.0,0.0,0.0,22.3,9,Ecarquilles,Stable,Fermee
10:53:10,688.7,NEUTRE,0.0,0.0,0.0,22.3,7,Ecarquilles,Stable,Fermee
10:53:10,688.73,NEUTRE,0.0,0.0,0.0,22.3,32,Ecarquilles,Stable,Fermee
10:53:10,688.82,NEUTRE,0.0,0.0,0.0,22.3,11,Ecarquilles,Stable,Fermee
10:53:11,688.95,NEUTRE,0.0,0.0,0.0,22.3,7,Plisses,Releves,Fermee
10:53:11,688.98,NEUTRE,0.0,0.0,0.0,22.3,30,Neutre,Stable,Fermee
10:53:11,689.09,NEUTRE,0.0,0.0,0.0,22.3,9,Ecarquilles,Stable,Fermee
10:53:11,689.17,NEUTRE,0.0,0.0,0.0,22.3,12,Ecarquilles,Stable,Fermee
10:53:11,689.2,NEUTRE,0.0,0.0,0.0,22.3,29,Ecarquilles,Stable,Fermee
10:53:11,689.3,NEUTRE,0.0,0.0,0.0,22.3,9,Ecarquilles,Stable,Fermee
10:53:11,689.39,NEUTRE,0.0,0.0,0.0,22.3,11,Ecarquilles,Stable,Fermee
10:53:11,689.42,NEUTRE,0.0,0.0,0.0,22.3,30,Ecarquilles,Stable,Fermee
10:53:11,689.52,NEUTRE,0.0,0.0,0.0,22.3,10,Ecarquilles,Stable,Fermee
10:53:11,689.66,NEUTRE,0.0,0.0,0.0,22.3,6,Ecarquilles,Stable,Fermee
10:53:11,689.69,NEUTRE,0.0,0.0,0.0,22.4,30,Ecarquilles,Stable,Fermee
10:53:11,689.8,NEUTRE,0.0,0.0,0.0,22.4,9,Ecarquilles,Stable,Fermee
10:53:11,689.88,NEUTRE,0.0,0.0,0.0,22.4,12,Ecarquilles,Stable,Fermee
10:53:12,689.91,NEUTRE,0.0,0.0,0.0,22.4,31,Ecarquilles,Stable,Fermee
10:53:12,690.01,NEUTRE,0.0,0.0,0.0,22.4,10,Ecarquilles,Stable,Fermee
10:53:12,690.16,NEUTRE,0.0,0.0,0.0,22.4,6,Plisses,Stable,Fermee
10:53:12,690.19,NEUTRE,0.0,0.0,0.0,22.4,32,Plisses,Stable,Fermee
10:53:12,690.29,NEUTRE,0.0,0.0,0.0,22.4,10,Ecarquilles,Stable,Fermee
10:53:12,690.43,NEUTRE,0.0,0.0,0.0,22.4,7,Neutre,Stable,Fermee
10:53:12,690.46,NEUTRE,0.0,0.0,0.0,22.4,29,Neutre,Stable,Fermee
10:53:12,690.55,NEUTRE,0.0,0.0,0.0,22.4,10,Ecarquilles,Stable,Fermee
10:53:12,690.7,NEUTRE,0.0,0.0,0.0,22.4,6,Neutre,Stable,Fermee
10:53:12,690.73,NEUTRE,0.0,0.0,0.0,22.4,28,Neutre,Stable,Fermee
10:53:12,690.83,NEUTRE,0.0,0.0,0.0,22.4,9,Ecarquilles,Stable,Fermee
10:53:13,690.92,NEUTRE,0.0,0.0,0.0,22.4,12,Ecarquilles,Stable,Fermee
10:53:13,690.95,NEUTRE,0.0,0.0,0.0,22.4,30,Ecarquilles,Stable,Fermee
10:53:13,691.04,NEUTRE,0.0,0.0,0.0,22.4,10,Ecarquilles,Stable,Fermee
10:53:13,691.18,NEUTRE,0.0,0.0,0.0,22.4,6,Ecarquilles,Stable,Fermee
10:53:13,691.22,NEUTRE,0.0,0.0,0.0,22.4,25,Ecarquilles,Stable,Fermee
10:53:13,691.32,NEUTRE,0.0,0.0,0.0,22.4,10,Ecarquilles,Stable,Fermee
10:53:13,691.45,NEUTRE,0.0,0.0,0.0,22.4,7,Ecarquilles,Stable,Fermee
10:53:13,691.49,NEUTRE,0.0,0.0,0.0,22.4,27,Ecarquilles,Stable,Fermee
10:53:13,691.59,NEUTRE,0.0,0.0,0.0,22.4,9,Plisses,Releves,Fermee
10:53:13,691.67,NEUTRE,0.0,0.0,0.0,22.4,11,Plisses,Releves,Fermee
10:53:13,691.7,NEUTRE,0.0,0.0,0.0,22.4,33,Neutre,Stable,Fermee
10:53:14,691.96,NEUTRE,0.0,0.0,0.0,22.4,3,Ecarquilles,Stable,Fermee
10:53:14,692.03,NEUTRE,0.0,0.0,0.0,22.4,14,Ecarquilles,Stable,Fermee
10:53:14,692.06,NEUTRE,0.0,0.0,0.0,22.4,31,Ecarquilles,Stable,Fermee
10:53:14,692.09,NEUTRE,0.0,0.0,0.0,22.4,32,Ecarquilles,Stable,Fermee
10:53:14,692.16,NEUTRE,0.0,0.0,0.0,22.4,14,Ecarquilles,Stable,Fermee
10:53:14,692.19,NEUTRE,0.0,0.0,0.0,22.4,31,Ecarquilles,Stable,Fermee
10:53:14,692.23,NEUTRE,0.0,0.0,0.0,22.4,31,Ecarquilles,Stable,Fermee
10:53:14,692.3,NEUTRE,0.0,0.0,0.0,22.4,14,Ecarquilles,Stable,Fermee
10:53:14,692.33,NEUTRE,0.0,0.0,0.0,22.4,32,Ecarquilles,Stable,Fermee
10:53:14,692.36,NEUTRE,0.0,0.0,0.0,22.4,30,Ecarquilles,Stable,Fermee
10:53:14,692.49,NEUTRE,0.0,0.0,0.0,22.4,7,Ecarquilles,Stable,Fermee
10:53:14,692.52,NEUTRE,0.0,0.0,0.0,22.4,31,Ecarquilles,Stable,Fermee
10:53:14,692.62,NEUTRE,0.0,0.0,0.0,22.4,10,Ecarquilles,Stable,Fermee
10:53:15,693.37,NEUTRE,0.0,0.0,0.0,22.4,1,Ecarquilles,Stable,Fermee
10:53:16,694.39,NEUTRE,0.0,0.0,0.0,22.4,0,Ecarquilles,Stable,Fermee
10:53:17,695.35,NEUTRE,0.0,0.0,0.0,22.4,1,Ecarquilles,Stable,Fermee
10:53:18,696.37,NEUTRE,0.0,0.0,0.0,22.4,0,Ecarquilles,Stable,Fermee
10:53:18,696.79,NEUTRE,0.0,0.0,0.0,22.4,2,Neutre,Stable,Fermee
10:53:18,696.82,NEUTRE,0.0,0.0,0.0,22.4,36,Neutre,Stable,Fermee
10:53:19,696.95,NEUTRE,0.0,0.0,0.0,22.4,7,Neutre,Stable,Fermee
10:53:19,696.98,NEUTRE,0.0,0.0,0.0,22.4,32,Neutre,Stable,Fermee
10:53:19,697.07,NEUTRE,0.0,0.0,0.0,22.4,11,Plisses,Stable,Fermee
10:53:19,697.2,NEUTRE,0.0,0.0,0.0,22.4,7,Neutre,Stable,Fermee
10:53:19,697.24,NEUTRE,0.0,0.0,0.0,22.4,26,Neutre,Stable,Fermee
10:53:19,697.34,NEUTRE,0.0,0.0,0.0,22.4,10,Ecarquilles,Stable,Fermee
10:53:19,697.47,NEUTRE,0.0,0.0,0.0,22.4,7,Ecarquilles,Stable,Fermee
10:53:19,697.5,NEUTRE,0.0,0.0,0.0,22.4,30,Ecarquilles,Stable,Fermee
10:53:19,697.59,NEUTRE,0.0,0.0,0.0,22.4,10,Ecarquilles,Stable,Fermee
10:53:19,697.74,NEUTRE,0.0,0.0,0.0,22.4,7,Ecarquilles,Stable,Fermee
10:53:19,697.77,NEUTRE,0.0,0.0,0.0,22.5,31,Ecarquilles,Stable,Fermee
10:53:19,697.86,NEUTRE,0.0,0.0,0.0,22.5,10,Ecarquilles,Stable,Fermee
10:53:20,698.0,NEUTRE,0.0,0.0,0.0,22.5,7,Ecarquilles,Stable,Fermee
10:53:20,698.03,NEUTRE,0.0,0.0,0.0,22.5,31,Ecarquilles,Stable,Fermee
10:53:20,698.14,NEUTRE,0.0,0.0,0.0,22.5,9,Ecarquilles,Stable,Fermee
10:53:20,698.21,NEUTRE,0.0,0.0,0.0,22.5,13,Ecarquilles,Stable,Fermee
10:53:20,698.25,NEUTRE,0.0,0.0,0.0,22.5,30,Ecarquilles,Stable,Fermee
10:53:20,698.33,NEUTRE,0.0,0.0,0.0,22.5,11,Ecarquilles,Stable,Fermee
10:53:20,698.46,NEUTRE,0.0,0.0,0.0,22.5,7,Neutre,Stable,Fermee
10:53:20,698.49,NEUTRE,0.0,0.0,0.0,22.5,31,Neutre,Stable,Fermee
10:53:20,698.59,NEUTRE,0.0,0.0,0.0,22.5,11,Neutre,Stable,Fermee
10:53:20,698.72,NEUTRE,0.0,0.0,0.0,22.5,7,Neutre,Stable,Fermee
10:53:20,698.75,NEUTRE,0.0,0.0,0.0,22.5,31,Neutre,Stable,Fermee
10:53:20,698.84,NEUTRE,0.0,0.0,0.0,22.5,10,Ecarquilles,Stable,Fermee
10:53:21,699.0,NEUTRE,0.0,0.0,0.0,22.5,6,Ecarquilles,Stable,Fermee
10:53:21,699.03,NEUTRE,0.0,0.0,0.0,22.5,33,Ecarquilles,Stable,Fermee
10:53:21,699.06,NEUTRE,0.0,0.0,0.0,22.5,30,Ecarquilles,Stable,Fermee
10:53:21,699.2,NEUTRE,0.0,0.0,0.0,22.5,7,Neutre,Stable,Fermee
10:53:21,699.24,NEUTRE,0.0,0.0,0.0,22.5,27,Plisses,Stable,Fermee
10:53:21,699.33,NEUTRE,0.0,0.0,0.0,22.5,10,Ecarquilles,Stable,Fermee
10:53:21,699.48,NEUTRE,0.0,0.0,0.0,22.5,6,Ecarquilles,Stable,Fermee
10:53:21,699.51,NEUTRE,0.0,0.0,0.0,22.5,31,Ecarquilles,Stable,Fermee
10:53:21,699.6,NEUTRE,-6.0,-6.0,0.0,22.5,10,Ecarquilles,Fronces,Fermee
10:53:21,699.75,NEUTRE,0.0,0.0,0.0,22.5,6,Ecarquilles,Stable,Fermee
10:53:21,699.78,NEUTRE,0.0,0.0,0.0,22.5,32,Ecarquilles,Stable,Fermee
10:53:21,699.88,NEUTRE,0.0,0.0,0.0,22.5,9,Ecarquilles,Stable,Fermee
10:53:22,700.02,NEUTRE,0.0,0.0,0.0,22.5,7,Ecarquilles,Stable,Fermee
10:53:22,700.05,NEUTRE,0.0,0.0,0.0,22.5,30,Ecarquilles,Stable,Fermee
10:53:22,700.15,NEUTRE,0.0,0.0,0.0,22.5,10,Ecarquilles,Stable,Fermee
10:53:22,700.28,NEUTRE,0.0,0.0,0.0,22.5,7,Ecarquilles,Stable,Fermee
10:53:22,700.31,NEUTRE,0.0,0.0,0.0,22.5,30,Ecarquilles,Stable,Fermee
10:53:22,700.4,NEUTRE,0.0,0.0,0.0,22.5,10,Ecarquilles,Stable,Fermee
10:53:22,700.54,NEUTRE,0.0,0.0,0.0,22.5,7,Ecarquilles,Stable,Fermee
10:53:22,700.58,NEUTRE,0.0,0.0,0.0,22.5,30,Ecarquilles,Stable,Fermee
10:53:22,700.67,NEUTRE,0.0,0.0,0.0,22.5,10,Ecarquilles,Stable,Fermee
10:53:22,700.81,NEUTRE,0.0,0.0,0.0,22.5,7,Ecarquilles,Stable,Fermee
10:53:22,700.84,NEUTRE,0.0,0.0,0.0,22.5,30,Ecarquilles,Stable,Fermee
10:53:23,700.94,NEUTRE,0.0,0.0,0.0,22.5,10,Ecarquilles,Stable,Fermee
10:53:23,701.06,NEUTRE,0.0,0.0,0.0,22.5,7,Ecarquilles,Stable,Fermee
10:53:23,701.1,NEUTRE,0.0,0.0,0.0,22.5,30,Ecarquilles,Stable,Fermee
10:53:23,701.2,NEUTRE,0.0,0.0,0.0,22.5,10,Ecarquilles,Stable,Fermee
10:53:23,701.33,NEUTRE,0.0,0.0,0.0,22.5,7,Ecarquilles,Stable,Fermee
10:53:23,701.36,NEUTRE,0.0,0.0,0.0,22.5,29,Ecarquilles,Stable,Fermee
10:53:23,701.45,NEUTRE,0.0,0.0,0.0,22.5,11,Ecarquilles,Stable,Fermee
10:53:23,701.59,NEUTRE,0.0,0.0,0.0,22.5,7,Ecarquilles,Stable,Fermee
10:53:23,701.62,NEUTRE,0.0,0.0,0.0,22.5,30,Neutre,Stable,Fermee
10:53:23,701.72,NEUTRE,-6.0,-6.0,0.0,22.5,10,Ecarquilles,Fronces,Fermee
10:53:23,701.86,NEUTRE,-6.0,-6.0,0.0,22.5,7,Ecarquilles,Fronces,Fermee
10:53:24,701.89,NEUTRE,-6.0,-6.0,0.0,22.5,30,Ecarquilles,Fronces,Fermee
10:53:24,701.99,NEUTRE,0.0,0.0,0.0,22.5,10,Ecarquilles,Stable,Fermee
10:53:24,702.12,NEUTRE,0.0,0.0,0.0,22.5,7,Ecarquilles,Stable,Fermee
10:53:24,702.15,NEUTRE,0.0,0.0,0.0,22.5,30,Ecarquilles,Stable,Fermee
10:53:24,702.25,NEUTRE,0.0,0.0,0.0,22.5,10,Ecarquilles,Stable,Fermee
10:53:24,702.39,NEUTRE,0.0,0.0,0.0,22.5,7,Ecarquilles,Stable,Fermee
10:53:24,702.42,NEUTRE,0.0,0.0,0.0,22.5,31,Ecarquilles,Stable,Fermee
10:53:24,702.64,NEUTRE,-6.0,-6.0,0.0,22.5,4,Ecarquilles,Fronces,Fermee
10:53:24,702.71,NEUTRE,0.0,0.0,0.0,22.5,14,Ecarquilles,Stable,Fermee
10:53:24,702.74,NEUTRE,0.0,0.0,0.0,22.5,31,Ecarquilles,Stable,Fermee
10:53:24,702.78,NEUTRE,0.0,0.0,0.0,22.5,30,Ecarquilles,Stable,Fermee
10:53:24,702.85,NEUTRE,0.0,0.0,0.0,22.5,13,Ecarquilles,Stable,Fermee
10:53:24,702.88,NEUTRE,0.0,0.0,0.0,22.5,31,Ecarquilles,Stable,Fermee
10:53:25,702.92,NEUTRE,0.0,0.0,0.0,22.5,30,Ecarquilles,Stable,Fermee
10:53:25,702.99,NEUTRE,0.0,0.0,0.0,22.5,13,Ecarquilles,Stable,Fermee
10:53:25,703.02,NEUTRE,0.0,0.0,0.0,22.5,28,Ecarquilles,Stable,Fermee
10:53:25,703.34,NEUTRE,0.0,0.0,0.0,22.5,3,Ecarquilles,Stable,Fermee
10:53:26,704.38,NEUTRE,0.0,0.0,0.0,22.5,0,Ecarquilles,Stable,Fermee
10:53:27,705.35,NEUTRE,-6.0,-6.0,0.0,22.5,1,Ecarquilles,Fronces,Fermee
10:53:27,705.73,NEUTRE,0.0,0.0,0.0,22.5,2,Ecarquilles,Stable,Fermee
10:53:27,705.79,NEUTRE,0.0,0.0,0.0,22.5,15,Plisses,Stable,Fermee
10:53:27,705.82,NEUTRE,0.0,0.0,0.0,22.5,35,Plisses,Stable,Fermee
10:53:28,705.91,NEUTRE,0.0,0.0,0.0,22.5,10,Neutre,Stable,Fermee
10:53:28,706.05,NEUTRE,0.0,0.0,0.0,22.5,7,Ecarquilles,Stable,Fermee
10:53:28,706.08,NEUTRE,0.0,0.0,0.0,22.5,29,Ecarquilles,Stable,Fermee
10:53:28,706.18,NEUTRE,0.0,0.0,0.0,22.5,10,Ecarquilles,Stable,Fermee
10:53:28,706.32,NEUTRE,0.0,0.0,0.0,22.5,7,Ecarquilles,Stable,Fermee
10:53:28,706.36,NEUTRE,0.0,0.0,0.0,22.5,23,Ecarquilles,Stable,Fermee
10:53:28,706.45,NEUTRE,0.0,0.0,0.0,22.5,11,Ecarquilles,Stable,Fermee
10:53:28,706.58,NEUTRE,0.0,0.0,0.0,22.5,7,Ecarquilles,Stable,Fermee
10:53:28,706.61,NEUTRE,0.0,0.0,0.0,22.5,32,Ecarquilles,Stable,Fermee
10:53:28,706.7,NEUTRE,0.0,0.0,0.0,22.5,11,Ecarquilles,Stable,Fermee
10:53:28,706.83,NEUTRE,0.0,0.0,0.0,22.5,7,Ecarquilles,Stable,Fermee
10:53:28,706.86,NEUTRE,0.0,0.0,0.0,22.5,31,Neutre,Stable,Fermee
10:53:29,706.95,NEUTRE,0.0,0.0,0.0,22.5,11,Neutre,Stable,Fermee
10:53:29,707.08,NEUTRE,0.0,0.0,0.0,22.5,7,Neutre,Stable,Fermee
10:53:29,707.11,NEUTRE,0.0,0.0,0.0,22.5,30,Neutre,Stable,Fermee
10:53:29,707.21,NEUTRE,0.0,0.0,0.0,22.5,9,Neutre,Stable,Fermee
10:53:29,707.35,NEUTRE,0.0,0.0,0.0,22.5,6,Ecarquilles,Stable,Fermee
10:53:29,707.39,NEUTRE,0.0,0.0,0.0,22.5,28,Neutre,Stable,Fermee
10:53:29,707.48,NEUTRE,0.0,0.0,0.0,22.5,10,Ecarquilles,Stable,Fermee
10:53:29,707.65,NEUTRE,0.0,0.0,0.0,22.5,6,Ecarquilles,Stable,Fermee
10:53:29,707.68,NEUTRE,0.0,0.0,0.0,22.5,30,Ecarquilles,Stable,Fermee
10:53:29,707.71,NEUTRE,0.0,0.0,0.0,22.5,30,Ecarquilles,Stable,Fermee
10:53:29,707.79,NEUTRE,0.0,0.0,0.0,22.5,13,Ecarquilles,Stable,Fermee
10:53:29,707.82,NEUTRE,0.0,0.0,0.0,22.5,29,Ecarquilles,Stable,Fermee
10:53:30,707.91,NEUTRE,0.0,0.0,0.0,22.5,11,Ecarquilles,Stable,Fermee
10:53:30,708.04,NEUTRE,0.0,0.0,0.0,22.5,7,Ecarquilles,Stable,Fermee
10:53:30,708.08,NEUTRE,0.0,0.0,0.0,22.5,29,Ecarquilles,Stable,Fermee
10:53:30,708.17,NEUTRE,0.0,0.0,0.0,22.5,10,Ecarquilles,Stable,Fermee
10:53:30,708.31,NEUTRE,0.0,0.0,0.0,22.5,6,Ecarquilles,Stable,Fermee
10:53:30,708.34,NEUTRE,0.0,0.0,0.0,22.5,30,Ecarquilles,Stable,Fermee
10:53:30,708.44,NEUTRE,0.0,0.0,0.0,22.5,10,Ecarquilles,Stable,Fermee
10:53:30,708.58,NEUTRE,0.0,0.0,0.0,22.5,7,Ecarquilles,Stable,Fermee
10:53:30,708.61,NEUTRE,0.0,0.0,0.0,22.5,31,Ecarquilles,Stable,Fermee
10:53:30,708.71,NEUTRE,0.0,0.0,0.0,22.5,10,Ecarquilles,Stable,Fermee
10:53:30,708.84,NEUTRE,0.0,0.0,0.0,22.5,7,Ecarquilles,Stable,Fermee
10:53:30,708.87,NEUTRE,0.0,0.0,0.0,22.5,29,Ecarquilles,Stable,Fermee
10:53:31,708.97,NEUTRE,0.0,0.0,0.0,22.5,10,Ecarquilles,Stable,Fermee
10:53:31,709.11,NEUTRE,0.0,0.0,0.0,22.5,7,Ecarquilles,Stable,Fermee
10:53:31,709.14,NEUTRE,0.0,0.0,0.0,22.5,31,Ecarquilles,Stable,Fermee
10:53:31,709.24,NEUTRE,0.0,0.0,0.0,22.5,10,Neutre,Stable,Fermee
10:53:31,709.37,NEUTRE,0.0,0.0,0.0,22.5,7,Neutre,Stable,Fermee
10:53:31,709.4,NEUTRE,0.0,0.0,0.0,22.5,31,Neutre,Stable,Fermee
10:53:31,709.52,NEUTRE,0.0,0.0,0.0,22.5,8,Ecarquilles,Stable,Fermee
10:53:33,711.89,NEUTRE,0.0,0.0,0.0,22.5,0,Plisses,Stable,Fermee
10:53:34,711.92,NEUTRE,-6.0,-6.0,0.0,22.5,33,Ecarquilles,Fronces,Fermee
10:53:34,711.95,NEUTRE,0.0,0.0,0.0,22.5,32,Ecarquilles,Stable,Fermee
10:53:34,712.02,NEUTRE,0.0,0.0,0.0,22.5,14,Ecarquilles,Stable,Fermee
10:53:34,712.05,NEUTRE,0.0,0.0,0.0,22.5,33,Ecarquilles,Stable,Fermee
10:53:34,712.08,NEUTRE,0.0,0.0,0.0,22.5,32,Ecarquilles,Stable,Fermee
10:53:34,712.15,NEUTRE,0.0,0.0,0.0,22.5,14,Ecarquilles,Stable,Fermee
10:53:34,712.18,NEUTRE,0.0,0.0,0.0,22.5,33,Ecarquilles,Stable,Fermee
10:53:34,712.21,NEUTRE,0.0,0.0,0.0,22.5,33,Ecarquilles,Stable,Fermee
10:53:34,712.28,NEUTRE,0.0,0.0,0.0,22.5,14,Ecarquilles,Stable,Fermee
10:53:34,712.31,NEUTRE,0.0,0.0,0.0,22.5,33,Ecarquilles,Stable,Fermee
10:53:34,712.34,NEUTRE,0.0,0.0,0.0,22.5,31,Ecarquilles,Stable,Fermee
10:53:34,712.43,NEUTRE,0.0,0.0,0.0,22.5,11,Ecarquilles,Stable,Fermee
10:53:34,712.47,NEUTRE,0.0,0.0,0.0,22.5,22,Neutre,Stable,Fermee
10:53:34,712.51,NEUTRE,0.0,0.0,0.0,22.5,28,Ecarquilles,Stable,Fermee
10:53:34,712.59,NEUTRE,0.0,0.0,0.0,22.5,12,Neutre,Stable,Fermee
10:53:34,712.62,NEUTRE,0.0,0.0,0.0,22.5,29,Neutre,Stable,Fermee
10:53:34,712.65,NEUTRE,0.0,0.0,0.0,22.5,30,Ecarquilles,Stable,Fermee
10:53:34,712.73,NEUTRE,0.0,0.0,0.0,22.5,13,Ecarquilles,Stable,Fermee
10:53:34,712.76,NEUTRE,0.0,0.0,0.0,22.5,31,Ecarquilles,Stable,Fermee
10:53:34,712.79,NEUTRE,-6.0,-6.0,0.0,22.5,30,Ecarquilles,Fronces,Fermee
10:53:34,712.87,NEUTRE,0.0,0.0,0.0,22.5,13,Ecarquilles,Stable,Fermee
10:53:35,712.9,NEUTRE,-6.0,-6.0,0.0,22.5,31,Ecarquilles,Fronces,Fermee
10:53:35,713.06,NEUTRE,0.0,0.0,0.0,22.5,6,Ecarquilles,Stable,Fermee
10:53:35,713.13,NEUTRE,0.0,0.0,0.0,22.5,13,Ecarquilles,Stable,Fermee
10:53:35,713.16,NEUTRE,-6.0,-6.0,0.0,22.5,32,Ecarquilles,Fronces,Fermee
10:53:35,713.19,NEUTRE,0.0,0.0,0.0,22.5,32,Ecarquilles,Stable,Fermee
10:53:35,713.27,NEUTRE,0.0,0.0,0.0,22.5,13,Ecarquilles,Stable,Fermee
10:53:35,713.3,NEUTRE,0.0,0.0,0.0,22.5,32,Ecarquilles,Stable,Fermee
10:53:35,713.33,NEUTRE,-6.0,-6.0,0.0,22.5,33,Ecarquilles,Fronces,Fermee
10:53:35,713.4,NEUTRE,-6.0,-6.0,0.0,22.5,13,Ecarquilles,Fronces,Fermee
10:53:35,713.44,NEUTRE,-6.0,-6.0,0.0,22.5,27,Ecarquilles,Fronces,Fermee
10:53:35,713.47,NEUTRE,-6.0,-6.0,0.0,22.5,26,Ecarquilles,Fronces,Fermee
10:53:35,713.54,NEUTRE,-6.0,-6.0,0.0,22.5,14,Ecarquilles,Fronces,Fermee
10:53:35,713.58,INCONFORT,-6.0,-6.0,0.0,22.4,30,Ecarquilles,Fronces,Fermee
10:53:35,713.61,NEUTRE,0.0,0.0,0.0,22.4,32,Ecarquilles,Stable,Fermee
10:53:35,713.68,NEUTRE,0.0,0.0,0.0,22.4,13,Ecarquilles,Stable,Fermee
10:53:35,713.71,NEUTRE,0.0,0.0,0.0,22.4,30,Neutre,Stable,Fermee
10:53:36,714.35,NEUTRE,0.0,0.0,0.0,22.4,1,Ecarquilles,Stable,Fermee
10:53:37,715.38,NEUTRE,0.0,0.0,0.0,22.4,0,Ecarquilles,Stable,Fermee
10:53:38,716.35,NEUTRE,0.0,0.0,0.0,22.4,1,Ecarquilles,Releves,Fermee
10:53:39,717.35,NEUTRE,0.0,0.0,0.0,22.4,1,Plisses,Releves,Fermee
10:53:40,718.41,NEUTRE,0.0,0.0,0.0,22.4,0,Ecarquilles,Stable,Fermee
10:53:41,719.35,NEUTRE,-4.0,-4.0,0.0,22.4,1,Neutre,Releves,Grimace / Tension
10:53:42,720.36,NEUTRE,0.0,0.0,0.0,22.4,0,Ecarquilles,Stable,Parle
10:53:43,721.39,NEUTRE,0.0,0.0,0.0,22.4,0,Neutre,Stable,Fermee
10:53:44,722.35,NEUTRE,0.0,0.0,0.0,22.4,1,Ecarquilles,Stable,Parle
10:53:45,723.34,NEUTRE,5.0,5.0,0.0,22.4,1,Plisses,Releves,Sourire leger
10:53:46,724.39,NEUTRE,0.0,0.0,0.0,22.4,0,Neutre,Stable,Parle
10:53:47,725.35,NEUTRE,0.0,0.0,0.0,22.4,1,Neutre,Stable,Fermee
10:53:48,726.34,INCONFORT,-5.0,-5.0,0.0,22.3,1,Plisses,Releves,Baillement
10:53:49,727.42,NEUTRE,0.0,0.0,0.0,22.3,0,Neutre,Stable,Fermee
10:53:50,728.35,NEUTRE,0.0,0.0,0.0,22.3,1,Ecarquilles,Stable,Fermee
10:53:51,729.35,NEUTRE,0.0,0.0,0.0,22.4,1,Neutre,Stable,Fermee
10:53:52,730.39,NEUTRE,0.0,0.0,0.0,22.4,0,Neutre,Stable,Fermee
10:53:53,731.35,NEUTRE,0.0,0.0,0.0,22.4,1,Neutre,Stable,Fermee
10:53:54,732.36,NEUTRE,0.0,0.0,0.0,22.4,0,Ecarquilles,Stable,Fermee
10:53:55,733.39,NEUTRE,0.0,0.0,0.0,22.4,0,Ecarquilles,Stable,Fermee
10:53:56,734.34,NEUTRE,0.0,0.0,0.0,22.4,1,Ecarquilles,Stable,Fermee
10:53:57,735.34,NEUTRE,0.0,0.0,0.0,22.4,0,Plisses,Releves,Fermee
10:53:58,736.37,NEUTRE,0.0,0.0,0.0,22.4,0,Ecarquilles,Stable,Fermee
10:53:59,737.35,NEUTRE,0.0,0.0,0.0,22.4,1,Ecarquilles,Stable,Fermee
10:54:00,738.34,NEUTRE,0.0,0.0,0.0,22.4,1,Ecarquilles,Stable,Fermee
10:54:01,739.39,NEUTRE,0.0,0.0,0.0,22.4,0,Ecarquilles,Stable,Fermee
10:54:02,740.35,NEUTRE,0.0,0.0,0.0,22.4,1,Neutre,Stable,Fermee
10:54:03,741.37,NEUTRE,0.0,0.0,0.0,22.4,0,Neutre,Stable,Fermee
10:54:04,742.39,NEUTRE,0.0,0.0,0.0,22.4,0,Plisses,Releves,Fermee
10:54:05,743.35,NEUTRE,0.0,0.0,0.0,22.4,1,Ecarquilles,Stable,Fermee
10:54:06,744.34,NEUTRE,0.0,0.0,0.0,22.4,1,Ecarquilles,Stable,Fermee
10:54:07,745.38,NEUTRE,0.0,0.0,0.0,22.4,0,Ecarquilles,Stable,Fermee
10:54:08,746.35,NEUTRE,0.0,0.0,0.0,22.4,1,Ecarquilles,Stable,Fermee
10:54:09,747.33,NEUTRE,0.0,0.0,0.0,22.4,1,Plisses,Releves,Fermee
10:54:10,748.37,NEUTRE,0.0,0.0,0.0,22.4,0,Plisses,Releves,Fermee
10:54:11,749.34,NEUTRE,-6.0,-6.0,0.0,22.4,1,Ecarquilles,Fronces,Fermee
10:54:12,750.34,NEUTRE,0.0,0.0,0.0,22.4,0,Neutre,Stable,Fermee
10:54:13,751.39,NEUTRE,0.0,0.0,0.0,22.4,0,Neutre,Stable,Fermee
10:54:14,752.35,NEUTRE,0.0,0.0,0.0,22.4,1,Ecarquilles,Stable,Fermee
10:54:14,752.66,NEUTRE,0.0,0.0,0.0,22.4,3,Ecarquilles,Stable,Fermee
10:54:14,752.73,NEUTRE,0.0,0.0,0.0,22.4,12,Neutre,Stable,Fermee
10:54:14,752.78,NEUTRE,0.0,0.0,0.0,22.4,21,Plisses,Releves,Fermee
10:54:14,752.88,NEUTRE,0.0,0.0,0.0,22.4,9,Plisses,Releves,Fermee
10:54:15,753.02,NEUTRE,0.0,0.0,0.0,22.4,6,Neutre,Stable,Fermee
10:54:15,753.06,NEUTRE,0.0,0.0,0.0,22.4,32,Neutre,Stable,Fermee
10:54:15,753.15,NEUTRE,0.0,0.0,0.0,22.4,10,Ecarquilles,Stable,Fermee
10:54:15,753.29,NEUTRE,0.0,0.0,0.0,22.4,7,Ecarquilles,Stable,Fermee
10:54:15,753.32,NEUTRE,0.0,0.0,0.0,22.4,32,Ecarquilles,Stable,Fermee
10:54:15,753.42,NEUTRE,0.0,0.0,0.0,22.4,10,Ecarquilles,Stable,Fermee
10:54:15,753.56,NEUTRE,0.0,0.0,0.0,22.4,7,Ecarquilles,Stable,Fermee
10:54:15,753.59,NEUTRE,0.0,0.0,0.0,22.4,31,Ecarquilles,Stable,Fermee
10:54:15,753.68,NEUTRE,0.0,0.0,0.0,22.4,11,Ecarquilles,Stable,Fermee
10:54:15,753.81,NEUTRE,0.0,0.0,0.0,22.4,7,Ecarquilles,Stable,Fermee
10:54:15,753.84,NEUTRE,0.0,0.0,0.0,22.4,31,Ecarquilles,Stable,Fermee
10:54:16,753.93,NEUTRE,0.0,0.0,0.0,22.4,10,Ecarquilles,Stable,Fermee
10:54:16,754.07,NEUTRE,0.0,0.0,0.0,22.4,7,Ecarquilles,Stable,Fermee
10:54:16,754.1,NEUTRE,0.0,0.0,0.0,22.4,32,Ecarquilles,Stable,Fermee
10:54:16,754.2,NEUTRE,0.0,0.0,0.0,22.4,10,Ecarquilles,Stable,Fermee
10:54:16,754.33,NEUTRE,0.0,0.0,0.0,22.4,7,Ecarquilles,Stable,Fermee
10:54:16,754.36,NEUTRE,0.0,0.0,0.0,22.4,29,Ecarquilles,Stable,Fermee
10:54:16,754.45,NEUTRE,0.0,0.0,0.0,22.4,10,Ecarquilles,Stable,Fermee
10:54:16,754.58,NEUTRE,0.0,0.0,0.0,22.4,7,Ecarquilles,Stable,Fermee
10:54:16,754.61,NEUTRE,0.0,0.0,0.0,22.4,30,Neutre,Stable,Fermee
10:54:16,754.71,NEUTRE,0.0,0.0,0.0,22.4,10,Plisses,Releves,Fermee
10:54:16,754.84,NEUTRE,0.0,0.0,0.0,22.4,7,Neutre,Stable,Fermee
10:54:16,754.87,NEUTRE,0.0,0.0,0.0,22.4,31,Neutre,Stable,Fermee
10:54:17,754.97,NEUTRE,0.0,0.0,0.0,22.4,10,Neutre,Stable,Fermee
10:54:17,755.25,NEUTRE,0.0,0.0,0.0,22.4,3,Neutre,Stable,Fermee
10:54:17,755.28,NEUTRE,0.0,0.0,0.0,22.4,32,Neutre,Stable,Fermee
10:54:17,755.32,NEUTRE,0.0,0.0,0.0,22.5,31,Neutre,Stable,Fermee
10:54:17,755.42,NEUTRE,0.0,0.0,0.0,22.5,9,Neutre,Stable,Fermee
10:54:17,755.45,NEUTRE,0.0,0.0,0.0,22.5,30,Neutre,Stable,Fermee
10:54:17,755.49,NEUTRE,0.0,0.0,0.0,22.5,31,Neutre,Stable,Fermee
10:54:17,755.56,NEUTRE,0.0,0.0,0.0,22.5,13,Neutre,Stable,Fermee
10:54:17,755.59,NEUTRE,0.0,0.0,0.0,22.5,29,Neutre,Stable,Fermee
10:54:17,755.62,NEUTRE,0.0,0.0,0.0,22.5,32,Neutre,Stable,Fermee
10:54:17,755.7,NEUTRE,0.0,0.0,0.0,22.5,13,Neutre,Stable,Fermee
10:54:17,755.73,NEUTRE,0.0,0.0,0.0,22.5,30,Neutre,Stable,Fermee
10:54:17,755.82,NEUTRE,0.0,0.0,0.0,22.5,11,Ecarquilles,Stable,Fermee
10:54:18,755.96,NEUTRE,0.0,0.0,0.0,22.5,7,Ecarquilles,Stable,Fermee
10:54:18,755.99,NEUTRE,0.0,0.0,0.0,22.5,31,Ecarquilles,Stable,Fermee
10:54:18,756.08,NEUTRE,0.0,0.0,0.0,22.5,10,Neutre,Stable,Fermee
10:54:18,756.21,NEUTRE,0.0,0.0,0.0,22.5,7,Plisses,Releves,Fermee
10:54:18,756.25,NEUTRE,0.0,0.0,0.0,22.5,30,Plisses,Releves,Fermee
10:54:18,756.34,NEUTRE,0.0,0.0,0.0,22.5,10,Neutre,Stable,Fermee
10:54:18,756.48,NEUTRE,0.0,0.0,0.0,22.5,7,Ecarquilles,Stable,Fermee
10:54:18,756.51,NEUTRE,0.0,0.0,0.0,22.5,29,Neutre,Stable,Fermee
10:54:18,756.61,NEUTRE,0.0,0.0,0.0,22.5,10,Ecarquilles,Stable,Fermee
10:54:18,756.74,NEUTRE,0.0,0.0,0.0,22.5,7,Ecarquilles,Stable,Fermee
10:54:18,756.77,NEUTRE,0.0,0.0,0.0,22.5,32,Ecarquilles,Stable,Fermee
10:54:18,756.86,NEUTRE,0.0,0.0,0.0,22.5,11,Ecarquilles,Stable,Fermee
10:54:19,756.99,NEUTRE,0.0,0.0,0.0,22.5,7,Ecarquilles,Stable,Fermee
10:54:19,757.03,NEUTRE,0.0,0.0,0.0,22.5,30,Ecarquilles,Stable,Fermee
10:54:19,757.12,NEUTRE,0.0,0.0,0.0,22.5,11,Ecarquilles,Stable,Fermee
10:54:19,757.25,NEUTRE,0.0,0.0,0.0,22.5,7,Ecarquilles,Stable,Fermee
10:54:19,757.28,NEUTRE,0.0,0.0,0.0,22.5,31,Ecarquilles,Stable,Fermee
10:54:19,757.37,NEUTRE,0.0,0.0,0.0,22.5,11,Ecarquilles,Stable,Fermee
10:54:19,757.51,NEUTRE,0.0,0.0,0.0,22.5,7,Ecarquilles,Stable,Fermee
10:54:19,757.54,NEUTRE,0.0,0.0,0.0,22.5,32,Ecarquilles,Stable,Fermee
10:54:19,757.63,NEUTRE,0.0,0.0,0.0,22.5,10,Ecarquilles,Stable,Fermee
10:54:19,757.77,NEUTRE,0.0,0.0,0.0,22.5,7,Neutre,Stable,Fermee
10:54:19,757.81,NEUTRE,0.0,0.0,0.0,22.5,31,Plisses,Releves,Fermee
10:54:20,757.9,NEUTRE,0.0,0.0,0.0,22.5,10,Neutre,Stable,Fermee
10:54:20,758.04,NEUTRE,0.0,0.0,0.0,22.5,7,Neutre,Stable,Fermee
10:54:20,758.07,NEUTRE,0.0,0.0,0.0,22.5,30,Neutre,Stable,Fermee
10:54:20,758.17,NEUTRE,0.0,0.0,0.0,22.5,10,Ecarquilles,Stable,Fermee
10:54:20,758.31,NEUTRE,0.0,0.0,0.0,22.5,7,Neutre,Stable,Fermee
10:54:20,758.34,NEUTRE,0.0,0.0,0.0,22.5,29,Ecarquilles,Stable,Fermee
10:54:20,758.43,NEUTRE,0.0,0.0,0.0,22.5,10,Ecarquilles,Stable,Fermee
10:54:20,758.57,NEUTRE,0.0,0.0,0.0,22.5,7,Ecarquilles,Stable,Fermee
10:54:20,758.6,NEUTRE,0.0,0.0,0.0,22.5,31,Ecarquilles,Stable,Fermee
10:54:20,758.7,NEUTRE,0.0,0.0,0.0,22.5,10,Ecarquilles,Stable,Fermee
10:54:20,758.84,NEUTRE,0.0,0.0,0.0,22.5,7,Ecarquilles,Stable,Fermee
10:54:20,758.87,NEUTRE,0.0,0.0,0.0,22.5,29,Plisses,Stable,Fermee
10:54:21,758.96,NEUTRE,0.0,0.0,0.0,22.5,10,Plisses,Stable,Fermee
10:54:21,759.09,NEUTRE,0.0,0.0,0.0,22.5,7,Neutre,Stable,Fermee
10:54:21,759.13,NEUTRE,0.0,0.0,0.0,22.5,29,Neutre,Stable,Fermee
10:54:21,759.22,NEUTRE,0.0,0.0,0.0,22.5,10,Ecarquilles,Stable,Fermee
10:54:21,759.36,NEUTRE,0.0,0.0,0.0,22.5,7,Ecarquilles,Stable,Fermee
10:54:21,759.39,NEUTRE,0.0,0.0,0.0,22.5,30,Ecarquilles,Stable,Fermee
10:54:21,759.49,NEUTRE,0.0,0.0,0.0,22.5,10,Neutre,Stable,Fermee
10:54:21,759.63,NEUTRE,0.0,0.0,0.0,22.5,6,Ecarquilles,Stable,Fermee
10:54:21,759.66,NEUTRE,0.0,0.0,0.0,22.5,33,Ecarquilles,Stable,Fermee
10:54:21,759.75,NEUTRE,0.0,0.0,0.0,22.5,10,Ecarquilles,Stable,Fermee
10:54:21,759.89,NEUTRE,0.0,0.0,0.0,22.5,7,Neutre,Stable,Fermee
10:54:22,759.92,NEUTRE,0.0,0.0,0.0,22.5,30,Ecarquilles,Stable,Fermee
10:54:22,760.02,NEUTRE,0.0,0.0,0.0,22.5,10,Neutre,Stable,Fermee
10:54:22,760.16,NEUTRE,0.0,0.0,0.0,22.5,6,Ecarquilles,Stable,Fermee
10:54:22,760.19,NEUTRE,0.0,0.0,0.0,22.5,30,Ecarquilles,Stable,Fermee
10:54:22,760.28,NEUTRE,0.0,0.0,0.0,22.5,11,Ecarquilles,Stable,Fermee
10:54:22,760.43,NEUTRE,0.0,0.0,0.0,22.5,7,Ecarquilles,Stable,Fermee
10:54:22,760.46,NEUTRE,0.0,0.0,0.0,22.5,29,Ecarquilles,Stable,Fermee
10:54:22,760.56,NEUTRE,0.0,0.0,0.0,22.5,10,Ecarquilles,Stable,Fermee
10:54:22,760.69,NEUTRE,0.0,0.0,0.0,22.5,7,Ecarquilles,Stable,Fermee
10:54:22,760.72,NEUTRE,0.0,0.0,0.0,22.5,30,Ecarquilles,Stable,Fermee
10:54:22,760.82,NEUTRE,0.0,0.0,0.0,22.5,10,Ecarquilles,Stable,Fermee
10:54:23,760.95,NEUTRE,0.0,0.0,0.0,22.5,7,Ecarquilles,Stable,Fermee
10:54:23,760.99,NEUTRE,0.0,0.0,0.0,22.5,30,Ecarquilles,Stable,Fermee
10:54:23,761.08,NEUTRE,0.0,0.0,0.0,22.5,10,Ecarquilles,Stable,Fermee
10:54:23,761.22,NEUTRE,0.0,0.0,0.0,22.5,6,Ecarquilles,Stable,Fermee
10:54:23,761.26,NEUTRE,0.0,0.0,0.0,22.5,30,Ecarquilles,Stable,Fermee
10:54:23,761.35,NEUTRE,0.0,0.0,0.0,22.5,10,Plisses,Stable,Fermee
10:54:23,761.49,NEUTRE,0.0,0.0,0.0,22.5,7,Neutre,Stable,Fermee
10:54:23,761.52,NEUTRE,0.0,0.0,0.0,22.5,31,Neutre,Stable,Fermee
10:54:23,761.62,NEUTRE,0.0,0.0,0.0,22.5,10,Neutre,Stable,Fermee
10:54:23,761.76,NEUTRE,0.0,0.0,0.0,22.5,7,Neutre,Stable,Fermee
10:54:23,761.79,NEUTRE,0.0,0.0,0.0,22.5,29,Ecarquilles,Stable,Fermee
10:54:23,761.89,NEUTRE,0.0,0.0,0.0,22.5,10,Ecarquilles,Stable,Fermee
10:54:24,762.02,NEUTRE,0.0,0.0,0.0,22.5,7,Ecarquilles,Stable,Fermee
10:54:24,762.2,NEUTRE,0.0,0.0,0.0,22.5,5,Neutre,Stable,Fermee
10:54:24,762.23,NEUTRE,0.0,0.0,0.0,22.5,31,Neutre,Stable,Fermee
10:54:24,762.3,NEUTRE,0.0,0.0,0.0,22.5,14,Neutre,Stable,Fermee
10:54:24,762.33,NEUTRE,0.0,0.0,0.0,22.5,31,Ecarquilles,Stable,Fermee
10:54:24,762.36,NEUTRE,0.0,0.0,0.0,22.5,31,Ecarquilles,Stable,Fermee
10:54:24,762.44,NEUTRE,5.0,5.0,0.0,22.5,13,Ecarquilles,Stable,Sourire leger
10:54:24,762.47,NEUTRE,0.0,0.0,0.0,22.5,31,Ecarquilles,Stable,Fermee
10:54:24,762.5,NEUTRE,5.0,5.0,0.0,22.5,31,Ecarquilles,Stable,Sourire leger
10:54:24,762.64,NEUTRE,0.0,0.0,0.0,22.5,7,Ecarquilles,Stable,Fermee
10:54:24,762.67,NEUTRE,0.0,0.0,0.0,22.5,30,Ecarquilles,Stable,Fermee
10:54:24,762.77,NEUTRE,0.0,0.0,0.0,22.5,9,Ecarquilles,Stable,Fermee
10:54:25,762.9,NEUTRE,0.0,0.0,0.0,22.5,7,Ecarquilles,Stable,Fermee
10:54:25,762.94,NEUTRE,0.0,0.0,0.0,22.5,30,Neutre,Stable,Fermee
10:54:25,763.04,NEUTRE,0.0,0.0,0.0,22.5,10,Plisses,Releves,Fermee
10:54:25,763.17,NEUTRE,0.0,0.0,0.0,22.5,7,Neutre,Stable,Fermee
10:54:25,763.2,NEUTRE,0.0,0.0,0.0,22.5,31,Neutre,Stable,Fermee
10:54:25,763.3,NEUTRE,0.0,0.0,0.0,22.5,9,Neutre,Stable,Fermee
10:54:25,763.43,NEUTRE,0.0,0.0,0.0,22.5,7,Neutre,Stable,Fermee
10:54:25,763.46,NEUTRE,0.0,0.0,0.0,22.5,31,Neutre,Stable,Fermee
10:54:25,763.57,NEUTRE,0.0,0.0,0.0,22.5,9,Neutre,Stable,Fermee
10:54:25,763.64,NEUTRE,0.0,0.0,0.0,22.5,13,Neutre,Stable,Fermee
10:54:25,763.68,NEUTRE,0.0,0.0,0.0,22.5,30,Neutre,Stable,Fermee
10:54:25,763.77,NEUTRE,0.0,0.0,0.0,22.5,10,Neutre,Stable,Fermee
10:54:26,763.91,NEUTRE,0.0,0.0,0.0,22.5,7,Neutre,Stable,Fermee
10:54:26,763.94,NEUTRE,0.0,0.0,0.0,22.5,29,Neutre,Stable,Fermee
10:54:26,764.03,NEUTRE,0.0,0.0,0.0,22.5,11,Neutre,Stable,Fermee
10:54:26,764.17,NEUTRE,0.0,0.0,0.0,22.5,7,Ecarquilles,Stable,Fermee
10:54:26,764.21,NEUTRE,0.0,0.0,0.0,22.5,30,Neutre,Stable,Fermee
10:54:26,764.31,NEUTRE,0.0,0.0,0.0,22.5,9,Ecarquilles,Stable,Fermee
10:54:26,764.44,NEUTRE,0.0,0.0,0.0,22.5,7,Plisses,Stable,Fermee
10:54:26,764.47,NEUTRE,0.0,0.0,0.0,22.5,29,Plisses,Releves,Fermee
10:54:26,764.58,NEUTRE,0.0,0.0,0.0,22.5,9,Neutre,Stable,Fermee
10:54:26,764.66,NEUTRE,0.0,0.0,0.0,22.5,12,Neutre,Stable,Fermee
10:54:26,764.69,NEUTRE,0.0,0.0,0.0,22.5,29,Ecarquilles,Stable,Fermee
10:54:26,764.78,NEUTRE,0.0,0.0,0.0,22.5,11,Ecarquilles,Stable,Fermee
10:54:27,764.93,NEUTRE,0.0,0.0,0.0,22.5,7,Ecarquilles,Stable,Fermee
10:54:27,764.96,NEUTRE,0.0,0.0,0.0,22.5,30,Ecarquilles,Stable,Fermee
10:54:27,765.05,NEUTRE,0.0,0.0,0.0,22.5,10,Ecarquilles,Stable,Fermee
10:54:27,765.19,NEUTRE,0.0,0.0,0.0,22.5,7,Ecarquilles,Stable,Fermee
10:54:27,765.22,NEUTRE,0.0,0.0,0.0,22.5,30,Ecarquilles,Stable,Fermee
10:54:27,765.32,NEUTRE,0.0,0.0,0.0,22.5,10,Ecarquilles,Stable,Fermee
10:54:27,765.45,NEUTRE,0.0,0.0,0.0,22.5,7,Ecarquilles,Stable,Fermee
10:54:27,765.48,NEUTRE,0.0,0.0,0.0,22.5,30,Ecarquilles,Stable,Fermee
10:54:27,765.57,NEUTRE,0.0,0.0,0.0,22.5,10,Ecarquilles,Stable,Fermee
10:54:27,765.71,NEUTRE,0.0,0.0,0.0,22.5,7,Ecarquilles,Stable,Fermee
10:54:27,765.74,NEUTRE,0.0,0.0,0.0,22.5,31,Ecarquilles,Stable,Fermee
10:54:27,765.83,NEUTRE,0.0,0.0,0.0,22.5,11,Ecarquilles,Stable,Fermee
10:54:28,765.96,NEUTRE,0.0,0.0,0.0,22.5,7,Ecarquilles,Stable,Fermee
10:54:28,765.99,NEUTRE,0.0,0.0,0.0,22.5,32,Neutre,Stable,Fermee
10:54:28,766.1,NEUTRE,0.0,0.0,0.0,22.5,9,Plisses,Stable,Fermee
10:54:28,766.19,NEUTRE,0.0,0.0,0.0,22.5,11,Neutre,Stable,Fermee
10:54:28,766.22,NEUTRE,0.0,0.0,0.0,22.5,29,Neutre,Stable,Fermee
10:54:28,766.32,NEUTRE,0.0,0.0,0.0,22.5,10,Neutre,Stable,Fermee
10:54:28,766.46,NEUTRE,0.0,0.0,0.0,22.5,7,Neutre,Stable,Fermee
10:54:28,766.49,NEUTRE,0.0,0.0,0.0,22.5,31,Neutre,Stable,Fermee
10:54:28,766.58,NEUTRE,0.0,0.0,0.0,22.5,11,Ecarquilles,Stable,Fermee
10:54:28,766.72,NEUTRE,0.0,0.0,0.0,22.5,7,Neutre,Stable,Fermee
10:54:28,766.75,NEUTRE,0.0,0.0,0.0,22.5,31,Ecarquilles,Stable,Fermee
10:54:28,766.85,NEUTRE,0.0,0.0,0.0,22.5,9,Ecarquilles,Stable,Fermee
10:54:29,766.98,NEUTRE,0.0,0.0,0.0,22.5,7,Ecarquilles,Stable,Fermee
10:54:29,767.01,NEUTRE,0.0,0.0,0.0,22.5,31,Ecarquilles,Stable,Fermee
10:54:29,767.11,NEUTRE,0.0,0.0,0.0,22.5,9,Ecarquilles,Stable,Fermee
10:54:29,767.19,NEUTRE,0.0,0.0,0.0,22.5,12,Ecarquilles,Stable,Fermee
10:54:29,767.23,NEUTRE,0.0,0.0,0.0,22.5,30,Ecarquilles,Stable,Fermee
10:54:29,767.33,NEUTRE,0.0,0.0,0.0,22.5,9,Ecarquilles,Stable,Fermee
10:54:29,767.41,NEUTRE,0.0,0.0,0.0,22.5,12,Ecarquilles,Stable,Fermee
10:54:29,767.45,NEUTRE,0.0,0.0,0.0,22.5,31,Ecarquilles,Stable,Fermee
10:54:29,767.55,NEUTRE,-6.0,-6.0,0.0,22.5,9,Ecarquilles,Fronces,Fermee
10:54:29,767.63,NEUTRE,-6.0,-6.0,0.0,22.5,12,Ecarquilles,Fronces,Fermee
10:54:29,767.66,NEUTRE,0.0,0.0,0.0,22.5,30,Ecarquilles,Stable,Fermee
10:54:29,767.76,NEUTRE,0.0,0.0,0.0,22.5,9,Plisses,Releves,Fermee
10:54:29,767.84,NEUTRE,0.0,0.0,0.0,22.5,12,Plisses,Stable,Fermee
10:54:29,767.88,NEUTRE,0.0,0.0,0.0,22.5,30,Neutre,Stable,Fermee
10:54:30,767.97,NEUTRE,0.0,0.0,0.0,22.5,10,Ecarquilles,Stable,Fermee
10:54:30,768.1,NEUTRE,0.0,0.0,0.0,22.5,7,Ecarquilles,Stable,Fermee
10:54:30,768.14,NEUTRE,0.0,0.0,0.0,22.5,29,Ecarquilles,Stable,Fermee
10:54:30,768.23,NEUTRE,0.0,0.0,0.0,22.5,10,Ecarquilles,Stable,Fermee
10:54:30,768.37,NEUTRE,0.0,0.0,0.0,22.5,7,Ecarquilles,Stable,Fermee
10:54:30,768.4,NEUTRE,0.0,0.0,0.0,22.5,30,Ecarquilles,Stable,Fermee
10:54:30,768.5,NEUTRE,0.0,0.0,0.0,22.5,10,Ecarquilles,Stable,Fermee
10:54:30,768.64,NEUTRE,-6.0,-6.0,0.0,22.5,7,Ecarquilles,Fronces,Fermee
10:54:30,768.67,NEUTRE,-1.0,-1.0,0.0,22.5,32,Ecarquilles,Fronces,Sourire leger
10:54:30,768.77,NEUTRE,5.0,5.0,0.0,22.5,10,Ecarquilles,Stable,Sourire leger
10:54:31,768.9,NEUTRE,-1.0,-1.0,0.0,22.5,7,Ecarquilles,Fronces,Sourire leger
10:54:31,769.08,NEUTRE,-1.0,-1.0,0.0,22.5,5,Ecarquilles,Fronces,Sourire leger
10:54:31,769.11,NEUTRE,-1.0,-1.0,0.0,22.5,32,Ecarquilles,Fronces,Sourire leger
10:54:31,769.18,NEUTRE,-1.0,-1.0,0.0,22.5,13,Ecarquilles,Fronces,Sourire leger
10:54:31,769.22,NEUTRE,-1.0,-1.0,0.0,22.5,30,Ecarquilles,Fronces,Sourire leger
10:54:31,769.25,NEUTRE,-1.0,-1.0,0.0,22.5,30,Ecarquilles,Fronces,Sourire leger
10:54:31,769.32,NEUTRE,-1.0,-1.0,0.0,22.5,13,Ecarquilles,Fronces,Sourire leger
10:54:31,769.35,NEUTRE,5.0,5.0,0.0,22.5,31,Ecarquilles,Stable,Sourire leger
10:54:31,769.39,NEUTRE,-1.0,-1.0,0.0,22.5,29,Ecarquilles,Fronces,Sourire leger
10:54:31,769.52,NEUTRE,5.0,5.0,0.0,22.5,7,Ecarquilles,Stable,Sourire leger
10:54:31,769.56,NEUTRE,-1.0,-1.0,0.0,22.5,27,Ecarquilles,Fronces,Sourire leger
10:54:31,769.65,NEUTRE,5.0,5.0,0.0,22.5,10,Ecarquilles,Stable,Sourire leger
10:54:31,769.79,NEUTRE,5.0,5.0,0.0,22.5,7,Ecarquilles,Stable,Sourire leger
10:54:31,769.82,NEUTRE,5.0,5.0,0.0,22.5,30,Ecarquilles,Stable,Sourire leger
10:54:32,769.92,NEUTRE,5.0,5.0,0.0,22.5,10,Ecarquilles,Stable,Sourire leger
10:54:32,770.05,NEUTRE,5.0,5.0,0.0,22.5,7,Ecarquilles,Stable,Sourire leger
10:54:32,770.08,NEUTRE,5.0,5.0,0.0,22.5,32,Ecarquilles,Stable,Sourire leger
10:54:32,770.19,NEUTRE,5.0,5.0,0.0,22.5,9,Plisses,Stable,Sourire leger
10:54:32,770.27,NEUTRE,0.0,0.0,0.0,22.5,12,Plisses,Stable,Fermee
10:54:32,770.3,NEUTRE,0.0,0.0,0.0,22.5,31,Neutre,Stable,Fermee
10:54:32,770.39,NEUTRE,0.0,0.0,0.0,22.5,10,Ecarquilles,Stable,Fermee
10:54:32,770.52,NEUTRE,0.0,0.0,0.0,22.5,7,Ecarquilles,Stable,Fermee
10:54:32,770.55,NEUTRE,0.0,0.0,0.0,22.5,30,Ecarquilles,Stable,Fermee
10:54:32,770.65,NEUTRE,0.0,0.0,0.0,22.5,10,Ecarquilles,Stable,Fermee
10:54:32,770.79,NEUTRE,0.0,0.0,0.0,22.5,7,Ecarquilles,Stable,Fermee
10:54:32,770.82,NEUTRE,0.0,0.0,0.0,22.5,29,Ecarquilles,Stable,Fermee
10:54:33,770.92,NEUTRE,0.0,0.0,0.0,22.5,9,Ecarquilles,Stable,Fermee
10:54:33,771.01,NEUTRE,0.0,0.0,0.0,22.5,11,Ecarquilles,Stable,Fermee
10:54:33,771.04,NEUTRE,0.0,0.0,0.0,22.5,29,Ecarquilles,Stable,Fermee
10:54:33,771.14,NEUTRE,0.0,0.0,0.0,22.5,10,Ecarquilles,Stable,Fermee
10:54:33,771.28,NEUTRE,-6.0,-6.0,0.0,22.5,7,Ecarquilles,Fronces,Fermee
10:54:33,771.31,NEUTRE,-6.0,-6.0,0.0,22.5,27,Ecarquilles,Fronces,Fermee
10:54:33,771.41,NEUTRE,0.0,0.0,0.0,22.5,10,Plisses,Releves,Fermee
10:54:33,771.54,NEUTRE,0.0,0.0,0.0,22.5,7,Neutre,Stable,Fermee
10:54:33,771.58,NEUTRE,0.0,0.0,0.0,22.5,28,Neutre,Stable,Fermee
10:54:33,771.67,NEUTRE,0.0,0.0,0.0,22.5,10,Neutre,Stable,Fermee
10:54:33,771.81,NEUTRE,0.0,0.0,0.0,22.5,7,Neutre,Stable,Fermee
10:54:33,771.85,NEUTRE,-6.0,-6.0,0.0,22.5,31,Ecarquilles,Fronces,Fermee
10:54:34,771.94,NEUTRE,-6.0,-6.0,0.0,22.5,10,Neutre,Fronces,Fermee
10:54:34,772.09,NEUTRE,-6.0,-6.0,0.0,22.5,6,Ecarquilles,Fronces,Fermee
10:54:34,772.12,NEUTRE,-6.0,-6.0,0.0,22.5,30,Ecarquilles,Fronces,Fermee
10:54:34,772.24,NEUTRE,-6.0,-6.0,0.0,22.5,8,Ecarquilles,Fronces,Fermee
10:54:34,772.32,NEUTRE,-6.0,-6.0,0.0,22.5,11,Ecarquilles,Fronces,Fermee
10:54:34,772.36,INCONFORT,-6.0,-6.0,0.0,22.4,30,Ecarquilles,Fronces,Fermee
10:54:34,772.45,INCONFORT,-6.0,-6.0,0.0,22.3,10,Ecarquilles,Fronces,Fermee
10:54:34,772.6,INCONFORT,0.0,0.0,0.0,22.2,6,Ecarquilles,Stable,Fermee
10:54:34,772.63,INCONFORT,0.0,0.0,0.0,22.1,30,Ecarquilles,Stable,Fermee
10:54:34,772.72,INCONFORT,0.0,0.0,0.0,22.1,10,Ecarquilles,Stable,Fermee
10:54:34,772.87,NEUTRE,0.0,0.0,0.0,22.1,7,Ecarquilles,Stable,Fermee
10:54:35,772.9,NEUTRE,0.0,0.0,0.0,22.1,29,Ecarquilles,Stable,Fermee
10:54:35,772.99,NEUTRE,0.0,0.0,0.0,22.1,10,Ecarquilles,Stable,Fermee
10:54:35,773.13,NEUTRE,0.0,0.0,0.0,22.1,7,Ecarquilles,Stable,Fermee
10:54:35,773.16,NEUTRE,0.0,0.0,0.0,22.1,32,Ecarquilles,Stable,Fermee
10:54:35,773.25,NEUTRE,0.0,0.0,0.0,22.1,10,Ecarquilles,Stable,Fermee
10:54:35,773.39,NEUTRE,0.0,0.0,0.0,22.1,7,Ecarquilles,Stable,Fermee
10:54:35,773.42,NEUTRE,0.0,0.0,0.0,22.1,30,Ecarquilles,Stable,Fermee
10:54:35,773.51,NEUTRE,0.0,0.0,0.0,22.1,11,Plisses,Releves,Fermee
10:54:35,773.66,NEUTRE,0.0,0.0,0.0,22.1,7,Neutre,Stable,Fermee
10:54:35,773.69,NEUTRE,0.0,0.0,0.0,22.2,29,Neutre,Stable,Fermee
10:54:35,773.78,NEUTRE,0.0,0.0,0.0,22.2,11,Neutre,Stable,Fermee
10:54:36,773.91,NEUTRE,0.0,0.0,0.0,22.2,7,Plisses,Stable,Fermee
10:54:36,773.94,NEUTRE,0.0,0.0,0.0,22.2,30,Plisses,Stable,Fermee
10:54:36,774.04,NEUTRE,0.0,0.0,0.0,22.2,10,Neutre,Stable,Fermee
10:54:36,774.18,NEUTRE,0.0,0.0,0.0,22.2,7,Neutre,Stable,Fermee
10:54:36,774.21,NEUTRE,0.0,0.0,0.0,22.2,28,Neutre,Stable,Fermee
10:54:36,774.31,NEUTRE,0.0,0.0,0.0,22.2,10,Neutre,Stable,Fermee
10:54:36,774.44,NEUTRE,0.0,0.0,0.0,22.2,7,Neutre,Stable,Fermee
10:54:36,774.48,NEUTRE,0.0,0.0,0.0,22.2,30,Neutre,Stable,Fermee
10:54:36,774.57,NEUTRE,0.0,0.0,0.0,22.2,10,Neutre,Stable,Fermee
10:54:36,774.71,NEUTRE,0.0,0.0,0.0,22.2,7,Neutre,Stable,Fermee
10:54:36,774.74,NEUTRE,-6.0,-6.0,0.0,22.2,30,Neutre,Fronces,Fermee
10:54:36,774.84,NEUTRE,-6.0,-6.0,0.0,22.2,10,Neutre,Fronces,Fermee
10:54:37,774.98,NEUTRE,-6.0,-6.0,0.0,22.2,7,Neutre,Fronces,Fermee
10:54:37,775.01,NEUTRE,-6.0,-6.0,0.0,22.2,30,Ecarquilles,Fronces,Fermee
10:54:37,775.1,NEUTRE,-6.0,-6.0,0.0,22.2,10,Ecarquilles,Fronces,Fermee
10:54:37,775.25,NEUTRE,-6.0,-6.0,0.0,22.3,6,Ecarquilles,Fronces,Fermee
10:54:37,775.28,INCONFORT,-6.0,-6.0,0.0,22.2,30,Ecarquilles,Fronces,Fermee
10:54:37,775.37,INCONFORT,-6.0,-6.0,0.0,22.1,10,Ecarquilles,Fronces,Fermee
10:54:37,775.51,INCONFORT,-1.0,-1.0,0.0,22.0,7,Ecarquilles,Fronces,Sourire leger
10:54:37,775.55,INCONFORT,-6.0,-6.0,0.0,21.9,29,Ecarquilles,Fronces,Fermee
10:54:37,775.63,INCONFORT,0.0,0.0,0.0,21.8,11,Neutre,Stable,Fermee
10:54:37,775.77,INCONFORT,0.0,0.0,0.0,21.8,7,Plisses,Stable,Fermee
10:54:37,775.8,NEUTRE,0.0,0.0,0.0,21.8,31,Plisses,Stable,Fermee
10:54:38,776.04,NEUTRE,0.0,0.0,0.0,21.8,4,Neutre,Stable,Fermee
10:54:38,776.11,NEUTRE,0.0,0.0,0.0,21.8,14,Neutre,Stable,Fermee
10:54:38,776.14,NEUTRE,0.0,0.0,0.0,21.8,30,Neutre,Stable,Fermee
10:54:38,776.17,NEUTRE,0.0,0.0,0.0,21.8,32,Neutre,Stable,Fermee
10:54:38,776.27,NEUTRE,0.0,0.0,0.0,21.9,9,Neutre,Stable,Fermee
10:54:38,776.31,NEUTRE,0.0,0.0,0.0,21.9,30,Neutre,Stable,Fermee
10:54:38,776.34,NEUTRE,0.0,0.0,0.0,21.9,33,Neutre,Stable,Fermee
10:54:38,776.41,NEUTRE,0.0,0.0,0.0,21.9,13,Neutre,Stable,Fermee
10:54:38,776.44,NEUTRE,0.0,0.0,0.0,21.9,31,Ecarquilles,Stable,Fermee
10:54:38,776.53,NEUTRE,0.0,0.0,0.0,21.9,11,Neutre,Stable,Fermee
10:54:38,776.67,NEUTRE,0.0,0.0,0.0,21.9,7,Ecarquilles,Stable,Fermee
10:54:38,776.7,NEUTRE,0.0,0.0,0.0,21.9,31,Ecarquilles,Stable,Fermee
10:54:38,776.8,NEUTRE,0.0,0.0,0.0,21.9,9,Ecarquilles,Stable,Fermee
10:54:38,776.88,NEUTRE,0.0,0.0,0.0,22.0,12,Ecarquilles,Stable,Fermee
10:54:39,776.91,NEUTRE,-6.0,-6.0,0.0,22.0,30,Ecarquilles,Fronces,Fermee
10:54:39,777.0,NEUTRE,-6.0,-6.0,0.0,22.0,11,Ecarquilles,Fronces,Fermee
10:54:39,777.14,NEUTRE,-6.0,-6.0,0.0,22.0,7,Ecarquilles,Fronces,Fermee
10:54:39,777.17,NEUTRE,0.0,0.0,0.0,22.0,30,Ecarquilles,Stable,Fermee
10:54:39,777.27,NEUTRE,0.0,0.0,0.0,22.0,10,Ecarquilles,Stable,Fermee
10:54:39,777.41,NEUTRE,-6.0,-6.0,0.0,22.0,7,Ecarquilles,Fronces,Fermee
10:54:39,777.44,NEUTRE,0.0,0.0,0.0,22.0,32,Neutre,Stable,Fermee
10:54:39,777.54,NEUTRE,0.0,0.0,0.0,22.0,10,Plisses,Stable,Fermee
10:54:39,777.67,NEUTRE,0.0,0.0,0.0,22.0,7,Neutre,Stable,Fermee
10:54:39,777.71,NEUTRE,0.0,0.0,0.0,22.1,29,Neutre,Stable,Fermee
10:54:39,777.81,NEUTRE,0.0,0.0,0.0,22.1,10,Plisses,Stable,Fermee
10:54:40,777.94,NEUTRE,0.0,0.0,0.0,22.1,7,Neutre,Stable,Fermee
10:54:40,777.97,NEUTRE,0.0,0.0,0.0,22.1,30,Ecarquilles,Stable,Fermee
10:54:40,778.07,NEUTRE,0.0,0.0,0.0,22.1,10,Ecarquilles,Stable,Fermee
10:54:40,778.21,NEUTRE,0.0,0.0,0.0,22.1,7,Ecarquilles,Stable,Fermee
10:54:40,778.24,NEUTRE,0.0,0.0,0.0,22.1,27,Ecarquilles,Stable,Fermee
10:54:40,778.34,NEUTRE,0.0,0.0,0.0,22.1,10,Ecarquilles,Stable,Fermee
10:54:40,778.47,NEUTRE,0.0,0.0,0.0,22.1,7,Ecarquilles,Stable,Fermee
10:54:40,778.5,NEUTRE,0.0,0.0,0.0,22.1,31,Ecarquilles,Stable,Fermee
10:54:40,778.59,NEUTRE,0.0,0.0,0.0,22.1,11,Ecarquilles,Stable,Fermee
10:54:40,778.73,NEUTRE,0.0,0.0,0.0,22.1,7,Ecarquilles,Stable,Fermee
10:54:40,778.76,NEUTRE,0.0,0.0,0.0,22.2,30,Ecarquilles,Stable,Fermee
10:54:40,778.86,NEUTRE,0.0,0.0,0.0,22.2,10,Ecarquilles,Stable,Fermee
10:54:41,778.99,NEUTRE,0.0,0.0,0.0,22.2,7,Ecarquilles,Stable,Fermee
10:54:41,779.02,NEUTRE,0.0,0.0,0.0,22.2,31,Ecarquilles,Stable,Fermee
10:54:41,779.11,NEUTRE,0.0,0.0,0.0,22.2,11,Ecarquilles,Stable,Fermee
10:54:41,779.24,NEUTRE,0.0,0.0,0.0,22.2,7,Ecarquilles,Stable,Fermee
10:54:41,779.28,NEUTRE,0.0,0.0,0.0,22.2,30,Ecarquilles,Stable,Fermee
10:54:41,779.37,NEUTRE,0.0,0.0,0.0,22.2,10,Ecarquilles,Stable,Fermee
10:54:41,779.5,NEUTRE,0.0,0.0,0.0,22.2,7,Neutre,Stable,Fermee
10:54:41,779.53,NEUTRE,0.0,0.0,0.0,22.2,31,Ecarquilles,Stable,Fermee
10:54:41,779.62,NEUTRE,0.0,0.0,0.0,22.2,11,Ecarquilles,Stable,Fermee
10:54:41,779.75,NEUTRE,0.0,0.0,0.0,22.2,7,Ecarquilles,Stable,Fermee
10:54:41,779.79,NEUTRE,0.0,0.0,0.0,22.2,29,Plisses,Stable,Fermee
10:54:41,779.88,NEUTRE,0.0,0.0,0.0,22.2,10,Ecarquilles,Stable,Fermee
10:54:42,780.02,NEUTRE,0.0,0.0,0.0,22.2,7,Ecarquilles,Stable,Parle
10:54:42,780.06,NEUTRE,0.0,0.0,0.0,22.2,27,Ecarquilles,Stable,Parle
10:54:42,780.15,NEUTRE,0.0,0.0,0.0,22.2,10,Ecarquilles,Stable,Parle
10:54:42,780.31,NEUTRE,0.0,0.0,0.0,22.3,6,Ecarquilles,Stable,Parle
10:54:42,780.34,NEUTRE,-5.0,-5.0,0.0,22.3,29,Ecarquilles,Stable,Baillement
10:54:42,780.38,NEUTRE,-5.0,-5.0,0.0,22.3,29,Ecarquilles,Stable,Baillement
10:54:42,780.52,NEUTRE,0.0,0.0,0.0,22.3,7,Ecarquilles,Stable,Fermee
10:54:42,780.55,NEUTRE,0.0,0.0,0.0,22.3,28,Ecarquilles,Stable,Parle
10:54:42,780.65,NEUTRE,0.0,0.0,0.0,22.3,10,Ecarquilles,Stable,Fermee
10:54:42,780.79,NEUTRE,-3.0,0.0,-3.0,22.3,6,Ecarquilles,Stable,Parle
10:54:42,780.83,NEUTRE,-3.0,0.0,-3.0,22.3,28,Ecarquilles,Stable,Parle
10:54:43,780.94,NEUTRE,-8.0,-5.0,-3.0,22.3,8,Ecarquilles,Stable,Baillement
10:54:43,781.4,NEUTRE,-3.0,0.0,-3.0,22.3,2,Neutre,Stable,Fermee
10:54:44,782.33,NEUTRE,-3.0,0.0,-3.0,22.3,1,Ecarquilles,Stable,Fermee
10:54:45,783.34,NEUTRE,-3.0,0.0,-3.0,22.3,0,Ecarquilles,Stable,Parle
10:54:46,784.38,NEUTRE,0.0,0.0,0.0,22.3,0,Ecarquilles,Stable,Parle
10:54:47,785.35,NEUTRE,0.0,0.0,0.0,22.3,1,Neutre,Stable,Fermee
10:54:48,786.35,NEUTRE,0.0,0.0,0.0,22.3,0,Plisses,Stable,Fermee
10:54:49,787.37,NEUTRE,0.0,0.0,0.0,22.3,0,Plisses,Stable,Fermee
10:54:50,788.35,NEUTRE,0.0,0.0,0.0,22.3,1,Plisses,Stable,Fermee
10:54:51,789.33,NEUTRE,0.0,0.0,0.0,22.3,1,Plisses,Stable,Fermee
10:54:52,790.37,NEUTRE,0.0,0.0,0.0,22.3,0,Plisses,Stable,Fermee
10:54:53,791.34,NEUTRE,0.0,0.0,0.0,22.3,1,Plisses,Stable,Fermee
10:54:54,792.34,NEUTRE,5.0,5.0,0.0,22.3,0,Plisses,Stable,Sourire leger
10:54:55,793.39,NEUTRE,0.0,0.0,0.0,22.3,0,Plisses,Stable,Fermee
10:54:56,794.33,NEUTRE,5.0,5.0,0.0,22.3,1,Plisses,Stable,Sourire leger
10:54:57,795.35,NEUTRE,5.0,5.0,0.0,22.3,0,Plisses,Stable,Sourire leger
10:54:58,796.39,NEUTRE,5.0,5.0,0.0,22.3,0,Plisses,Stable,Sourire leger
10:54:59,797.34,NEUTRE,0.0,0.0,0.0,22.4,1,Plisses,Stable,Fermee
10:55:00,798.33,NEUTRE,5.0,5.0,0.0,22.4,1,Neutre,Stable,Sourire leger
10:55:01,799.37,NEUTRE,0.0,0.0,0.0,22.4,0,Plisses,Stable,Fermee
10:55:02,800.33,NEUTRE,5.0,5.0,0.0,22.4,1,Plisses,Releves,Sourire leger
10:55:03,801.34,NEUTRE,-1.0,-1.0,0.0,22.4,0,Plisses,Fronces,Sourire leger
10:55:04,802.52,NEUTRE,5.0,5.0,0.0,22.4,0,Plisses,Releves,Sourire leger
10:55:05,803.33,NEUTRE,5.0,5.0,0.0,22.4,1,Plisses,Stable,Sourire leger
10:55:06,804.34,NEUTRE,5.0,5.0,0.0,22.4,0,Plisses,Stable,Sourire leger
10:55:07,805.37,NEUTRE,5.0,5.0,0.0,22.4,0,Plisses,Stable,Sourire leger
10:55:08,806.35,NEUTRE,5.0,5.0,0.0,22.4,1,Plisses,Stable,Sourire leger
10:55:09,807.34,NEUTRE,5.0,5.0,0.0,22.4,1,Ecarquilles,Stable,Sourire leger
10:55:10,808.4,NEUTRE,0.0,0.0,0.0,22.4,0,Neutre,Stable,Fermee
10:55:11,809.35,NEUTRE,0.0,0.0,0.0,22.4,1,Plisses,Releves,Fermee
10:55:12,810.35,NEUTRE,0.0,0.0,0.0,22.4,1,Ecarquilles,Stable,Fermee
10:55:13,811.37,NEUTRE,0.0,0.0,0.0,22.4,0,Plisses,Releves,Fermee
10:55:14,812.33,NEUTRE,-1.0,-1.0,0.0,22.4,1,Neutre,Fronces,Sourire leger
10:55:15,813.35,NEUTRE,-1.0,-1.0,0.0,22.4,0,Ecarquilles,Fronces,Sourire leger
10:55:16,814.37,NEUTRE,-1.0,-1.0,0.0,22.4,0,Ecarquilles,Fronces,Sourire leger
10:55:17,815.35,NEUTRE,5.0,5.0,0.0,22.4,1,Ecarquilles,Stable,Sourire leger
10:55:18,816.35,NEUTRE,-6.0,-6.0,0.0,22.4,0,Ecarquilles,Fronces,Fermee
10:55:19,817.37,NEUTRE,-6.0,-6.0,0.0,22.4,0,Ecarquilles,Fronces,Fermee
10:55:23,821.34,NEUTRE,-3.0,0.0,-3.0,22.4,0,Ecarquilles,Stable,Parle
10:55:24,822.34,INCONFORT,-5.0,-5.0,0.0,22.3,0,Plisses,Releves,Baillement
10:55:25,823.39,NEUTRE,-5.0,-5.0,0.0,22.3,0,Neutre,Stable,Baillement
10:55:26,824.35,NEUTRE,0.0,0.0,0.0,22.3,1,Neutre,Stable,Fermee
10:55:27,825.37,NEUTRE,5.0,5.0,0.0,22.3,0,Plisses,Stable,Sourire leger
10:55:28,826.39,NEUTRE,-2.0,-5.0,3.0,22.3,0,Neutre,Stable,Baillement
10:55:29,827.37,NEUTRE,3.0,0.0,3.0,22.3,1,Neutre,Stable,Fermee
10:55:30,828.34,NEUTRE,3.0,0.0,3.0,22.3,1,Ecarquilles,Stable,Fermee
10:55:31,829.39,NEUTRE,0.0,0.0,0.0,22.3,0,Ecarquilles,Stable,Fermee
10:55:32,830.35,NEUTRE,0.0,0.0,0.0,22.3,1,Plisses,Releves,Fermee
10:55:33,831.34,NEUTRE,0.0,0.0,0.0,22.3,1,Neutre,Stable,Fermee
10:55:34,832.39,NEUTRE,0.0,0.0,0.0,22.3,0,Neutre,Stable,Fermee
10:55:35,833.35,NEUTRE,0.0,0.0,0.0,22.4,1,Neutre,Stable,Fermee
10:55:36,834.34,NEUTRE,0.0,0.0,0.0,22.4,1,Plisses,Stable,Fermee
10:55:37,835.39,NEUTRE,0.0,0.0,0.0,22.4,0,Ecarquilles,Stable,Fermee
10:55:38,836.35,NEUTRE,0.0,0.0,0.0,22.4,1,Ecarquilles,Stable,Fermee
10:55:39,837.36,NEUTRE,0.0,0.0,0.0,22.4,0,Plisses,Releves,Fermee
10:55:40,838.37,NEUTRE,0.0,0.0,0.0,22.4,0,Ecarquilles,Stable,Fermee
10:55:41,839.35,NEUTRE,0.0,0.0,0.0,22.4,1,Ecarquilles,Stable,Fermee
10:55:42,840.34,NEUTRE,0.0,0.0,0.0,22.4,1,Ecarquilles,Stable,Fermee
10:55:43,841.39,NEUTRE,0.0,0.0,0.0,22.4,0,Neutre,Stable,Fermee
10:55:44,842.35,NEUTRE,0.0,0.0,0.0,22.4,1,Ecarquilles,Stable,Fermee
10:55:45,843.36,NEUTRE,0.0,0.0,0.0,22.4,0,Neutre,Stable,Fermee
10:55:46,844.39,NEUTRE,0.0,0.0,0.0,22.4,0,Ecarquilles,Stable,Fermee
10:55:47,845.35,NEUTRE,5.0,5.0,0.0,22.4,1,Plisses,Stable,Sourire leger
10:55:48,846.35,NEUTRE,-1.0,-1.0,0.0,22.4,1,Ecarquilles,Fronces,Sourire leger
10:55:49,847.39,NEUTRE,-1.0,-1.0,0.0,22.4,0,Neutre,Fronces,Sourire leger
10:55:50,848.34,NEUTRE,-1.0,-1.0,0.0,22.4,1,Neutre,Fronces,Sourire leger
10:55:51,849.34,NEUTRE,5.0,5.0,0.0,22.4,0,Ecarquilles,Releves,Sourire leger
10:55:52,850.39,NEUTRE,0.0,0.0,0.0,22.4,0,Ecarquilles,Releves,Fermee
10:55:53,851.35,NEUTRE,0.0,0.0,0.0,22.4,1,Ecarquilles,Releves,Fermee
10:55:54,852.34,NEUTRE,0.0,0.0,0.0,22.4,1,Ecarquilles,Releves,Fermee
10:55:55,853.39,NEUTRE,0.0,0.0,0.0,22.4,0,Ecarquilles,Releves,Fermee
10:55:56,854.35,NEUTRE,0.0,0.0,0.0,22.4,1,Plisses,Releves,Fermee
10:55:57,855.34,NEUTRE,0.0,0.0,0.0,22.4,1,Ecarquilles,Releves,Fermee
10:55:58,856.37,NEUTRE,0.0,0.0,0.0,22.4,0,Ecarquilles,Releves,Fermee
10:55:59,857.34,NEUTRE,0.0,0.0,0.0,22.4,1,Ecarquilles,Releves,Fermee
10:56:00,858.33,NEUTRE,0.0,0.0,0.0,22.4,1,Neutre,Releves,Fermee
10:56:01,859.38,NEUTRE,0.0,0.0,0.0,22.4,0,Ecarquilles,Releves,Fermee
10:56:02,860.35,NEUTRE,0.0,0.0,0.0,22.4,1,Ecarquilles,Releves,Fermee
10:56:03,861.34,NEUTRE,0.0,0.0,0.0,22.4,1,Ecarquilles,Releves,Fermee
10:56:04,862.39,NEUTRE,0.0,0.0,0.0,22.4,0,Ecarquilles,Releves,Fermee
10:56:05,863.34,NEUTRE,0.0,0.0,0.0,22.4,1,Ecarquilles,Releves,Fermee
10:56:06,864.34,NEUTRE,0.0,0.0,0.0,22.4,0,Ecarquilles,Releves,Fermee
10:56:07,865.39,NEUTRE,0.0,0.0,0.0,22.4,0,Ecarquilles,Releves,Fermee
10:56:08,866.35,NEUTRE,0.0,0.0,0.0,22.4,1,Ecarquilles,Releves,Fermee
10:56:09,867.36,NEUTRE,0.0,0.0,0.0,22.4,0,Ecarquilles,Releves,Fermee
10:56:10,868.39,NEUTRE,0.0,0.0,0.0,22.4,0,Ecarquilles,Releves,Fermee
10:56:11,869.35,NEUTRE,0.0,0.0,0.0,22.4,1,Ecarquilles,Releves,Fermee
10:56:12,870.36,NEUTRE,0.0,0.0,0.0,22.4,0,Ecarquilles,Releves,Fermee
10:56:13,871.39,NEUTRE,0.0,0.0,0.0,22.4,0,Ecarquilles,Releves,Fermee
10:56:14,872.34,NEUTRE,0.0,0.0,0.0,22.4,1,Ecarquilles,Releves,Fermee
10:56:15,873.36,NEUTRE,0.0,0.0,0.0,22.4,0,Ecarquilles,Releves,Fermee
10:56:16,874.37,NEUTRE,0.0,0.0,0.0,22.4,0,Ecarquilles,Releves,Fermee
10:56:17,875.35,NEUTRE,0.0,0.0,0.0,22.4,1,Ecarquilles,Releves,Fermee
10:56:18,876.35,NEUTRE,0.0,0.0,0.0,22.4,1,Ecarquilles,Releves,Fermee
10:56:19,877.39,NEUTRE,0.0,0.0,0.0,22.4,0,Ecarquilles,Releves,Fermee
10:56:20,878.35,NEUTRE,0.0,0.0,0.0,22.4,1,Ecarquilles,Releves,Fermee
10:56:21,879.35,NEUTRE,0.0,0.0,0.0,22.4,1,Ecarquilles,Releves,Fermee
10:56:22,880.39,NEUTRE,0.0,0.0,0.0,22.4,0,Ecarquilles,Releves,Fermee
10:56:23,881.35,NEUTRE,0.0,0.0,0.0,22.4,1,Ecarquilles,Releves,Fermee
10:56:24,882.34,NEUTRE,0.0,0.0,0.0,22.4,1,Ecarquilles,Releves,Fermee
10:56:25,883.39,NEUTRE,0.0,0.0,0.0,22.4,0,Ecarquilles,Releves,Fermee
10:56:26,884.35,NEUTRE,0.0,0.0,0.0,22.4,1,Ecarquilles,Releves,Fermee
10:56:27,885.35,NEUTRE,0.0,0.0,0.0,22.4,0,Ecarquilles,Releves,Fermee
10:56:28,886.39,NEUTRE,0.0,0.0,0.0,22.4,0,Ecarquilles,Releves,Fermee
10:56:29,887.35,NEUTRE,0.0,0.0,0.0,22.5,1,Ecarquilles,Releves,Fermee
10:56:30,888.45,NEUTRE,0.0,0.0,0.0,22.5,0,Ecarquilles,Releves,Fermee
10:56:31,889.39,NEUTRE,0.0,0.0,0.0,22.5,1,Ecarquilles,Releves,Fermee
10:56:32,890.34,NEUTRE,0.0,0.0,0.0,22.5,1,Ecarquilles,Releves,Fermee
10:56:33,891.35,NEUTRE,0.0,0.0,0.0,22.5,0,Ecarquilles,Releves,Fermee
10:56:34,892.39,NEUTRE,0.0,0.0,0.0,22.5,0,Ecarquilles,Releves,Fermee
10:56:35,893.35,NEUTRE,0.0,0.0,0.0,22.5,1,Ecarquilles,Releves,Fermee
10:56:36,894.34,NEUTRE,0.0,0.0,0.0,22.5,1,Ecarquilles,Releves,Fermee
10:56:37,895.39,NEUTRE,0.0,0.0,0.0,22.5,0,Ecarquilles,Releves,Fermee
10:56:38,896.35,NEUTRE,0.0,0.0,0.0,22.5,1,Ecarquilles,Releves,Fermee
10:56:39,897.34,NEUTRE,0.0,0.0,0.0,22.5,1,Ecarquilles,Releves,Fermee
10:56:40,898.39,NEUTRE,0.0,0.0,0.0,22.5,0,Ecarquilles,Releves,Fermee
10:56:41,899.35,NEUTRE,0.0,0.0,0.0,22.5,1,Ecarquilles,Releves,Fermee
10:56:42,900.36,NEUTRE,0.0,0.0,0.0,22.5,0,Neutre,Stable,Fermee
10:56:43,901.39,NEUTRE,-5.0,-5.0,0.0,22.5,0,Ecarquilles,Releves,Baillement
10:56:44,902.35,NEUTRE,0.0,0.0,0.0,22.5,1,Plisses,Releves,Fermee
10:56:45,903.34,NEUTRE,-1.0,-1.0,0.0,22.5,1,Neutre,Fronces,Sourire leger
10:56:46,904.39,NEUTRE,5.0,5.0,0.0,22.5,0,Plisses,Stable,Sourire leger
10:56:50,908.37,NEUTRE,8.0,5.0,3.0,22.5,0,Ecarquilles,Releves,Sourire leger
10:56:52,910.4,NEUTRE,2.0,-1.0,3.0,22.5,0,Ecarquilles,Fronces,Grand Sourire
10:56:56,914.36,NEUTRE,-1.0,-4.0,3.0,22.5,0,Ecarquilles,Releves,Grimace / Tension
10:56:59,917.34,NEUTRE,-1.0,-1.0,0.0,22.5,0,Plisses,Fronces,Sourire leger
10:57:00,918.36,NEUTRE,5.0,5.0,0.0,22.5,0,Plisses,Stable,Sourire leger
10:57:01,919.41,NEUTRE,-1.0,-1.0,0.0,22.5,0,Neutre,Fronces,Grand Sourire
10:57:02,920.35,NEUTRE,-1.0,-1.0,0.0,22.5,1,Ecarquilles,Fronces,Sourire leger
10:57:03,921.36,NEUTRE,5.0,5.0,0.0,22.5,0,Plisses,Stable,Sourire leger
10:57:04,922.39,NEUTRE,5.0,5.0,0.0,22.5,0,Plisses,Releves,Sourire leger
10:57:05,923.35,NEUTRE,5.0,5.0,0.0,22.5,1,Neutre,Stable,Grand Sourire
10:57:06,924.34,NEUTRE,5.0,5.0,0.0,22.5,1,Neutre,Stable,Grand Sourire
10:57:07,925.39,NEUTRE,5.0,5.0,0.0,22.5,0,Neutre,Stable,Sourire leger
10:57:08,926.36,NEUTRE,0.0,0.0,0.0,22.5,1,Neutre,Stable,Parle
10:57:09,927.39,NEUTRE,0.0,0.0,0.0,22.5,0,Ecarquilles,Stable,Fermee
10:57:10,928.41,NEUTRE,0.0,0.0,0.0,22.5,0,Plisses,Stable,Parle
10:57:11,929.34,NEUTRE,0.0,0.0,0.0,22.5,1,Ecarquilles,Stable,Parle
10:57:12,930.35,NEUTRE,0.0,0.0,0.0,22.5,0,Ecarquilles,Stable,Fermee
10:57:13,931.38,NEUTRE,0.0,0.0,0.0,22.5,0,Neutre,Stable,Parle
10:57:14,932.35,NEUTRE,0.0,0.0,0.0,22.5,1,Plisses,Releves,Fermee
10:57:15,933.36,NEUTRE,0.0,0.0,0.0,22.5,0,Ecarquilles,Stable,Fermee
10:57:15,933.42,NEUTRE,0.0,0.0,0.0,22.5,16,Ecarquilles,Stable,Fermee
10:57:16,934.35,NEUTRE,5.0,5.0,0.0,22.5,1,Ecarquilles,Stable,Sourire leger
10:57:17,935.35,NEUTRE,0.0,0.0,0.0,22.5,1,Ecarquilles,Stable,Fermee
10:57:18,936.39,NEUTRE,0.0,0.0,0.0,22.5,0,Neutre,Stable,Fermee
10:57:19,937.35,NEUTRE,0.0,0.0,0.0,22.5,1,Neutre,Stable,Fermee
10:57:20,938.34,NEUTRE,0.0,0.0,0.0,22.5,1,Ecarquilles,Stable,Fermee
10:57:21,939.38,NEUTRE,0.0,0.0,0.0,22.5,0,Ecarquilles,Stable,Fermee
10:57:22,940.34,NEUTRE,-4.0,-4.0,0.0,22.5,1,Ecarquilles,Stable,Grimace / Tension
10:57:23,941.35,NEUTRE,0.0,0.0,0.0,22.5,0,Neutre,Stable,Parle
10:57:24,942.38,NEUTRE,0.0,0.0,0.0,22.5,0,Ecarquilles,Stable,Fermee
10:57:25,943.34,NEUTRE,5.0,5.0,0.0,22.5,1,Neutre,Stable,Sourire leger
10:57:26,944.35,NEUTRE,5.0,5.0,0.0,22.5,0,Neutre,Stable,Sourire leger
10:57:27,945.39,NEUTRE,0.0,0.0,0.0,22.5,0,Ecarquilles,Stable,Fermee
10:57:27,945.42,NEUTRE,0.0,0.0,0.0,22.5,30,Ecarquilles,Stable,Fermee
10:57:28,946.36,NEUTRE,0.0,0.0,0.0,22.5,1,Neutre,Stable,Fermee
10:57:29,947.4,NEUTRE,0.0,0.0,0.0,22.5,0,Ecarquilles,Stable,Fermee
10:57:30,948.34,NEUTRE,0.0,0.0,0.0,22.5,1,Neutre,Stable,Fermee
10:57:31,949.34,NEUTRE,0.0,0.0,0.0,22.5,1,Neutre,Stable,Fermee
10:57:32,950.37,NEUTRE,0.0,0.0,0.0,22.5,0,Ecarquilles,Stable,Parle
10:57:33,951.37,NEUTRE,0.0,0.0,0.0,22.5,1,Plisses,Releves,Fermee
10:57:34,952.36,NEUTRE,5.0,5.0,0.0,22.5,1,Neutre,Stable,Sourire leger
10:57:35,953.37,NEUTRE,0.0,0.0,0.0,22.5,0,Plisses,Releves,Fermee
10:57:36,954.36,NEUTRE,5.0,5.0,0.0,22.5,1,Plisses,Stable,Sourire leger
10:57:39,957.35,NEUTRE,2.0,-1.0,3.0,22.5,0,Ecarquilles,Fronces,Sourire leger
10:57:42,960.35,NEUTRE,0.0,0.0,0.0,22.5,0,Ecarquilles,Stable,Fermee
10:57:43,961.34,NEUTRE,0.0,0.0,0.0,22.5,1,Neutre,Releves,Parle
10:57:46,964.35,NEUTRE,0.0,0.0,0.0,22.5,0,Ecarquilles,Stable,Fermee
10:57:47,965.38,NEUTRE,0.0,0.0,0.0,22.5,0,Ecarquilles,Stable,Fermee
10:57:48,966.34,NEUTRE,0.0,0.0,0.0,22.5,1,Ecarquilles,Stable,Fermee
10:57:49,967.34,NEUTRE,0.0,0.0,0.0,22.5,1,Ecarquilles,Stable,Fermee
10:57:50,968.37,NEUTRE,0.0,0.0,0.0,22.5,0,Ecarquilles,Stable,Fermee
10:57:51,969.36,NEUTRE,0.0,0.0,0.0,22.5,1,Ecarquilles,Stable,Fermee
10:57:55,973.34,INCONFORT,-5.0,-5.0,0.0,22.4,0,Plisses,Releves,Baillement
10:57:56,974.38,NEUTRE,0.0,0.0,0.0,22.4,0,Ecarquilles,Stable,Fermee
10:57:57,975.35,NEUTRE,0.0,0.0,0.0,22.4,1,Plisses,Stable,Parle
10:57:58,976.34,NEUTRE,-5.0,-5.0,0.0,22.4,1,Neutre,Stable,Baillement
10:57:59,977.39,NEUTRE,-5.0,-5.0,0.0,22.4,0,Ecarquilles,Stable,Baillement
10:58:00,978.35,NEUTRE,-5.0,-5.0,0.0,22.4,1,Ecarquilles,Stable,Baillement
11:02:02,1220.01,NEUTRE,0.0,0.0,0.0,22.4,0,Neutre,Stable,Fermee
11:02:02,1220.1,NEUTRE,0.0,0.0,0.0,22.4,11,Ecarquilles,Stable,Fermee
11:02:02,1220.19,NEUTRE,0.0,0.0,0.0,22.4,10,Ecarquilles,Stable,Fermee
11:02:02,1220.32,NEUTRE,0.0,0.0,0.0,22.4,7,Ecarquilles,Stable,Fermee
11:02:02,1220.5,NEUTRE,0.0,0.0,0.0,22.4,5,Ecarquilles,Stable,Fermee
11:02:02,1220.74,NEUTRE,0.0,0.0,0.0,22.4,4,Ecarquilles,Stable,Fermee
11:02:02,1220.82,NEUTRE,0.0,0.0,0.0,22.4,11,Ecarquilles,Stable,Fermee
11:02:03,1220.97,NEUTRE,0.0,0.0,0.0,22.4,6,Ecarquilles,Stable,Fermee
11:02:03,1221.08,NEUTRE,0.0,0.0,0.0,22.4,9,Ecarquilles,Stable,Fermee
11:02:03,1221.2,NEUTRE,0.0,0.0,0.0,22.4,7,Ecarquilles,Stable,Fermee
11:02:03,1221.38,NEUTRE,0.0,0.0,0.0,22.4,5,Ecarquilles,Stable,Fermee
11:02:03,1221.47,NEUTRE,0.0,0.0,0.0,22.4,10,Neutre,Stable,Fermee
11:02:03,1221.61,NEUTRE,0.0,0.0,0.0,22.4,7,Ecarquilles,Stable,Fermee
11:02:03,1221.8,NEUTRE,0.0,0.0,0.0,22.4,5,Ecarquilles,Stable,Fermee
11:02:03,1221.87,NEUTRE,0.0,0.0,0.0,22.4,13,Ecarquilles,Stable,Fermee
11:02:04,1222.0,NEUTRE,0.0,0.0,0.0,22.4,7,Ecarquilles,Stable,Fermee
11:02:04,1222.17,NEUTRE,0.0,0.0,0.0,22.4,5,Ecarquilles,Stable,Fermee
11:02:04,1222.27,NEUTRE,0.0,0.0,0.0,22.4,10,Ecarquilles,Stable,Fermee
11:02:04,1222.4,NEUTRE,0.0,0.0,0.0,22.4,7,Ecarquilles,Stable,Fermee
11:02:04,1222.57,NEUTRE,0.0,0.0,0.0,22.4,5,Ecarquilles,Stable,Fermee
11:02:04,1222.67,NEUTRE,0.0,0.0,0.0,22.4,9,Ecarquilles,Stable,Fermee
11:02:04,1222.8,NEUTRE,-6.0,-6.0,0.0,22.4,7,Ecarquilles,Fronces,Fermee
11:02:05,1222.98,NEUTRE,0.0,0.0,0.0,22.4,5,Neutre,Stable,Fermee
11:02:05,1223.07,NEUTRE,0.0,0.0,0.0,22.4,10,Neutre,Stable,Fermee
11:02:05,1223.2,NEUTRE,0.0,0.0,0.0,22.4,7,Ecarquilles,Stable,Fermee
11:02:05,1223.35,NEUTRE,0.0,0.0,0.0,22.4,6,Ecarquilles,Stable,Fermee
11:02:05,1223.45,NEUTRE,0.0,0.0,0.0,22.4,10,Plisses,Releves,Fermee
11:02:05,1223.58,NEUTRE,0.0,0.0,0.0,22.4,7,Neutre,Stable,Fermee
11:02:05,1223.75,NEUTRE,0.0,0.0,0.0,22.4,5,Ecarquilles,Stable,Fermee
11:02:05,1223.84,NEUTRE,0.0,0.0,0.0,22.4,10,Ecarquilles,Stable,Fermee
11:02:06,1223.98,NEUTRE,0.0,0.0,0.0,22.5,7,Ecarquilles,Stable,Fermee
11:02:06,1224.15,NEUTRE,0.0,0.0,0.0,22.5,5,Ecarquilles,Stable,Fermee
11:02:06,1224.24,NEUTRE,0.0,0.0,0.0,22.5,10,Ecarquilles,Stable,Fermee
11:02:06,1224.37,NEUTRE,0.0,0.0,0.0,22.5,7,Ecarquilles,Stable,Fermee
11:02:06,1224.54,NEUTRE,0.0,0.0,0.0,22.5,6,Ecarquilles,Stable,Fermee
11:02:06,1224.64,NEUTRE,0.0,0.0,0.0,22.5,9,Ecarquilles,Stable,Fermee
11:02:06,1224.77,NEUTRE,0.0,0.0,0.0,22.5,7,Neutre,Stable,Fermee
11:02:07,1224.94,NEUTRE,0.0,0.0,0.0,22.5,5,Neutre,Stable,Fermee
11:02:07,1225.04,NEUTRE,0.0,0.0,0.0,22.5,9,Ecarquilles,Stable,Fermee
11:02:07,1225.17,NEUTRE,0.0,0.0,0.0,22.5,7,Neutre,Stable,Fermee
11:02:07,1225.36,NEUTRE,0.0,0.0,0.0,22.5,5,Neutre,Stable,Fermee
11:02:07,1225.46,NEUTRE,0.0,0.0,0.0,22.5,10,Ecarquilles,Stable,Fermee
11:02:07,1225.59,NEUTRE,0.0,0.0,0.0,22.5,7,Neutre,Stable,Fermee
11:02:07,1225.76,NEUTRE,0.0,0.0,0.0,22.5,5,Ecarquilles,Stable,Fermee
11:02:07,1225.85,NEUTRE,0.0,0.0,0.0,22.5,10,Neutre,Stable,Fermee
11:02:08,1225.99,NEUTRE,5.0,5.0,0.0,22.5,7,Plisses,Releves,Sourire leger
11:02:08,1226.17,NEUTRE,0.0,0.0,0.0,22.5,5,Neutre,Stable,Fermee
11:02:08,1226.26,NEUTRE,0.0,0.0,0.0,22.5,11,Neutre,Stable,Fermee
11:02:08,1226.39,NEUTRE,0.0,0.0,0.0,22.5,7,Neutre,Stable,Fermee
11:02:08,1226.55,NEUTRE,-4.0,-4.0,0.0,22.5,5,Neutre,Stable,Grimace / Tension
11:02:08,1226.64,NEUTRE,5.0,5.0,0.0,22.5,11,Neutre,Stable,Grand Sourire
11:02:08,1226.77,NEUTRE,5.0,5.0,0.0,22.5,7,Neutre,Stable,Grand Sourire
11:02:09,1226.94,NEUTRE,8.0,5.0,3.0,22.5,5,Neutre,Stable,Grand Sourire
11:02:09,1227.06,NEUTRE,8.0,5.0,3.0,22.5,8,Neutre,Stable,Grand Sourire
11:02:09,1227.2,NEUTRE,8.0,5.0,3.0,22.5,6,Neutre,Stable,Grand Sourire
11:02:09,1227.38,NEUTRE,8.0,5.0,3.0,22.5,5,Neutre,Stable,Grand Sourire
11:02:09,1227.47,CONFORT,8.0,5.0,3.0,22.4,10,Neutre,Stable,Grand Sourire
11:02:09,1227.6,CONFORT,8.0,5.0,3.0,22.4,7,Neutre,Stable,Grand Sourire
11:02:09,1227.81,CONFORT,8.0,5.0,3.0,22.4,4,Neutre,Stable,Grand Sourire
11:02:09,1227.87,CONFORT,8.0,5.0,3.0,22.4,16,Neutre,Stable,Grand Sourire
11:02:10,1228.0,CONFORT,8.0,5.0,3.0,22.3,7,Neutre,Stable,Grand Sourire
11:02:10,1228.17,CONFORT,8.0,5.0,3.0,22.3,5,Neutre,Stable,Grand Sourire
11:02:10,1228.27,CONFORT,8.0,5.0,3.0,22.3,10,Neutre,Stable,Grand Sourire
11:02:10,1228.4,CONFORT,8.0,5.0,3.0,22.3,7,Neutre,Stable,Grand Sourire
11:02:10,1228.57,CONFORT,8.0,5.0,3.0,22.2,5,Neutre,Stable,Grand Sourire
11:02:10,1228.67,CONFORT,8.0,5.0,3.0,22.2,10,Neutre,Stable,Grand Sourire
11:02:10,1228.8,CONFORT,8.0,5.0,3.0,22.2,7,Plisses,Releves,Grand Sourire
11:02:11,1229.01,CONFORT,8.0,5.0,3.0,22.2,4,Neutre,Stable,Grand Sourire
11:02:11,1229.07,CONFORT,8.0,5.0,3.0,22.1,14,Neutre,Stable,Grand Sourire
11:02:11,1229.2,CONFORT,8.0,5.0,3.0,22.1,7,Neutre,Stable,Grand Sourire
11:02:11,1229.39,CONFORT,8.0,5.0,3.0,22.1,5,Neutre,Stable,Grand Sourire
11:02:11,1229.47,CONFORT,-1.0,-4.0,3.0,22.1,11,Neutre,Stable,Grimace / Tension
11:02:11,1229.6,CONFORT,-1.0,-4.0,3.0,22.0,7,Neutre,Stable,Grimace / Tension
11:02:11,1229.77,CONFORT,8.0,5.0,3.0,22.0,5,Neutre,Stable,Grand Sourire
11:02:11,1229.87,CONFORT,-1.0,-4.0,3.0,22.0,10,Neutre,Stable,Grimace / Tension
11:02:12,1230.0,NEUTRE,-1.0,-4.0,3.0,22.0,7,Neutre,Stable,Grimace / Tension
11:02:12,1230.19,NEUTRE,-1.0,-4.0,3.0,22.0,5,Neutre,Stable,Grimace / Tension
11:02:12,1230.27,NEUTRE,-1.0,-4.0,3.0,22.0,11,Neutre,Stable,Grimace / Tension
11:02:12,1230.4,NEUTRE,-1.0,-4.0,3.0,22.0,7,Neutre,Stable,Grimace / Tension
11:02:12,1230.57,NEUTRE,-4.0,-4.0,0.0,22.0,5,Neutre,Stable,Grimace / Tension
11:02:12,1230.67,NEUTRE,-4.0,-4.0,0.0,22.1,9,Neutre,Stable,Grimace / Tension
11:02:12,1230.8,NEUTRE,-5.0,-5.0,0.0,22.1,7,Neutre,Stable,Baillement
11:02:13,1230.98,NEUTRE,-4.0,-4.0,0.0,22.1,5,Neutre,Stable,Grimace / Tension
11:02:13,1231.07,NEUTRE,-5.0,-5.0,0.0,22.1,10,Neutre,Stable,Baillement
11:02:13,1231.2,NEUTRE,-4.0,-4.0,0.0,22.1,7,Ecarquilles,Stable,Grimace / Tension
11:02:13,1231.37,NEUTRE,-4.0,-4.0,0.0,22.1,5,Ecarquilles,Stable,Grimace / Tension
11:02:13,1231.47,NEUTRE,-5.0,-5.0,0.0,22.1,9,Ecarquilles,Stable,Baillement
11:02:13,1231.73,INCONFORT,-4.0,-4.0,0.0,22.0,3,Plisses,Releves,Grimace / Tension
11:02:13,1231.83,INCONFORT,-5.0,-5.0,0.0,21.9,10,Plisses,Stable,Baillement
11:02:14,1231.93,NEUTRE,0.0,0.0,0.0,22.0,10,Neutre,Stable,Parle
11:02:14,1232.05,NEUTRE,0.0,0.0,0.0,22.0,7,Neutre,Stable,Parle
11:02:14,1232.24,NEUTRE,0.0,0.0,0.0,22.0,5,Neutre,Stable,Parle
11:02:14,1232.32,NEUTRE,-5.0,-5.0,0.0,22.0,11,Neutre,Stable,Baillement
11:02:14,1232.45,NEUTRE,-5.0,-5.0,0.0,22.0,7,Neutre,Stable,Baillement
11:02:14,1232.64,NEUTRE,-5.0,-5.0,0.0,22.0,5,Neutre,Stable,Baillement
11:02:14,1232.72,NEUTRE,-5.0,-5.0,0.0,22.0,12,Neutre,Stable,Baillement
11:02:14,1232.85,NEUTRE,-5.0,-5.0,0.0,22.0,7,Ecarquilles,Stable,Baillement
11:02:15,1233.02,NEUTRE,-5.0,-5.0,0.0,22.0,5,Ecarquilles,Stable,Baillement
11:02:15,1233.12,NEUTRE,-5.0,-5.0,0.0,22.0,10,Ecarquilles,Stable,Baillement
11:02:15,1233.25,INCONFORT,-5.0,-5.0,0.0,22.0,7,Ecarquilles,Stable,Baillement
11:02:15,1233.42,INCONFORT,-5.0,-5.0,0.0,21.9,5,Ecarquilles,Stable,Baillement
11:02:15,1233.52,INCONFORT,-5.0,-5.0,0.0,21.8,10,Neutre,Stable,Baillement
11:02:15,1233.65,INCONFORT,-5.0,-5.0,0.0,21.7,7,Neutre,Stable,Baillement
11:02:15,1233.83,INCONFORT,-5.0,-5.0,0.0,21.7,5,Neutre,Stable,Baillement
11:02:16,1233.92,INCONFORT,-5.0,-5.0,0.0,21.6,10,Neutre,Stable,Baillement
11:02:16,1234.05,INCONFORT,-5.0,-5.0,0.0,21.5,7,Plisses,Releves,Baillement
11:02:16,1234.22,INCONFORT,-5.0,-5.0,0.0,21.4,5,Neutre,Stable,Baillement
11:02:16,1234.32,INCONFORT,-5.0,-5.0,0.0,21.4,10,Neutre,Stable,Baillement
11:02:16,1234.45,INCONFORT,-5.0,-5.0,0.0,21.3,7,Neutre,Stable,Baillement
11:02:16,1234.62,INCONFORT,-5.0,-5.0,0.0,21.2,5,Neutre,Stable,Baillement
11:02:16,1234.72,INCONFORT,-5.0,-5.0,0.0,21.2,10,Neutre,Stable,Baillement
11:02:16,1234.85,INCONFORT,-5.0,-5.0,0.0,21.1,7,Neutre,Stable,Baillement
11:02:17,1235.02,INCONFORT,-5.0,-5.0,0.0,21.1,5,Neutre,Stable,Baillement
11:02:17,1235.12,INCONFORT,-5.0,-5.0,0.0,21.0,10,Neutre,Stable,Baillement
11:02:17,1235.25,INCONFORT,5.0,5.0,0.0,20.9,7,Neutre,Stable,Grand Sourire
11:02:17,1235.43,NEUTRE,8.0,5.0,3.0,21.0,5,Neutre,Stable,Grand Sourire
11:02:17,1235.52,NEUTRE,8.0,5.0,3.0,21.0,10,Neutre,Stable,Grand Sourire
11:02:17,1235.65,NEUTRE,8.0,5.0,3.0,21.0,7,Neutre,Stable,Grand Sourire
11:02:17,1235.84,NEUTRE,8.0,5.0,3.0,21.1,5,Neutre,Stable,Grand Sourire
11:02:18,1235.92,NEUTRE,8.0,5.0,3.0,21.1,11,Neutre,Stable,Grand Sourire
11:02:18,1236.05,NEUTRE,8.0,5.0,3.0,21.1,7,Neutre,Stable,Grand Sourire
11:02:18,1236.23,CONFORT,8.0,5.0,3.0,21.1,5,Neutre,Stable,Grand Sourire
11:02:18,1236.32,CONFORT,8.0,5.0,3.0,21.1,10,Neutre,Stable,Grand Sourire
11:02:18,1236.45,CONFORT,8.0,5.0,3.0,21.1,7,Neutre,Stable,Grand Sourire
11:02:18,1236.64,CONFORT,8.0,5.0,3.0,21.1,5,Neutre,Stable,Grand Sourire
11:02:18,1236.72,CONFORT,8.0,5.0,3.0,21.1,12,Neutre,Stable,Grand Sourire
11:02:18,1236.86,CONFORT,8.0,5.0,3.0,21.1,7,Neutre,Stable,Grand Sourire
11:02:19,1237.03,CONFORT,-1.0,-4.0,3.0,21.1,5,Neutre,Stable,Grimace / Tension
11:02:19,1237.12,CONFORT,-1.0,-4.0,3.0,21.1,10,Neutre,Stable,Grimace / Tension
11:02:19,1237.26,CONFORT,-2.0,-5.0,3.0,21.1,7,Ecarquilles,Stable,Baillement
11:02:19,1237.42,NEUTRE,-2.0,-5.0,3.0,21.1,5,Ecarquilles,Stable,Baillement
11:02:19,1237.53,NEUTRE,-2.0,-5.0,3.0,21.1,9,Neutre,Stable,Baillement
11:02:19,1237.65,NEUTRE,-2.0,-5.0,3.0,21.2,7,Neutre,Stable,Baillement
11:02:19,1237.83,NEUTRE,-2.0,-5.0,3.0,21.2,5,Ecarquilles,Stable,Baillement
11:02:20,1237.92,NEUTRE,-2.0,-5.0,3.0,21.2,10,Ecarquilles,Stable,Baillement
11:02:20,1238.05,NEUTRE,-2.0,-5.0,3.0,21.3,7,Ecarquilles,Stable,Baillement
11:02:20,1238.22,NEUTRE,-1.0,-4.0,3.0,21.3,5,Ecarquilles,Stable,Grimace / Tension
11:02:20,1238.31,NEUTRE,-1.0,-4.0,3.0,21.3,12,Ecarquilles,Stable,Grimace / Tension
11:02:20,1238.45,NEUTRE,-1.0,-4.0,3.0,21.3,6,Ecarquilles,Stable,Grimace / Tension
11:02:20,1238.63,NEUTRE,-1.0,-4.0,3.0,21.3,5,Ecarquilles,Stable,Grimace / Tension
11:02:20,1238.72,NEUTRE,-1.0,-4.0,3.0,21.4,11,Neutre,Stable,Grimace / Tension
11:02:20,1238.85,NEUTRE,-1.0,-4.0,3.0,21.4,7,Neutre,Releves,Grimace / Tension
11:02:21,1239.03,NEUTRE,-1.0,-4.0,3.0,21.4,5,Neutre,Stable,Grimace / Tension
11:02:21,1239.12,NEUTRE,-1.0,-4.0,3.0,21.4,10,Neutre,Stable,Grimace / Tension
11:02:21,1239.25,NEUTRE,-1.0,-4.0,3.0,21.5,7,Neutre,Stable,Grimace / Tension
11:02:21,1239.42,NEUTRE,-1.0,-4.0,3.0,21.5,5,Neutre,Stable,Grimace / Tension
11:02:21,1239.52,NEUTRE,-1.0,-4.0,3.0,21.5,10,Neutre,Stable,Grimace / Tension
11:02:21,1239.64,NEUTRE,-1.0,-4.0,3.0,21.5,8,Neutre,Stable,Grimace / Tension
11:02:21,1239.82,NEUTRE,-1.0,-4.0,3.0,21.5,5,Neutre,Stable,Grimace / Tension
11:02:22,1239.91,NEUTRE,-1.0,-4.0,3.0,21.6,11,Plisses,Releves,Grimace / Tension
11:02:22,1240.04,NEUTRE,-1.0,-4.0,3.0,21.6,7,Neutre,Stable,Grimace / Tension
11:02:22,1240.21,NEUTRE,-1.0,-4.0,3.0,21.6,5,Neutre,Stable,Grimace / Tension
11:02:22,1240.31,NEUTRE,-1.0,-4.0,3.0,21.6,9,Neutre,Stable,Grimace / Tension
11:02:22,1240.44,NEUTRE,-1.0,-4.0,3.0,21.6,7,Neutre,Stable,Grimace / Tension
11:02:22,1240.62,NEUTRE,-1.0,-4.0,3.0,21.6,5,Neutre,Stable,Grimace / Tension
11:02:22,1240.72,NEUTRE,-1.0,-4.0,3.0,21.7,10,Ecarquilles,Stable,Grimace / Tension
11:02:22,1240.85,NEUTRE,-1.0,-4.0,3.0,21.7,7,Ecarquilles,Stable,Grimace / Tension
11:02:23,1241.03,NEUTRE,-1.0,-4.0,3.0,21.7,5,Ecarquilles,Stable,Grimace / Tension
11:02:23,1241.12,NEUTRE,-1.0,-4.0,3.0,21.7,10,Ecarquilles,Stable,Grimace / Tension
11:02:23,1241.25,NEUTRE,-1.0,-4.0,3.0,21.7,7,Ecarquilles,Stable,Grimace / Tension
11:02:23,1241.44,NEUTRE,-1.0,-4.0,3.0,21.7,5,Ecarquilles,Stable,Grimace / Tension
11:02:23,1241.52,NEUTRE,-1.0,-4.0,3.0,21.8,11,Ecarquilles,Stable,Grimace / Tension
11:02:23,1241.64,NEUTRE,-1.0,-4.0,3.0,21.8,8,Neutre,Stable,Grimace / Tension
11:02:23,1241.81,NEUTRE,-1.0,-4.0,3.0,21.8,5,Plisses,Releves,Grimace / Tension
11:02:24,1241.91,NEUTRE,-1.0,-4.0,3.0,21.8,10,Plisses,Stable,Grimace / Tension
11:02:24,1242.04,NEUTRE,-1.0,-4.0,3.0,21.8,7,Neutre,Stable,Grimace / Tension
11:02:24,1242.21,NEUTRE,-1.0,-4.0,3.0,21.8,5,Neutre,Stable,Grimace / Tension
11:02:24,1242.31,NEUTRE,-1.0,-4.0,3.0,21.8,9,Neutre,Stable,Grimace / Tension
11:02:24,1242.46,NEUTRE,-1.0,-4.0,3.0,21.9,6,Neutre,Stable,Grimace / Tension
11:02:24,1242.63,NEUTRE,-1.0,-4.0,3.0,21.9,5,Ecarquilles,Stable,Grimace / Tension
11:02:24,1242.72,NEUTRE,-1.0,-4.0,3.0,21.9,10,Ecarquilles,Stable,Grimace / Tension
11:02:25,1242.99,NEUTRE,-1.0,-4.0,3.0,21.9,3,Ecarquilles,Stable,Grimace / Tension
11:02:25,1243.09,NEUTRE,-1.0,-4.0,3.0,21.9,9,Ecarquilles,Stable,Grimace / Tension
11:02:25,1243.18,NEUTRE,-1.0,-4.0,3.0,21.9,11,Ecarquilles,Stable,Grimace / Tension
11:02:25,1243.3,NEUTRE,-1.0,-4.0,3.0,21.9,7,Ecarquilles,Stable,Grimace / Tension
11:02:25,1243.48,NEUTRE,-1.0,-4.0,3.0,21.9,5,Neutre,Stable,Grimace / Tension
11:02:25,1243.58,NEUTRE,-1.0,-4.0,3.0,22.0,10,Neutre,Stable,Grimace / Tension
11:02:25,1243.71,NEUTRE,-1.0,-4.0,3.0,22.0,7,Neutre,Stable,Grimace / Tension
11:02:25,1243.88,NEUTRE,-1.0,-4.0,3.0,22.0,5,Neutre,Stable,Grimace / Tension
11:02:26,1243.98,NEUTRE,-1.0,-4.0,3.0,22.0,10,Neutre,Stable,Grimace / Tension
11:02:26,1244.1,NEUTRE,-1.0,-4.0,3.0,22.0,7,Neutre,Stable,Grimace / Tension
11:02:26,1244.27,NEUTRE,-1.0,-4.0,3.0,22.0,5,Neutre,Stable,Grimace / Tension
11:02:26,1244.37,NEUTRE,-1.0,-4.0,3.0,22.0,10,Neutre,Stable,Grimace / Tension
11:02:26,1244.5,NEUTRE,-1.0,-4.0,3.0,22.0,7,Neutre,Stable,Grimace / Tension
11:02:26,1244.67,NEUTRE,-1.0,-4.0,3.0,22.0,5,Neutre,Stable,Grimace / Tension
11:02:26,1244.78,NEUTRE,-1.0,-4.0,3.0,22.0,9,Plisses,Releves,Grimace / Tension
11:02:27,1244.91,NEUTRE,3.0,0.0,3.0,22.1,7,Plisses,Stable,Parle
11:02:27,1245.08,NEUTRE,3.0,0.0,3.0,22.1,5,Plisses,Releves,Parle
11:02:27,1245.18,NEUTRE,3.0,0.0,3.0,22.1,9,Neutre,Releves,Parle
11:02:27,1245.31,NEUTRE,3.0,0.0,3.0,22.1,7,Neutre,Releves,Parle
11:02:27,1245.48,NEUTRE,-5.0,-5.0,0.0,22.1,5,Neutre,Releves,Baillement
11:02:27,1245.58,NEUTRE,0.0,0.0,0.0,22.1,9,Neutre,Stable,Parle
11:02:27,1245.72,NEUTRE,0.0,0.0,0.0,22.1,7,Neutre,Releves,Parle
11:02:27,1245.89,NEUTRE,0.0,0.0,0.0,22.1,5,Plisses,Releves,Parle
11:02:28,1245.98,NEUTRE,0.0,0.0,0.0,22.1,10,Plisses,Releves,Parle
11:02:28,1246.11,NEUTRE,0.0,0.0,0.0,22.1,7,Neutre,Stable,Parle
11:02:28,1246.28,NEUTRE,0.0,0.0,0.0,22.1,5,Neutre,Stable,Fermee
11:02:28,1246.38,NEUTRE,0.0,0.0,0.0,22.1,10,Neutre,Stable,Fermee
11:02:28,1246.51,NEUTRE,0.0,0.0,0.0,22.2,7,Neutre,Stable,Fermee
11:02:28,1246.69,NEUTRE,0.0,0.0,0.0,22.2,5,Neutre,Stable,Fermee
11:02:28,1246.77,NEUTRE,0.0,0.0,0.0,22.2,12,Neutre,Stable,Fermee
11:02:29,1246.9,NEUTRE,0.0,0.0,0.0,22.2,7,Neutre,Stable,Fermee
11:02:29,1247.08,NEUTRE,0.0,0.0,0.0,22.2,5,Neutre,Stable,Fermee
11:02:29,1247.17,NEUTRE,0.0,0.0,0.0,22.2,10,Neutre,Stable,Fermee
11:02:29,1247.3,NEUTRE,-4.0,-4.0,0.0,22.2,7,Plisses,Releves,Grimace / Tension
11:02:29,1247.49,NEUTRE,0.0,0.0,0.0,22.2,5,Neutre,Stable,Fermee
11:02:29,1247.58,NEUTRE,0.0,0.0,0.0,22.2,10,Neutre,Stable,Fermee
11:02:29,1247.71,NEUTRE,5.0,5.0,0.0,22.2,7,Ecarquilles,Stable,Sourire leger
11:02:30,1247.9,NEUTRE,5.0,5.0,0.0,22.2,5,Ecarquilles,Stable,Sourire leger
11:02:30,1247.98,NEUTRE,5.0,5.0,0.0,22.2,13,Ecarquilles,Stable,Sourire leger
11:02:30,1248.11,NEUTRE,5.0,5.0,0.0,22.2,7,Ecarquilles,Stable,Sourire leger
11:02:30,1248.29,NEUTRE,5.0,5.0,0.0,22.2,5,Ecarquilles,Stable,Sourire leger
11:02:30,1248.37,NEUTRE,5.0,5.0,0.0,22.2,11,Ecarquilles,Stable,Sourire leger
11:02:30,1248.51,NEUTRE,5.0,5.0,0.0,22.2,7,Ecarquilles,Stable,Sourire leger
11:02:30,1248.68,NEUTRE,5.0,5.0,0.0,22.2,5,Ecarquilles,Stable,Sourire leger
11:02:30,1248.77,NEUTRE,0.0,0.0,0.0,22.3,10,Ecarquilles,Stable,Fermee
11:02:31,1248.91,NEUTRE,0.0,0.0,0.0,22.3,7,Neutre,Stable,Parle
11:02:31,1249.1,NEUTRE,-5.0,-5.0,0.0,22.3,5,Ecarquilles,Stable,Baillement
11:02:31,1249.18,NEUTRE,0.0,0.0,0.0,22.3,12,Ecarquilles,Stable,Parle
11:02:31,1249.32,NEUTRE,-5.0,-5.0,0.0,22.3,7,Ecarquilles,Stable,Baillement
11:02:31,1249.49,NEUTRE,-5.0,-5.0,0.0,22.3,5,Ecarquilles,Stable,Baillement
11:02:31,1249.58,NEUTRE,-5.0,-5.0,0.0,22.3,11,Ecarquilles,Stable,Baillement
11:02:31,1249.71,NEUTRE,-5.0,-5.0,0.0,22.3,7,Ecarquilles,Stable,Baillement
11:02:32,1249.9,NEUTRE,0.0,0.0,0.0,22.3,5,Neutre,Stable,Parle
11:02:32,1250.0,NEUTRE,0.0,0.0,0.0,22.3,9,Ecarquilles,Stable,Parle
11:02:32,1250.14,NEUTRE,-5.0,-5.0,0.0,22.3,7,Ecarquilles,Stable,Baillement
11:02:32,1250.31,NEUTRE,-5.0,-5.0,0.0,22.3,5,Ecarquilles,Stable,Baillement
11:02:32,1250.41,NEUTRE,0.0,0.0,0.0,22.3,10,Ecarquilles,Stable,Parle
11:02:32,1250.54,NEUTRE,0.0,0.0,0.0,22.3,7,Ecarquilles,Stable,Parle
11:02:32,1250.71,NEUTRE,0.0,0.0,0.0,22.3,5,Ecarquilles,Stable,Parle
11:02:32,1250.81,NEUTRE,5.0,5.0,0.0,22.3,9,Ecarquilles,Stable,Sourire leger
11:02:33,1250.94,NEUTRE,5.0,5.0,0.0,22.3,7,Ecarquilles,Stable,Grand Sourire
11:02:33,1251.09,NEUTRE,8.0,5.0,3.0,22.3,6,Ecarquilles,Stable,Grand Sourire
11:02:33,1251.21,NEUTRE,8.0,5.0,3.0,22.3,8,Ecarquilles,Stable,Grand Sourire
11:02:33,1251.34,NEUTRE,8.0,5.0,3.0,22.3,7,Ecarquilles,Stable,Grand Sourire
11:02:33,1251.51,NEUTRE,8.0,5.0,3.0,22.3,5,Ecarquilles,Stable,Grand Sourire
11:02:33,1251.59,CONFORT,8.0,5.0,3.0,22.3,11,Ecarquilles,Stable,Grand Sourire
11:02:33,1251.72,CONFORT,-1.0,-4.0,3.0,22.3,7,Ecarquilles,Stable,Grimace / Tension
11:02:34,1251.89,CONFORT,-1.0,-4.0,3.0,22.3,5,Ecarquilles,Stable,Grimace / Tension
11:02:34,1251.99,CONFORT,-1.0,-4.0,3.0,22.2,9,Ecarquilles,Stable,Grimace / Tension
11:02:34,1252.12,NEUTRE,-1.0,-4.0,3.0,22.2,7,Ecarquilles,Stable,Grimace / Tension
11:02:34,1252.31,NEUTRE,-4.0,-4.0,0.0,22.2,5,Ecarquilles,Stable,Grimace / Tension
11:02:34,1252.41,NEUTRE,-4.0,-4.0,0.0,22.2,10,Ecarquilles,Stable,Grimace / Tension
11:02:34,1252.54,NEUTRE,-4.0,-4.0,0.0,22.3,7,Ecarquilles,Stable,Grimace / Tension
11:02:34,1252.71,NEUTRE,-4.0,-4.0,0.0,22.3,5,Ecarquilles,Stable,Grimace / Tension
11:02:34,1252.79,NEUTRE,-4.0,-4.0,0.0,22.3,12,Neutre,Stable,Grimace / Tension
11:02:35,1252.94,NEUTRE,-4.0,-4.0,0.0,22.3,6,Ecarquilles,Stable,Grimace / Tension
11:02:35,1253.09,NEUTRE,-4.0,-4.0,0.0,22.3,6,Ecarquilles,Stable,Grimace / Tension
11:02:35,1253.19,NEUTRE,-4.0,-4.0,0.0,22.3,9,Ecarquilles,Stable,Grimace / Tension
11:02:35,1253.32,NEUTRE,-4.0,-4.0,0.0,22.3,7,Ecarquilles,Stable,Grimace / Tension
11:02:35,1253.49,NEUTRE,8.0,5.0,3.0,22.3,5,Ecarquilles,Stable,Grand Sourire
11:02:35,1253.59,NEUTRE,8.0,5.0,3.0,22.3,9,Plisses,Releves,Grand Sourire
11:02:35,1253.72,NEUTRE,8.0,5.0,3.0,22.3,7,Neutre,Stable,Grand Sourire
11:02:36,1253.91,NEUTRE,-4.0,-4.0,0.0,22.3,5,Neutre,Stable,Grimace / Tension
11:02:36,1253.99,NEUTRE,-4.0,-4.0,0.0,22.3,12,Neutre,Stable,Grimace / Tension
11:02:36,1254.25,NEUTRE,-4.0,-4.0,0.0,22.3,3,Neutre,Stable,Grimace / Tension
11:02:36,1254.36,NEUTRE,0.0,0.0,0.0,22.3,8,Neutre,Stable,Parle
11:02:36,1254.44,NEUTRE,0.0,0.0,0.0,22.3,12,Neutre,Stable,Parle
11:02:36,1254.57,NEUTRE,0.0,0.0,0.0,22.3,7,Neutre,Stable,Parle
11:02:36,1254.74,NEUTRE,0.0,0.0,0.0,22.3,5,Neutre,Stable,Parle
11:02:36,1254.84,NEUTRE,0.0,0.0,0.0,22.3,9,Neutre,Stable,Parle
11:02:37,1254.97,NEUTRE,0.0,0.0,0.0,22.3,7,Neutre,Stable,Parle
11:02:37,1255.14,NEUTRE,0.0,0.0,0.0,22.3,5,Neutre,Stable,Parle
11:02:37,1255.24,NEUTRE,0.0,0.0,0.0,22.3,9,Neutre,Stable,Parle
11:02:37,1255.37,NEUTRE,0.0,0.0,0.0,22.3,7,Neutre,Stable,Parle
11:02:37,1255.54,NEUTRE,0.0,0.0,0.0,22.3,5,Neutre,Stable,Parle
11:02:37,1255.64,NEUTRE,0.0,0.0,0.0,22.3,9,Neutre,Stable,Parle
11:02:37,1255.77,NEUTRE,0.0,0.0,0.0,22.3,7,Ecarquilles,Stable,Parle
11:02:38,1255.94,NEUTRE,0.0,0.0,0.0,22.4,5,Ecarquilles,Stable,Parle
11:02:38,1256.04,NEUTRE,0.0,0.0,0.0,22.4,10,Ecarquilles,Stable,Fermee
11:02:38,1256.17,NEUTRE,0.0,0.0,0.0,22.4,7,Ecarquilles,Stable,Fermee
11:02:38,1256.34,NEUTRE,0.0,0.0,0.0,22.4,5,Ecarquilles,Stable,Fermee
11:02:38,1256.42,NEUTRE,0.0,0.0,0.0,22.4,12,Plisses,Stable,Fermee
11:02:38,1256.56,NEUTRE,0.0,0.0,0.0,22.4,7,Plisses,Stable,Fermee
11:02:38,1256.73,NEUTRE,0.0,0.0,0.0,22.4,5,Ecarquilles,Stable,Fermee
11:02:38,1256.83,NEUTRE,0.0,0.0,0.0,22.4,9,Ecarquilles,Stable,Fermee
11:02:39,1256.96,NEUTRE,0.0,0.0,0.0,22.4,7,Ecarquilles,Stable,Fermee
11:02:39,1257.12,NEUTRE,0.0,0.0,0.0,22.4,6,Ecarquilles,Stable,Fermee
11:02:39,1257.22,NEUTRE,0.0,0.0,0.0,22.4,9,Ecarquilles,Stable,Fermee
11:02:39,1257.36,NEUTRE,0.0,0.0,0.0,22.4,7,Ecarquilles,Stable,Fermee
11:02:39,1257.52,NEUTRE,0.0,0.0,0.0,22.4,5,Ecarquilles,Stable,Fermee
11:02:39,1257.63,NEUTRE,0.0,0.0,0.0,22.4,9,Ecarquilles,Stable,Fermee
11:02:39,1257.76,NEUTRE,0.0,0.0,0.0,22.4,7,Plisses,Releves,Fermee
11:02:40,1257.96,NEUTRE,0.0,0.0,0.0,22.4,4,Ecarquilles,Stable,Parle
11:02:40,1258.03,NEUTRE,0.0,0.0,0.0,22.4,14,Ecarquilles,Stable,Fermee
11:02:40,1258.16,NEUTRE,0.0,0.0,0.0,22.4,7,Ecarquilles,Stable,Fermee
11:02:40,1258.33,NEUTRE,0.0,0.0,0.0,22.4,5,Ecarquilles,Stable,Fermee
11:02:40,1258.43,NEUTRE,0.0,0.0,0.0,22.4,10,Ecarquilles,Stable,Fermee
11:02:40,1258.56,NEUTRE,0.0,0.0,0.0,22.4,7,Ecarquilles,Stable,Fermee
11:02:40,1258.73,NEUTRE,0.0,0.0,0.0,22.4,5,Ecarquilles,Stable,Fermee
11:02:40,1258.82,NEUTRE,0.0,0.0,0.0,22.4,10,Ecarquilles,Stable,Fermee
11:02:41,1258.96,NEUTRE,0.0,0.0,0.0,22.4,7,Plisses,Releves,Fermee
11:02:41,1259.14,NEUTRE,0.0,0.0,0.0,22.4,5,Neutre,Stable,Fermee
11:02:41,1259.23,NEUTRE,0.0,0.0,0.0,22.4,11,Neutre,Stable,Fermee
11:02:41,1259.36,NEUTRE,0.0,0.0,0.0,22.4,7,Ecarquilles,Stable,Fermee
11:02:41,1259.53,NEUTRE,0.0,0.0,0.0,22.4,5,Neutre,Stable,Fermee
11:02:41,1259.63,NEUTRE,0.0,0.0,0.0,22.4,9,Neutre,Stable,Fermee
11:02:41,1259.76,NEUTRE,0.0,0.0,0.0,22.4,7,Neutre,Stable,Fermee
11:02:42,1259.92,NEUTRE,0.0,0.0,0.0,22.4,5,Neutre,Stable,Fermee
11:02:42,1260.02,NEUTRE,0.0,0.0,0.0,22.4,10,Neutre,Stable,Fermee
11:02:42,1260.16,NEUTRE,0.0,0.0,0.0,22.4,7,Plisses,Stable,Fermee
11:02:42,1260.32,NEUTRE,0.0,0.0,0.0,22.4,5,Neutre,Stable,Fermee
11:02:42,1260.42,NEUTRE,0.0,0.0,0.0,22.4,9,Ecarquilles,Stable,Fermee
11:02:42,1260.56,NEUTRE,0.0,0.0,0.0,22.4,7,Ecarquilles,Stable,Fermee
11:02:42,1260.72,NEUTRE,0.0,0.0,0.0,22.4,5,Neutre,Stable,Fermee
11:02:42,1260.82,NEUTRE,0.0,0.0,0.0,22.4,9,Ecarquilles,Stable,Fermee
11:02:43,1260.96,NEUTRE,0.0,0.0,0.0,22.4,7,Ecarquilles,Stable,Fermee
11:02:43,1261.14,NEUTRE,0.0,0.0,0.0,22.4,5,Ecarquilles,Stable,Parle
11:02:43,1261.23,NEUTRE,0.0,0.0,0.0,22.4,11,Ecarquilles,Stable,Parle
11:02:43,1261.36,NEUTRE,0.0,0.0,0.0,22.4,7,Ecarquilles,Stable,Parle
11:02:43,1261.53,NEUTRE,0.0,0.0,0.0,22.4,5,Ecarquilles,Stable,Parle
11:02:43,1261.63,NEUTRE,0.0,0.0,0.0,22.4,9,Ecarquilles,Stable,Parle
11:02:43,1261.75,NEUTRE,0.0,0.0,0.0,22.4,7,Plisses,Stable,Parle
11:02:44,1261.93,NEUTRE,0.0,0.0,0.0,22.4,5,Ecarquilles,Stable,Fermee
11:02:44,1262.03,NEUTRE,0.0,0.0,0.0,22.4,9,Ecarquilles,Stable,Parle
11:02:44,1262.16,NEUTRE,0.0,0.0,0.0,22.4,7,Plisses,Stable,Parle
11:02:44,1262.32,NEUTRE,0.0,0.0,0.0,22.4,5,Ecarquilles,Stable,Parle
11:02:44,1262.43,NEUTRE,-5.0,-5.0,0.0,22.4,9,Ecarquilles,Stable,Baillement
11:02:44,1262.56,NEUTRE,0.0,0.0,0.0,22.4,7,Ecarquilles,Stable,Parle
11:02:44,1262.74,NEUTRE,0.0,0.0,0.0,22.4,5,Ecarquilles,Stable,Parle
11:02:44,1262.82,NEUTRE,0.0,0.0,0.0,22.4,12,Ecarquilles,Stable,Parle
11:02:45,1262.96,NEUTRE,0.0,0.0,0.0,22.4,7,Ecarquilles,Stable,Parle
11:02:45,1263.12,NEUTRE,0.0,0.0,0.0,22.4,5,Ecarquilles,Stable,Parle
11:02:45,1263.23,NEUTRE,0.0,0.0,0.0,22.5,9,Ecarquilles,Stable,Fermee
11:02:45,1263.36,NEUTRE,0.0,0.0,0.0,22.5,7,Ecarquilles,Stable,Fermee
11:02:45,1263.53,NEUTRE,0.0,0.0,0.0,22.5,5,Ecarquilles,Stable,Fermee
11:02:45,1263.62,NEUTRE,0.0,0.0,0.0,22.5,10,Ecarquilles,Stable,Fermee
11:02:45,1263.76,NEUTRE,0.0,0.0,0.0,22.5,7,Ecarquilles,Stable,Fermee
11:02:46,1263.94,NEUTRE,0.0,0.0,0.0,22.5,5,Ecarquilles,Stable,Fermee
11:02:46,1264.03,NEUTRE,0.0,0.0,0.0,22.5,11,Ecarquilles,Stable,Fermee
11:02:46,1264.16,NEUTRE,0.0,0.0,0.0,22.5,7,Ecarquilles,Stable,Fermee
11:02:46,1264.32,NEUTRE,-6.0,-6.0,0.0,22.5,6,Ecarquilles,Fronces,Fermee
11:02:46,1264.43,NEUTRE,0.0,0.0,0.0,22.5,9,Ecarquilles,Stable,Fermee
11:02:46,1264.56,NEUTRE,-6.0,-6.0,0.0,22.5,7,Ecarquilles,Fronces,Fermee
11:02:46,1264.73,NEUTRE,0.0,0.0,0.0,22.5,5,Ecarquilles,Stable,Fermee
11:02:46,1264.83,NEUTRE,0.0,0.0,0.0,22.5,10,Ecarquilles,Stable,Fermee
11:02:47,1265.07,NEUTRE,0.0,0.0,0.0,22.5,4,Ecarquilles,Stable,Fermee
11:02:47,1265.16,NEUTRE,0.0,0.0,0.0,22.5,11,Ecarquilles,Stable,Fermee
11:02:47,1265.26,NEUTRE,0.0,0.0,0.0,22.5,9,Ecarquilles,Stable,Fermee
11:02:47,1265.39,NEUTRE,0.0,0.0,0.0,22.5,7,Ecarquilles,Stable,Fermee
11:02:47,1265.56,NEUTRE,0.0,0.0,0.0,22.5,5,Neutre,Stable,Fermee
11:02:47,1265.66,NEUTRE,0.0,0.0,0.0,22.5,9,Neutre,Stable,Fermee
11:02:47,1265.79,NEUTRE,0.0,0.0,0.0,22.5,7,Ecarquilles,Stable,Fermee
11:02:48,1265.96,NEUTRE,0.0,0.0,0.0,22.5,5,Ecarquilles,Stable,Parle
11:02:48,1266.06,NEUTRE,0.0,0.0,0.0,22.5,9,Ecarquilles,Stable,Fermee
11:02:48,1266.19,NEUTRE,0.0,0.0,0.0,22.5,7,Ecarquilles,Stable,Fermee
11:02:48,1266.36,NEUTRE,0.0,0.0,0.0,22.5,5,Plisses,Stable,Parle
11:02:48,1266.46,NEUTRE,0.0,0.0,0.0,22.5,9,Neutre,Stable,Parle
11:02:48,1266.59,NEUTRE,0.0,0.0,0.0,22.5,7,Ecarquilles,Stable,Parle
11:02:48,1266.76,NEUTRE,0.0,0.0,0.0,22.5,5,Ecarquilles,Stable,Parle
11:02:48,1266.86,NEUTRE,0.0,0.0,0.0,22.5,9,Ecarquilles,Stable,Parle
11:02:49,1266.99,NEUTRE,0.0,0.0,0.0,22.5,7,Ecarquilles,Stable,Parle
11:02:49,1267.16,NEUTRE,0.0,0.0,0.0,22.5,5,Ecarquilles,Stable,Fermee
11:02:49,1267.26,NEUTRE,0.0,0.0,0.0,22.5,10,Plisses,Stable,Fermee
11:02:49,1267.4,NEUTRE,0.0,0.0,0.0,22.5,6,Ecarquilles,Stable,Fermee
11:02:49,1267.58,NEUTRE,0.0,0.0,0.0,22.5,5,Ecarquilles,Stable,Fermee
11:02:49,1267.68,NEUTRE,0.0,0.0,0.0,22.5,10,Ecarquilles,Stable,Parle
11:02:49,1267.81,NEUTRE,0.0,0.0,0.0,22.5,7,Ecarquilles,Stable,Parle
11:02:50,1267.98,NEUTRE,0.0,0.0,0.0,22.5,5,Ecarquilles,Stable,Parle
11:02:50,1268.08,NEUTRE,-6.0,-6.0,0.0,22.5,10,Ecarquilles,Fronces,Fermee
11:02:50,1268.21,NEUTRE,-6.0,-6.0,0.0,22.5,7,Ecarquilles,Fronces,Fermee
11:02:50,1268.38,NEUTRE,-6.0,-6.0,0.0,22.5,5,Ecarquilles,Fronces,Fermee
11:02:50,1268.48,NEUTRE,-6.0,-6.0,0.0,22.5,10,Ecarquilles,Fronces,Fermee
11:02:50,1268.61,NEUTRE,-6.0,-6.0,0.0,22.5,7,Ecarquilles,Fronces,Fermee
11:02:50,1268.78,NEUTRE,-9.0,-6.0,-3.0,22.5,5,Ecarquilles,Fronces,Fermee
11:02:50,1268.88,INCONFORT,-9.0,-6.0,-3.0,22.4,10,Ecarquilles,Fronces,Fermee
11:02:51,1269.01,INCONFORT,-9.0,-6.0,-3.0,22.3,7,Ecarquilles,Fronces,Fermee
11:02:51,1269.18,INCONFORT,-6.0,-6.0,0.0,22.2,5,Ecarquilles,Fronces,Fermee
11:02:51,1269.28,INCONFORT,-6.0,-6.0,0.0,22.1,9,Ecarquilles,Fronces,Fermee
11:02:51,1269.41,INCONFORT,-6.0,-6.0,0.0,22.0,7,Ecarquilles,Fronces,Fermee
11:02:51,1269.59,INCONFORT,-6.0,-6.0,0.0,22.0,5,Ecarquilles,Fronces,Parle
11:02:51,1269.68,INCONFORT,-6.0,-6.0,0.0,21.9,10,Ecarquilles,Fronces,Parle
11:02:51,1269.8,INCONFORT,-6.0,-6.0,0.0,21.8,7,Ecarquilles,Fronces,Parle
11:02:52,1269.98,INCONFORT,-6.0,-6.0,0.0,21.7,5,Ecarquilles,Fronces,Parle
11:02:52,1270.08,INCONFORT,-6.0,-6.0,0.0,21.7,10,Ecarquilles,Fronces,Parle
11:02:52,1270.21,INCONFORT,-6.0,-6.0,0.0,21.6,7,Neutre,Fronces,Parle
11:02:52,1270.38,INCONFORT,-6.0,-6.0,0.0,21.5,5,Ecarquilles,Fronces,Parle
11:02:52,1270.48,INCONFORT,-6.0,-6.0,0.0,21.4,10,Ecarquilles,Fronces,Parle
11:02:52,1270.61,INCONFORT,-6.0,-6.0,0.0,21.4,7,Plisses,Fronces,Parle
11:02:52,1270.78,INCONFORT,-6.0,-6.0,0.0,21.3,5,Neutre,Fronces,Parle
11:02:52,1270.87,INCONFORT,-6.0,-6.0,0.0,21.2,11,Ecarquilles,Fronces,Parle
11:02:53,1271.0,INCONFORT,-11.0,-11.0,0.0,21.2,7,Neutre,Fronces,Baillement
11:02:53,1271.17,INCONFORT,-11.0,-11.0,0.0,21.1,5,Neutre,Fronces,Baillement
11:02:53,1271.27,INCONFORT,-11.0,-11.0,0.0,21.1,10,Neutre,Fronces,Baillement
11:02:53,1271.4,INCONFORT,-11.0,-11.0,0.0,21.0,7,Neutre,Fronces,Baillement
11:02:53,1271.59,INCONFORT,-11.0,-11.0,0.0,20.9,5,Neutre,Fronces,Baillement
11:02:53,1271.66,INCONFORT,-11.0,-11.0,0.0,20.9,15,Neutre,Fronces,Baillement
11:02:53,1271.79,INCONFORT,-4.0,-4.0,0.0,20.8,7,Neutre,Stable,Grimace / Tension
11:02:54,1271.97,INCONFORT,-4.0,-4.0,0.0,20.8,5,Neutre,Stable,Grimace / Tension
11:02:54,1272.06,INCONFORT,-4.0,-4.0,0.0,20.7,10,Neutre,Stable,Grimace / Tension
11:02:54,1272.19,INCONFORT,-4.0,-4.0,0.0,20.6,7,Neutre,Stable,Grimace / Tension
11:02:54,1272.36,INCONFORT,-4.0,-4.0,0.0,20.6,6,Neutre,Stable,Grimace / Tension
11:02:54,1272.46,INCONFORT,5.0,5.0,0.0,20.5,9,Neutre,Stable,Sourire leger
11:02:54,1272.59,INCONFORT,5.0,5.0,0.0,20.5,7,Plisses,Stable,Sourire leger
11:02:54,1272.77,NEUTRE,-4.0,-4.0,0.0,20.5,5,Plisses,Stable,Grimace / Tension
11:02:54,1272.86,NEUTRE,-4.0,-4.0,0.0,20.6,11,Ecarquilles,Stable,Grimace / Tension
11:02:55,1273.0,NEUTRE,0.0,0.0,0.0,20.6,7,Ecarquilles,Stable,Fermee
11:02:55,1273.17,NEUTRE,0.0,0.0,0.0,20.6,6,Ecarquilles,Stable,Fermee
11:02:55,1273.27,NEUTRE,5.0,5.0,0.0,20.7,9,Plisses,Releves,Sourire leger
11:02:55,1273.4,NEUTRE,5.0,5.0,0.0,20.7,7,Ecarquilles,Releves,Sourire leger
11:02:55,1273.57,NEUTRE,5.0,5.0,0.0,20.8,5,Ecarquilles,Releves,Sourire leger
11:02:55,1273.67,NEUTRE,5.0,5.0,0.0,20.8,10,Ecarquilles,Releves,Grand Sourire
11:02:55,1273.79,NEUTRE,5.0,5.0,0.0,20.8,7,Ecarquilles,Releves,Sourire leger
11:02:56,1273.96,NEUTRE,5.0,5.0,0.0,20.9,5,Ecarquilles,Releves,Sourire leger
11:02:56,1274.06,NEUTRE,5.0,5.0,0.0,20.9,9,Ecarquilles,Releves,Sourire leger
11:02:56,1274.19,NEUTRE,0.0,0.0,0.0,20.9,7,Ecarquilles,Stable,Parle
11:02:56,1274.37,NEUTRE,0.0,0.0,0.0,21.0,5,Ecarquilles,Releves,Parle
11:02:56,1274.46,NEUTRE,0.0,0.0,0.0,21.0,10,Ecarquilles,Releves,Parle
11:02:56,1274.6,NEUTRE,0.0,0.0,0.0,21.0,7,Neutre,Stable,Parle
11:02:56,1274.78,NEUTRE,-6.0,-6.0,0.0,21.0,5,Neutre,Fronces,Parle
11:02:56,1274.87,NEUTRE,-6.0,-6.0,0.0,21.1,11,Plisses,Fronces,Parle
11:02:57,1275.0,NEUTRE,-6.0,-6.0,0.0,21.1,7,Plisses,Fronces,Parle
11:02:57,1275.17,NEUTRE,-6.0,-6.0,0.0,21.1,5,Neutre,Fronces,Parle
11:02:57,1275.26,NEUTRE,-6.0,-6.0,0.0,21.2,10,Neutre,Fronces,Parle
11:02:57,1275.39,NEUTRE,-6.0,-6.0,0.0,21.2,7,Neutre,Fronces,Parle
11:02:57,1275.58,INCONFORT,-6.0,-6.0,0.0,21.1,5,Neutre,Fronces,Fermee
11:02:57,1275.66,INCONFORT,-6.0,-6.0,0.0,21.1,11,Neutre,Fronces,Fermee
11:02:57,1275.8,INCONFORT,-6.0,-6.0,0.0,21.0,7,Neutre,Fronces,Fermee
11:02:58,1275.98,INCONFORT,-6.0,-6.0,0.0,20.9,5,Neutre,Fronces,Fermee
11:02:58,1276.06,INCONFORT,-6.0,-6.0,0.0,20.9,12,Plisses,Fronces,Parle
11:02:58,1276.33,INCONFORT,-6.0,-6.0,0.0,20.8,3,Plisses,Fronces,Parle
11:02:58,1276.42,INCONFORT,-6.0,-6.0,0.0,20.8,10,Neutre,Fronces,Parle
11:02:58,1276.52,INCONFORT,-6.0,-6.0,0.0,20.7,10,Neutre,Fronces,Parle
11:02:58,1276.66,INCONFORT,-6.0,-6.0,0.0,20.7,7,Neutre,Fronces,Parle
11:02:58,1276.82,INCONFORT,-6.0,-6.0,0.0,20.6,6,Neutre,Fronces,Parle
11:02:59,1276.91,INCONFORT,-6.0,-6.0,0.0,20.6,10,Neutre,Fronces,Parle
11:02:59,1277.04,INCONFORT,0.0,0.0,0.0,20.5,7,Plisses,Releves,Parle
11:02:59,1277.22,INCONFORT,0.0,0.0,0.0,20.5,5,Neutre,Stable,Parle
11:02:59,1277.32,INCONFORT,0.0,0.0,0.0,20.4,10,Neutre,Stable,Parle
11:02:59,1277.45,NEUTRE,0.0,0.0,0.0,20.4,7,Neutre,Stable,Parle
11:02:59,1277.63,NEUTRE,0.0,0.0,0.0,20.5,5,Neutre,Stable,Parle
11:02:59,1277.71,NEUTRE,-5.0,-5.0,0.0,20.5,11,Neutre,Stable,Baillement
11:02:59,1277.85,NEUTRE,0.0,0.0,0.0,20.6,7,Neutre,Stable,Parle
11:03:00,1278.02,NEUTRE,-5.0,-5.0,0.0,20.6,5,Neutre,Stable,Baillement
11:03:00,1278.12,NEUTRE,-5.0,-5.0,0.0,20.6,9,Neutre,Stable,Baillement
11:03:00,1278.24,NEUTRE,0.0,0.0,0.0,20.7,8,Neutre,Stable,Fermee
11:03:00,1278.42,NEUTRE,0.0,0.0,0.0,20.7,5,Neutre,Stable,Fermee
11:03:00,1278.52,NEUTRE,0.0,0.0,0.0,20.8,9,Neutre,Stable,Fermee
11:03:00,1278.65,NEUTRE,0.0,0.0,0.0,20.8,7,Neutre,Stable,Fermee
11:03:00,1278.83,NEUTRE,0.0,0.0,0.0,20.8,5,Neutre,Stable,Fermee
11:03:01,1278.92,NEUTRE,0.0,0.0,0.0,20.9,11,Neutre,Stable,Fermee
11:03:01,1279.05,NEUTRE,0.0,0.0,0.0,20.9,7,Neutre,Stable,Fermee
11:03:01,1279.23,NEUTRE,0.0,0.0,0.0,20.9,5,Neutre,Stable,Fermee
11:03:01,1279.32,NEUTRE,0.0,0.0,0.0,21.0,10,Neutre,Stable,Fermee
11:03:01,1279.45,NEUTRE,0.0,0.0,0.0,21.0,7,Neutre,Stable,Fermee
11:03:01,1279.68,NEUTRE,0.0,0.0,0.0,21.0,4,Neutre,Stable,Fermee
11:03:01,1279.76,NEUTRE,0.0,0.0,0.0,21.0,12,Neutre,Stable,Fermee
11:03:02,1279.91,NEUTRE,0.0,0.0,0.0,21.1,6,Neutre,Stable,Fermee
11:03:02,1280.09,NEUTRE,0.0,0.0,0.0,21.1,5,Neutre,Stable,Fermee
11:03:02,1280.2,NEUTRE,0.0,0.0,0.0,21.1,9,Neutre,Stable,Fermee
11:03:02,1280.32,NEUTRE,0.0,0.0,0.0,21.2,7,Plisses,Releves,Fermee
11:03:02,1280.5,NEUTRE,0.0,0.0,0.0,21.2,5,Plisses,Stable,Fermee
11:03:02,1280.6,NEUTRE,0.0,0.0,0.0,21.2,9,Neutre,Stable,Fermee
11:03:02,1280.72,NEUTRE,0.0,0.0,0.0,21.2,7,Plisses,Stable,Fermee
11:03:03,1280.9,NEUTRE,0.0,0.0,0.0,21.3,5,Neutre,Stable,Fermee
11:03:03,1281.0,NEUTRE,0.0,0.0,0.0,21.3,9,Plisses,Releves,Fermee
11:03:03,1281.11,NEUTRE,0.0,0.0,0.0,21.3,9,Plisses,Releves,Fermee
11:03:03,1281.29,NEUTRE,0.0,0.0,0.0,21.3,5,Plisses,Releves,Fermee
11:03:03,1281.38,NEUTRE,0.0,0.0,0.0,21.4,11,Plisses,Stable,Fermee
11:03:03,1281.51,NEUTRE,0.0,0.0,0.0,21.4,7,Neutre,Stable,Fermee
11:03:03,1281.68,NEUTRE,0.0,0.0,0.0,21.4,5,Neutre,Stable,Fermee
11:03:03,1281.78,NEUTRE,0.0,0.0,0.0,21.4,10,Plisses,Releves,Fermee
11:03:04,1281.91,NEUTRE,0.0,0.0,0.0,21.4,7,Plisses,Releves,Fermee
11:03:04,1282.08,NEUTRE,0.0,0.0,0.0,21.5,5,Plisses,Releves,Parle
11:03:04,1282.18,NEUTRE,0.0,0.0,0.0,21.5,10,Plisses,Releves,Parle
11:03:04,1282.3,NEUTRE,0.0,0.0,0.0,21.5,8,Plisses,Releves,Parle
11:03:04,1282.49,NEUTRE,0.0,0.0,0.0,21.5,5,Plisses,Releves,Fermee
11:03:04,1282.58,NEUTRE,0.0,0.0,0.0,21.5,11,Neutre,Stable,Fermee
11:03:04,1282.71,NEUTRE,0.0,0.0,0.0,21.6,7,Neutre,Stable,Fermee
11:03:04,1282.89,NEUTRE,0.0,0.0,0.0,21.6,5,Neutre,Stable,Fermee
11:03:05,1282.98,NEUTRE,0.0,0.0,0.0,21.6,10,Neutre,Stable,Fermee
11:03:05,1283.11,NEUTRE,0.0,0.0,0.0,21.6,7,Neutre,Stable,Fermee
11:03:05,1283.3,NEUTRE,0.0,0.0,0.0,21.6,5,Plisses,Stable,Fermee
12:23:05,6083.58,NEUTRE,-4.0,-4.0,0.0,21.7,0,Neutre,Stable,Grimace / Tension
12:23:05,6083.77,NEUTRE,-1.0,-4.0,3.0,21.7,5,Neutre,Stable,Grimace / Tension
12:23:05,6083.85,NEUTRE,-7.0,-10.0,3.0,21.7,13,Neutre,Fronces,Grimace / Tension
12:23:06,6084.0,NEUTRE,-1.0,-4.0,3.0,21.7,6,Neutre,Stable,Grimace / Tension
12:23:06,6084.19,NEUTRE,-1.0,-4.0,3.0,21.7,5,Neutre,Stable,Grimace / Tension
12:23:06,6084.27,NEUTRE,-7.0,-10.0,3.0,21.7,12,Neutre,Fronces,Grimace / Tension
12:23:06,6084.4,NEUTRE,-1.0,-4.0,3.0,21.8,7,Neutre,Stable,Grimace / Tension
12:23:06,6084.59,NEUTRE,-1.0,-4.0,3.0,21.8,5,Neutre,Stable,Grimace / Tension
12:23:06,6084.67,NEUTRE,-1.0,-4.0,3.0,21.8,13,Neutre,Stable,Grimace / Tension
12:23:06,6084.8,NEUTRE,-1.0,-4.0,3.0,21.8,7,Neutre,Stable,Grimace / Tension
12:23:07,6085.03,NEUTRE,-1.0,-4.0,3.0,21.8,4,Plisses,Stable,Grimace / Tension
12:23:07,6085.1,NEUTRE,-1.0,-4.0,3.0,21.8,14,Neutre,Stable,Grimace / Tension
12:23:07,6085.23,NEUTRE,8.0,5.0,3.0,21.8,7,Neutre,Stable,Grand Sourire
12:23:07,6085.43,NEUTRE,8.0,5.0,3.0,21.8,5,Plisses,Stable,Grand Sourire
12:23:07,6085.5,NEUTRE,8.0,5.0,3.0,21.9,14,Plisses,Stable,Grand Sourire
12:23:07,6085.64,NEUTRE,8.0,5.0,3.0,21.9,7,Plisses,Stable,Grand Sourire
12:23:07,6085.82,NEUTRE,8.0,5.0,3.0,21.9,5,Neutre,Stable,Grand Sourire
12:23:08,6085.9,NEUTRE,8.0,5.0,3.0,21.9,11,Neutre,Stable,Grand Sourire
12:23:08,6086.03,CONFORT,8.0,5.0,3.0,21.9,8,Neutre,Stable,Sourire leger
12:23:08,6086.2,CONFORT,8.0,5.0,3.0,21.9,5,Neutre,Stable,Sourire leger
12:23:08,6086.3,CONFORT,8.0,5.0,3.0,21.8,10,Ecarquilles,Stable,Sourire leger
12:23:08,6086.43,CONFORT,8.0,5.0,3.0,21.8,7,Ecarquilles,Stable,Sourire leger
12:23:08,6086.62,CONFORT,5.0,5.0,0.0,21.8,5,Ecarquilles,Stable,Sourire leger
12:23:08,6086.7,CONFORT,5.0,5.0,0.0,21.8,13,Ecarquilles,Stable,Grand Sourire
12:23:08,6086.83,CONFORT,5.0,5.0,0.0,21.8,7,Neutre,Stable,Grand Sourire
12:23:09,6087.01,CONFORT,8.0,5.0,3.0,21.8,5,Neutre,Stable,Grand Sourire
12:23:09,6087.1,CONFORT,8.0,5.0,3.0,21.8,11,Neutre,Stable,Grand Sourire
12:23:09,6087.23,CONFORT,8.0,5.0,3.0,21.7,7,Neutre,Stable,Grand Sourire
12:23:09,6087.4,CONFORT,8.0,5.0,3.0,21.7,5,Ecarquilles,Stable,Grand Sourire
12:23:09,6087.5,CONFORT,8.0,5.0,3.0,21.7,10,Neutre,Stable,Grand Sourire
12:23:09,6087.63,CONFORT,8.0,5.0,3.0,21.7,7,Plisses,Stable,Grand Sourire
12:23:10,6088.02,CONFORT,5.0,5.0,0.0,21.7,2,Neutre,Stable,Grand Sourire
12:23:10,6088.08,CONFORT,-1.0,-1.0,0.0,21.7,15,Ecarquilles,Fronces,Sourire leger
12:23:10,6088.2,CONFORT,-1.0,-1.0,0.0,21.7,8,Ecarquilles,Fronces,Sourire leger
12:23:10,6088.38,CONFORT,-1.0,-1.0,0.0,21.6,5,Ecarquilles,Fronces,Sourire leger
12:23:10,6088.48,NEUTRE,-1.0,-1.0,0.0,21.7,10,Ecarquilles,Fronces,Sourire leger
12:23:10,6088.6,NEUTRE,-1.0,-1.0,0.0,21.7,8,Ecarquilles,Fronces,Sourire leger
12:23:10,6088.79,NEUTRE,-1.0,-1.0,0.0,21.7,5,Ecarquilles,Fronces,Sourire leger
12:23:10,6088.87,NEUTRE,-1.0,-1.0,0.0,21.7,13,Ecarquilles,Fronces,Sourire leger
12:23:11,6089.0,NEUTRE,5.0,5.0,0.0,21.7,7,Ecarquilles,Releves,Sourire leger
12:23:11,6089.18,NEUTRE,8.0,5.0,3.0,21.7,5,Ecarquilles,Releves,Sourire leger
12:23:11,6089.28,NEUTRE,8.0,5.0,3.0,21.8,10,Ecarquilles,Releves,Sourire leger
12:23:11,6089.41,NEUTRE,8.0,5.0,3.0,21.8,7,Ecarquilles,Releves,Sourire leger
12:23:11,6089.62,NEUTRE,5.0,5.0,0.0,21.8,4,Ecarquilles,Releves,Sourire leger
12:23:11,6089.68,NEUTRE,5.0,5.0,0.0,21.8,17,Ecarquilles,Releves,Sourire leger
12:23:11,6089.81,NEUTRE,5.0,5.0,0.0,21.8,7,Ecarquilles,Stable,Sourire leger
12:23:12,6090.0,NEUTRE,-1.0,-1.0,0.0,21.8,5,Ecarquilles,Fronces,Sourire leger
12:23:12,6090.08,NEUTRE,-1.0,-1.0,0.0,21.8,11,Ecarquilles,Fronces,Sourire leger
12:23:12,6090.2,NEUTRE,-1.0,-1.0,0.0,21.9,8,Ecarquilles,Fronces,Sourire leger
12:23:12,6090.38,NEUTRE,-1.0,-1.0,0.0,21.9,5,Ecarquilles,Fronces,Sourire leger
12:23:12,6090.46,NEUTRE,-1.0,-1.0,0.0,21.9,11,Ecarquilles,Fronces,Sourire leger
12:23:12,6090.6,NEUTRE,5.0,5.0,0.0,21.9,7,Ecarquilles,Releves,Sourire leger
12:23:12,6090.77,NEUTRE,8.0,5.0,3.0,21.9,5,Ecarquilles,Releves,Grand Sourire
12:23:12,6090.86,NEUTRE,8.0,5.0,3.0,21.9,11,Ecarquilles,Releves,Grand Sourire
12:23:13,6091.01,NEUTRE,8.0,5.0,3.0,21.9,6,Ecarquilles,Stable,Grand Sourire
12:23:13,6091.18,NEUTRE,8.0,5.0,3.0,21.9,5,Ecarquilles,Stable,Grand Sourire
12:23:13,6091.28,NEUTRE,8.0,5.0,3.0,21.9,10,Ecarquilles,Stable,Grand Sourire
12:23:13,6091.41,CONFORT,8.0,5.0,3.0,21.9,7,Ecarquilles,Stable,Grand Sourire
12:23:13,6091.58,INCONFORT,-5.0,-5.0,0.0,21.9,5,Plisses,Stable,Baillement
12:23:13,6091.68,CONFORT,5.0,5.0,0.0,21.8,10,Ecarquilles,Stable,Sourire leger
12:23:13,6091.81,CONFORT,5.0,5.0,0.0,21.8,7,Plisses,Releves,Sourire leger
12:23:14,6091.97,CONFORT,0.0,0.0,0.0,21.8,6,Neutre,Releves,Parle
12:23:14,6092.08,CONFORT,0.0,0.0,0.0,21.8,8,Ecarquilles,Releves,Parle
12:23:14,6092.21,CONFORT,0.0,0.0,0.0,21.8,7,Ecarquilles,Releves,Parle
12:23:14,6092.45,NEUTRE,0.0,0.0,0.0,21.8,4,Ecarquilles,Releves,Parle
12:23:14,6092.51,NEUTRE,-5.0,-5.0,0.0,21.8,15,Ecarquilles,Stable,Baillement
12:23:14,6092.64,NEUTRE,-1.0,-1.0,0.0,21.8,7,Ecarquilles,Fronces,Grand Sourire
12:23:14,6092.89,NEUTRE,-1.0,-1.0,0.0,21.8,4,Neutre,Fronces,Sourire leger
12:23:15,6092.94,NEUTRE,-1.0,-1.0,0.0,21.8,17,Neutre,Fronces,Sourire leger
12:23:15,6093.08,NEUTRE,-1.0,-1.0,0.0,21.9,7,Neutre,Fronces,Sourire leger
12:23:15,6093.25,NEUTRE,2.0,-1.0,3.0,21.9,5,Neutre,Fronces,Sourire leger
12:23:15,6093.34,NEUTRE,2.0,-1.0,3.0,21.9,10,Neutre,Fronces,Sourire leger
12:23:15,6093.48,NEUTRE,2.0,-1.0,3.0,21.9,7,Neutre,Fronces,Sourire leger
12:23:15,6093.67,NEUTRE,-1.0,-1.0,0.0,21.9,5,Neutre,Fronces,Sourire leger
12:23:15,6093.75,NEUTRE,-1.0,-1.0,0.0,21.9,12,Neutre,Fronces,Sourire leger
12:23:15,6093.88,NEUTRE,-1.0,-1.0,0.0,21.9,7,Neutre,Fronces,Sourire leger
12:23:16,6094.1,NEUTRE,2.0,-1.0,3.0,21.9,4,Ecarquilles,Fronces,Sourire leger
12:23:16,6094.16,NEUTRE,2.0,-1.0,3.0,21.9,16,Ecarquilles,Fronces,Sourire leger
12:23:16,6094.29,NEUTRE,2.0,-1.0,3.0,22.0,7,Ecarquilles,Fronces,Sourire leger
12:23:16,6094.52,NEUTRE,2.0,-1.0,3.0,22.0,4,Ecarquilles,Fronces,Sourire leger
12:23:16,6094.58,NEUTRE,2.0,-1.0,3.0,22.0,16,Ecarquilles,Fronces,Sourire leger
12:23:16,6094.71,NEUTRE,2.0,-1.0,3.0,22.0,7,Ecarquilles,Fronces,Sourire leger
12:23:17,6094.91,NEUTRE,2.0,-1.0,3.0,22.0,5,Plisses,Fronces,Sourire leger
12:23:17,6094.98,NEUTRE,2.0,-1.0,3.0,22.0,13,Ecarquilles,Fronces,Sourire leger
12:23:17,6095.11,NEUTRE,2.0,-1.0,3.0,22.0,7,Ecarquilles,Fronces,Sourire leger
12:23:17,6095.31,NEUTRE,-1.0,-1.0,0.0,22.0,4,Ecarquilles,Fronces,Sourire leger
12:23:17,6095.38,NEUTRE,-1.0,-1.0,0.0,22.0,15,Ecarquilles,Fronces,Sourire leger
12:23:17,6095.51,NEUTRE,-1.0,-1.0,0.0,22.0,7,Ecarquilles,Fronces,Sourire leger
12:23:17,6095.74,NEUTRE,2.0,-1.0,3.0,22.1,4,Ecarquilles,Fronces,Sourire leger
12:23:17,6095.81,NEUTRE,2.0,-1.0,3.0,22.1,14,Ecarquilles,Fronces,Sourire leger
12:23:18,6095.95,NEUTRE,2.0,-1.0,3.0,22.1,7,Ecarquilles,Fronces,Sourire leger
12:23:18,6096.17,NEUTRE,-1.0,-1.0,0.0,22.1,4,Ecarquilles,Fronces,Sourire leger
12:23:18,6096.23,NEUTRE,-1.0,-1.0,0.0,22.1,15,Plisses,Fronces,Sourire leger
12:23:18,6096.36,NEUTRE,-1.0,-1.0,0.0,22.1,7,Neutre,Fronces,Sourire leger
12:23:18,6096.56,NEUTRE,2.0,-1.0,3.0,22.1,5,Neutre,Fronces,Sourire leger
12:23:18,6096.62,NEUTRE,2.0,-1.0,3.0,22.1,16,Ecarquilles,Fronces,Sourire leger
12:23:18,6096.75,NEUTRE,2.0,-1.0,3.0,22.1,7,Neutre,Fronces,Sourire leger
12:23:19,6096.94,NEUTRE,-9.0,-6.0,-3.0,22.1,5,Ecarquilles,Fronces,Fermee
12:23:19,6097.02,NEUTRE,2.0,-1.0,3.0,22.1,12,Ecarquilles,Fronces,Sourire leger
12:23:19,6097.15,NEUTRE,2.0,-1.0,3.0,22.1,7,Ecarquilles,Fronces,Sourire leger
12:23:19,6097.36,NEUTRE,-1.0,-1.0,0.0,22.2,4,Ecarquilles,Fronces,Sourire leger
12:23:19,6097.42,NEUTRE,-1.0,-1.0,0.0,22.2,16,Neutre,Fronces,Sourire leger
12:23:19,6097.55,NEUTRE,-1.0,-1.0,0.0,22.2,7,Neutre,Fronces,Sourire leger
12:23:19,6097.8,NEUTRE,2.0,-1.0,3.0,22.2,4,Ecarquilles,Fronces,Sourire leger
12:23:19,6097.85,NEUTRE,2.0,-1.0,3.0,22.2,19,Ecarquilles,Fronces,Sourire leger
12:23:20,6097.99,NEUTRE,2.0,-1.0,3.0,22.2,7,Ecarquilles,Fronces,Sourire leger
12:23:20,6098.21,NEUTRE,-1.0,-1.0,0.0,22.2,4,Ecarquilles,Fronces,Sourire leger
12:23:20,6098.25,NEUTRE,-1.0,-1.0,0.0,22.2,23,Ecarquilles,Fronces,Sourire leger
12:23:20,6098.38,NEUTRE,-1.0,-1.0,0.0,22.2,7,Ecarquilles,Fronces,Sourire leger
12:23:20,6098.58,NEUTRE,2.0,-1.0,3.0,22.2,4,Plisses,Fronces,Sourire leger
12:23:20,6098.67,NEUTRE,2.0,-1.0,3.0,22.2,11,Neutre,Fronces,Sourire leger
12:23:20,6098.8,NEUTRE,2.0,-1.0,3.0,22.2,7,Ecarquilles,Fronces,Sourire leger
12:23:21,6099.02,NEUTRE,-1.0,-1.0,0.0,22.2,4,Ecarquilles,Fronces,Sourire leger
12:23:21,6099.07,NEUTRE,-1.0,-1.0,0.0,22.2,20,Ecarquilles,Fronces,Sourire leger
12:23:21,6099.21,NEUTRE,-1.0,-1.0,0.0,22.2,7,Ecarquilles,Fronces,Sourire leger
12:23:21,6099.51,NEUTRE,-1.0,-1.0,0.0,22.2,3,Neutre,Fronces,Sourire leger
12:23:21,6099.57,NEUTRE,-1.0,-1.0,0.0,22.2,17,Neutre,Fronces,Sourire leger
12:23:21,6099.71,NEUTRE,-1.0,-1.0,0.0,22.3,7,Neutre,Fronces,Sourire leger
12:23:22,6099.95,NEUTRE,-1.0,-1.0,0.0,22.3,4,Neutre,Fronces,Sourire leger
12:23:22,6100.01,NEUTRE,-1.0,-1.0,0.0,22.3,15,Neutre,Fronces,Sourire leger
12:23:22,6100.15,NEUTRE,-1.0,-1.0,0.0,22.3,7,Neutre,Fronces,Sourire leger
12:23:22,6100.4,NEUTRE,-1.0,-1.0,0.0,22.3,3,Neutre,Fronces,Sourire leger
12:23:22,6100.46,NEUTRE,-1.0,-1.0,0.0,22.3,17,Plisses,Fronces,Sourire leger
12:23:22,6100.59,NEUTRE,-1.0,-1.0,0.0,22.3,7,Neutre,Fronces,Sourire leger
12:23:22,6100.77,NEUTRE,-1.0,-1.0,0.0,22.3,5,Neutre,Fronces,Sourire leger
12:23:22,6100.86,NEUTRE,-1.0,-1.0,0.0,22.3,11,Neutre,Fronces,Sourire leger
12:23:23,6100.99,NEUTRE,-1.0,-1.0,0.0,22.3,7,Neutre,Fronces,Sourire leger
12:23:23,6101.17,NEUTRE,-1.0,-1.0,0.0,22.3,5,Ecarquilles,Fronces,Sourire leger
12:23:23,6101.26,NEUTRE,-1.0,-1.0,0.0,22.3,10,Ecarquilles,Fronces,Sourire leger
12:23:23,6101.39,NEUTRE,-1.0,-1.0,0.0,22.3,7,Plisses,Fronces,Sourire leger
12:23:23,6101.65,NEUTRE,2.0,-1.0,3.0,22.3,3,Neutre,Fronces,Sourire leger
12:23:23,6101.71,NEUTRE,2.0,-1.0,3.0,22.3,16,Neutre,Fronces,Sourire leger
12:23:23,6101.85,NEUTRE,2.0,-1.0,3.0,22.3,7,Neutre,Fronces,Sourire leger
12:23:24,6102.03,NEUTRE,2.0,-1.0,3.0,22.3,5,Neutre,Fronces,Sourire leger
12:23:24,6102.11,NEUTRE,2.0,-1.0,3.0,22.3,12,Neutre,Fronces,Sourire leger
12:23:24,6102.25,NEUTRE,2.0,-1.0,3.0,22.3,7,Plisses,Fronces,Sourire leger
12:23:24,6102.41,NEUTRE,-1.0,-1.0,0.0,22.3,6,Neutre,Fronces,Sourire leger
12:23:24,6102.5,NEUTRE,-1.0,-1.0,0.0,22.3,10,Ecarquilles,Fronces,Sourire leger
12:23:24,6102.65,NEUTRE,-1.0,-1.0,0.0,22.3,6,Ecarquilles,Fronces,Sourire leger
12:23:24,6102.86,NEUTRE,-1.0,-1.0,0.0,22.3,4,Ecarquilles,Fronces,Sourire leger
12:23:25,6102.91,NEUTRE,-6.0,-6.0,0.0,22.3,17,Ecarquilles,Fronces,Fermee
12:23:25,6103.05,NEUTRE,-1.0,-1.0,0.0,22.3,7,Ecarquilles,Fronces,Sourire leger
12:23:25,6103.23,NEUTRE,-1.0,-1.0,0.0,22.4,5,Ecarquilles,Fronces,Sourire leger
12:23:25,6103.31,NEUTRE,-1.0,-1.0,0.0,22.4,12,Ecarquilles,Fronces,Sourire leger
12:23:25,6103.44,NEUTRE,-1.0,-1.0,0.0,22.4,8,Ecarquilles,Fronces,Sourire leger
12:23:25,6103.73,NEUTRE,-1.0,-1.0,0.0,22.4,3,Ecarquilles,Fronces,Sourire leger
12:23:25,6103.78,NEUTRE,-1.0,-1.0,0.0,22.4,18,Ecarquilles,Fronces,Sourire leger
12:23:26,6103.92,NEUTRE,-1.0,-1.0,0.0,22.4,7,Neutre,Fronces,Sourire leger
12:23:26,6104.1,NEUTRE,-1.0,-1.0,0.0,22.4,5,Neutre,Fronces,Sourire leger
12:23:26,6104.18,NEUTRE,-1.0,-1.0,0.0,22.4,11,Neutre,Fronces,Sourire leger
12:23:26,6104.31,NEUTRE,-1.0,-1.0,0.0,22.4,7,Neutre,Fronces,Sourire leger
12:23:26,6104.5,NEUTRE,-1.0,-1.0,0.0,22.4,5,Neutre,Fronces,Sourire leger
12:23:26,6104.59,NEUTRE,-1.0,-1.0,0.0,22.4,11,Neutre,Fronces,Sourire leger
12:23:26,6104.72,NEUTRE,-1.0,-1.0,0.0,22.4,7,Neutre,Fronces,Sourire leger
12:23:27,6104.91,NEUTRE,-1.0,-1.0,0.0,22.4,5,Neutre,Fronces,Sourire leger
12:23:27,6104.99,NEUTRE,-1.0,-1.0,0.0,22.4,12,Neutre,Fronces,Sourire leger
12:23:27,6105.11,NEUTRE,-1.0,-1.0,0.0,22.4,8,Neutre,Fronces,Sourire leger
12:23:27,6105.35,NEUTRE,-1.0,-1.0,0.0,22.4,4,Neutre,Fronces,Sourire leger
12:23:27,6105.4,NEUTRE,-1.0,-1.0,0.0,22.4,20,Neutre,Fronces,Grand Sourire
12:23:27,6105.54,NEUTRE,-1.0,-1.0,0.0,22.4,7,Neutre,Fronces,Grand Sourire
12:23:27,6105.73,NEUTRE,8.0,5.0,3.0,22.4,5,Plisses,Stable,Grand Sourire
12:23:27,6105.81,NEUTRE,8.0,5.0,3.0,22.4,14,Plisses,Stable,Grand Sourire
12:23:28,6105.93,NEUTRE,8.0,5.0,3.0,22.4,7,Plisses,Stable,Grand Sourire
12:23:28,6106.13,NEUTRE,0.0,0.0,0.0,22.4,4,Neutre,Stable,Parle
12:23:28,6106.22,NEUTRE,0.0,0.0,0.0,22.4,12,Ecarquilles,Releves,Parle
12:23:28,6106.36,NEUTRE,0.0,0.0,0.0,22.4,6,Ecarquilles,Releves,Parle
12:23:28,6106.57,NEUTRE,0.0,0.0,0.0,22.4,4,Ecarquilles,Releves,Parle
12:23:28,6106.63,NEUTRE,5.0,5.0,0.0,22.4,15,Ecarquilles,Stable,Grand Sourire
12:23:28,6106.76,NEUTRE,5.0,5.0,0.0,22.4,7,Ecarquilles,Stable,Grand Sourire
12:23:29,6107.0,NEUTRE,8.0,5.0,3.0,22.4,4,Ecarquilles,Stable,Grand Sourire
12:23:29,6107.06,NEUTRE,3.0,0.0,3.0,22.4,15,Ecarquilles,Stable,Parle
12:23:29,6107.21,NEUTRE,8.0,5.0,3.0,22.4,6,Ecarquilles,Stable,Sourire leger
12:23:29,6107.44,NEUTRE,5.0,5.0,0.0,22.4,4,Ecarquilles,Stable,Sourire leger
12:23:29,6107.51,NEUTRE,0.0,0.0,0.0,22.4,14,Ecarquilles,Stable,Fermee
12:23:29,6107.64,NEUTRE,5.0,5.0,0.0,22.4,7,Ecarquilles,Stable,Sourire leger
12:23:29,6107.87,NEUTRE,5.0,5.0,0.0,22.4,4,Ecarquilles,Stable,Sourire leger
12:23:30,6107.93,NEUTRE,-1.0,-1.0,0.0,22.4,16,Ecarquilles,Fronces,Sourire leger
12:23:30,6108.06,NEUTRE,-1.0,-1.0,0.0,22.4,7,Neutre,Fronces,Sourire leger
12:23:30,6108.26,NEUTRE,2.0,-1.0,3.0,22.4,4,Neutre,Fronces,Sourire leger
12:23:30,6108.33,NEUTRE,2.0,-1.0,3.0,22.4,14,Plisses,Fronces,Sourire leger
12:23:30,6108.46,NEUTRE,2.0,-1.0,3.0,22.4,7,Plisses,Fronces,Sourire leger
12:23:30,6108.65,NEUTRE,-1.0,-1.0,0.0,22.4,5,Plisses,Fronces,Sourire leger
12:23:30,6108.73,NEUTRE,-1.0,-1.0,0.0,22.4,13,Plisses,Fronces,Sourire leger
12:23:30,6108.84,NEUTRE,-1.0,-1.0,0.0,22.4,8,Plisses,Fronces,Sourire leger
12:23:31,6109.06,NEUTRE,-1.0,-1.0,0.0,22.4,4,Plisses,Fronces,Sourire leger
12:23:31,6109.11,NEUTRE,-1.0,-1.0,0.0,22.4,20,Plisses,Fronces,Sourire leger
12:23:31,6109.24,NEUTRE,-1.0,-1.0,0.0,22.4,7,Plisses,Fronces,Sourire leger
12:23:31,6109.41,NEUTRE,-1.0,-1.0,0.0,22.4,5,Plisses,Fronces,Sourire leger
12:23:31,6109.51,NEUTRE,-1.0,-1.0,0.0,22.4,10,Plisses,Fronces,Sourire leger
12:23:31,6109.65,NEUTRE,-1.0,-1.0,0.0,22.4,7,Plisses,Fronces,Sourire leger
12:23:31,6109.88,NEUTRE,-6.0,-6.0,0.0,22.4,4,Plisses,Fronces,Fermee
12:23:32,6109.93,NEUTRE,-6.0,-6.0,0.0,22.4,19,Plisses,Fronces,Fermee
12:23:32,6110.06,NEUTRE,-6.0,-6.0,0.0,22.4,7,Plisses,Fronces,Fermee
12:23:32,6110.27,NEUTRE,-10.0,-10.0,0.0,22.4,4,Plisses,Fronces,Grimace / Tension
12:23:32,6110.33,NEUTRE,-1.0,-1.0,0.0,22.4,15,Plisses,Fronces,Sourire leger
12:23:32,6110.46,NEUTRE,-1.0,-1.0,0.0,22.4,7,Plisses,Fronces,Sourire leger
12:23:32,6110.69,NEUTRE,-1.0,-1.0,0.0,22.5,4,Plisses,Fronces,Sourire leger
12:23:32,6110.88,NEUTRE,-1.0,-1.0,0.0,22.5,5,Plisses,Fronces,Sourire leger
12:23:33,6110.93,NEUTRE,-1.0,-1.0,0.0,22.5,19,Plisses,Fronces,Sourire leger
12:23:33,6111.16,NEUTRE,-1.0,-1.0,0.0,22.5,4,Plisses,Fronces,Sourire leger
12:23:33,6111.21,NEUTRE,-6.0,-6.0,0.0,22.5,19,Plisses,Fronces,Fermee
12:23:33,6111.35,NEUTRE,-6.0,-6.0,0.0,22.5,7,Plisses,Fronces,Fermee
12:23:33,6111.58,NEUTRE,-1.0,-1.0,0.0,22.5,4,Plisses,Fronces,Sourire leger
12:23:33,6111.63,NEUTRE,-1.0,-1.0,0.0,22.5,21,Plisses,Fronces,Sourire leger
12:23:33,6111.76,NEUTRE,-1.0,-1.0,0.0,22.5,7,Plisses,Fronces,Sourire leger
12:23:34,6111.98,NEUTRE,-6.0,-6.0,0.0,22.5,4,Plisses,Fronces,Fermee
12:23:34,6112.03,NEUTRE,-6.0,-6.0,0.0,22.5,18,Plisses,Fronces,Fermee
12:23:34,6112.16,NEUTRE,-1.0,-1.0,0.0,22.5,7,Plisses,Fronces,Sourire leger
12:23:34,6112.39,NEUTRE,-1.0,-1.0,0.0,22.5,4,Plisses,Fronces,Sourire leger
12:23:34,6112.45,NEUTRE,-1.0,-1.0,0.0,22.5,17,Plisses,Fronces,Sourire leger
12:23:34,6112.58,NEUTRE,-1.0,-1.0,0.0,22.5,7,Plisses,Fronces,Sourire leger
12:23:34,6112.79,NEUTRE,-1.0,-1.0,0.0,22.5,4,Plisses,Fronces,Sourire leger
12:23:34,6112.85,NEUTRE,-6.0,-6.0,0.0,22.5,15,Plisses,Fronces,Fermee
12:23:35,6112.98,NEUTRE,-6.0,-6.0,0.0,22.5,7,Plisses,Fronces,Fermee
12:23:35,6113.21,NEUTRE,-6.0,-6.0,0.0,22.5,4,Plisses,Fronces,Fermee
12:23:35,6113.26,NEUTRE,-6.0,-6.0,0.0,22.5,20,Plisses,Fronces,Fermee
12:23:35,6113.4,NEUTRE,-6.0,-6.0,0.0,22.5,7,Plisses,Fronces,Fermee
12:23:35,6113.61,INCONFORT,-6.0,-6.0,0.0,22.4,4,Plisses,Fronces,Fermee
12:23:35,6113.66,INCONFORT,-6.0,-6.0,0.0,22.3,20,Plisses,Fronces,Fermee
12:23:35,6113.8,INCONFORT,-6.0,-6.0,0.0,22.2,7,Plisses,Fronces,Fermee
12:23:36,6114.02,INCONFORT,-1.0,-1.0,0.0,22.1,4,Plisses,Fronces,Sourire leger
12:23:36,6114.07,INCONFORT,-1.0,-1.0,0.0,22.0,21,Plisses,Fronces,Sourire leger
12:23:36,6114.2,INCONFORT,-6.0,-6.0,0.0,22.0,7,Plisses,Fronces,Fermee
12:23:36,6114.43,INCONFORT,-1.0,-1.0,0.0,21.9,4,Plisses,Fronces,Sourire leger
12:23:36,6114.48,INCONFORT,-1.0,-1.0,0.0,21.8,21,Plisses,Fronces,Sourire leger
12:23:36,6114.62,NEUTRE,-1.0,-1.0,0.0,21.8,7,Plisses,Fronces,Sourire leger
12:23:36,6114.85,NEUTRE,2.0,-1.0,3.0,21.8,4,Plisses,Fronces,Sourire leger
12:23:37,6114.9,NEUTRE,2.0,-1.0,3.0,21.8,23,Plisses,Fronces,Sourire leger
12:23:37,6115.03,NEUTRE,-3.0,-6.0,3.0,21.9,7,Plisses,Fronces,Fermee
12:23:37,6115.25,NEUTRE,-1.0,-1.0,0.0,21.9,4,Plisses,Fronces,Sourire leger
12:23:37,6115.3,NEUTRE,-1.0,-1.0,0.0,21.9,20,Plisses,Fronces,Sourire leger
12:23:37,6115.43,NEUTRE,-1.0,-1.0,0.0,21.9,7,Plisses,Fronces,Sourire leger
12:23:37,6115.63,NEUTRE,-1.0,-1.0,0.0,21.9,4,Plisses,Fronces,Sourire leger
12:23:37,6115.7,NEUTRE,-1.0,-1.0,0.0,21.9,15,Plisses,Fronces,Sourire leger
12:23:37,6115.83,NEUTRE,-1.0,-1.0,0.0,21.9,7,Plisses,Fronces,Sourire leger
12:23:38,6116.04,NEUTRE,-1.0,-1.0,0.0,21.9,4,Plisses,Fronces,Sourire leger
12:23:38,6116.1,NEUTRE,-1.0,-1.0,0.0,22.0,15,Plisses,Fronces,Sourire leger
12:23:38,6116.23,NEUTRE,-1.0,-1.0,0.0,22.0,7,Plisses,Fronces,Sourire leger
12:23:38,6116.44,NEUTRE,-1.0,-1.0,0.0,22.0,4,Plisses,Fronces,Sourire leger
12:23:38,6116.5,NEUTRE,-1.0,-1.0,0.0,22.0,16,Plisses,Fronces,Sourire leger
12:23:38,6116.63,NEUTRE,-1.0,-1.0,0.0,22.0,7,Plisses,Fronces,Sourire leger
12:23:38,6116.84,NEUTRE,-1.0,-1.0,0.0,22.0,4,Plisses,Fronces,Sourire leger
12:23:39,6116.9,NEUTRE,-1.0,-1.0,0.0,22.0,17,Neutre,Fronces,Sourire leger
12:23:39,6117.03,NEUTRE,-1.0,-1.0,0.0,22.0,7,Neutre,Fronces,Sourire leger
12:23:39,6117.2,NEUTRE,-1.0,-1.0,0.0,22.0,5,Neutre,Fronces,Sourire leger
12:23:39,6117.3,NEUTRE,-1.0,-1.0,0.0,22.0,10,Neutre,Fronces,Sourire leger
12:23:39,6117.43,NEUTRE,-1.0,-1.0,0.0,22.1,7,Neutre,Fronces,Sourire leger
12:23:39,6117.64,NEUTRE,-1.0,-1.0,0.0,22.1,4,Neutre,Fronces,Sourire leger
12:23:39,6117.7,NEUTRE,-1.0,-1.0,0.0,22.1,16,Neutre,Fronces,Sourire leger
12:23:39,6117.84,NEUTRE,-1.0,-1.0,0.0,22.1,7,Ecarquilles,Fronces,Sourire leger
12:23:40,6118.02,NEUTRE,-1.0,-1.0,0.0,22.1,5,Neutre,Fronces,Sourire leger
12:23:40,6118.1,NEUTRE,-1.0,-1.0,0.0,22.1,11,Ecarquilles,Fronces,Sourire leger
12:23:40,6118.24,NEUTRE,-1.0,-1.0,0.0,22.1,7,Ecarquilles,Fronces,Sourire leger
12:23:40,6118.4,NEUTRE,-1.0,-1.0,0.0,22.1,6,Plisses,Fronces,Sourire leger
12:23:40,6118.5,NEUTRE,-6.0,-6.0,0.0,22.1,10,Ecarquilles,Fronces,Fermee
12:23:40,6118.63,NEUTRE,-1.0,-1.0,0.0,22.1,7,Neutre,Fronces,Sourire leger
12:23:40,6118.84,NEUTRE,-6.0,-6.0,0.0,22.1,4,Neutre,Fronces,Fermee
12:23:41,6118.9,NEUTRE,-1.0,-1.0,0.0,22.1,18,Neutre,Fronces,Sourire leger
12:23:41,6119.03,NEUTRE,-1.0,-1.0,0.0,22.1,7,Neutre,Fronces,Sourire leger
12:23:41,6119.26,NEUTRE,5.0,5.0,0.0,22.2,4,Ecarquilles,Stable,Sourire leger
12:23:41,6119.32,NEUTRE,0.0,0.0,0.0,22.2,18,Ecarquilles,Stable,Fermee
12:23:41,6119.45,NEUTRE,5.0,5.0,0.0,22.2,7,Ecarquilles,Stable,Sourire leger
12:23:41,6119.67,NEUTRE,5.0,5.0,0.0,22.2,4,Ecarquilles,Stable,Sourire leger
12:23:41,6119.72,NEUTRE,0.0,0.0,0.0,22.2,17,Ecarquilles,Stable,Fermee
12:23:41,6119.85,NEUTRE,-4.0,-4.0,0.0,22.2,7,Ecarquilles,Stable,Grimace / Tension
12:23:42,6120.03,NEUTRE,0.0,0.0,0.0,22.2,5,Ecarquilles,Stable,Fermee
12:23:42,6120.12,NEUTRE,5.0,5.0,0.0,22.2,11,Ecarquilles,Stable,Sourire leger
12:23:42,6120.25,NEUTRE,5.0,5.0,0.0,22.2,7,Neutre,Stable,Sourire leger
12:23:42,6120.44,NEUTRE,0.0,0.0,0.0,22.2,5,Ecarquilles,Stable,Fermee
12:23:42,6120.55,NEUTRE,0.0,0.0,0.0,22.2,8,Ecarquilles,Stable,Fermee
12:23:42,6120.65,NEUTRE,5.0,5.0,0.0,22.2,9,Neutre,Stable,Sourire leger
12:23:42,6120.85,NEUTRE,0.0,0.0,0.0,22.2,4,Plisses,Releves,Fermee
12:23:43,6120.92,NEUTRE,0.0,0.0,0.0,22.2,15,Neutre,Stable,Fermee
12:23:43,6121.05,NEUTRE,0.0,0.0,0.0,22.2,7,Ecarquilles,Stable,Fermee
12:23:43,6121.24,NEUTRE,0.0,0.0,0.0,22.2,5,Ecarquilles,Stable,Fermee
12:23:43,6121.33,NEUTRE,0.0,0.0,0.0,22.3,10,Ecarquilles,Stable,Parle
12:23:43,6121.47,NEUTRE,0.0,0.0,0.0,22.3,7,Ecarquilles,Stable,Parle
12:23:43,6121.69,NEUTRE,0.0,0.0,0.0,22.3,4,Ecarquilles,Stable,Parle
12:23:43,6121.82,NEUTRE,0.0,0.0,0.0,22.3,7,Ecarquilles,Stable,Parle
12:23:44,6121.97,NEUTRE,0.0,0.0,0.0,22.3,6,Neutre,Stable,Fermee
12:23:44,6122.28,NEUTRE,0.0,0.0,0.0,22.3,3,Neutre,Stable,Fermee
12:23:44,6122.33,NEUTRE,0.0,0.0,0.0,22.3,20,Neutre,Stable,Parle
12:23:44,6122.49,NEUTRE,0.0,0.0,0.0,22.3,6,Neutre,Stable,Fermee
12:23:44,6122.64,NEUTRE,0.0,0.0,0.0,22.3,6,Neutre,Stable,Fermee
12:23:44,6122.73,NEUTRE,0.0,0.0,0.0,22.3,10,Plisses,Stable,Fermee
12:23:44,6122.86,NEUTRE,0.0,0.0,0.0,22.3,7,Plisses,Stable,Fermee
12:23:45,6123.04,NEUTRE,0.0,0.0,0.0,22.3,5,Plisses,Stable,Fermee
12:23:45,6123.15,NEUTRE,0.0,0.0,0.0,22.3,9,Plisses,Stable,Fermee
12:23:45,6123.36,NEUTRE,5.0,5.0,0.0,22.3,4,Plisses,Stable,Sourire leger
12:23:45,6123.54,NEUTRE,0.0,0.0,0.0,22.3,5,Plisses,Stable,Fermee
12:23:45,6123.63,NEUTRE,0.0,0.0,0.0,22.3,10,Plisses,Stable,Fermee
12:23:45,6123.76,NEUTRE,0.0,0.0,0.0,22.3,7,Neutre,Stable,Fermee
12:23:46,6123.96,NEUTRE,5.0,5.0,0.0,22.3,5,Neutre,Stable,Sourire leger
12:23:46,6124.03,NEUTRE,0.0,0.0,0.0,22.3,14,Neutre,Stable,Fermee
12:23:46,6124.17,NEUTRE,5.0,5.0,0.0,22.3,7,Neutre,Stable,Sourire leger
12:23:46,6124.52,NEUTRE,5.0,5.0,0.0,22.3,2,Plisses,Stable,Sourire leger
12:23:46,6124.6,NEUTRE,5.0,5.0,0.0,22.3,13,Plisses,Stable,Sourire leger
12:23:46,6124.73,NEUTRE,0.0,0.0,0.0,22.3,7,Plisses,Stable,Fermee
12:23:47,6124.92,NEUTRE,5.0,5.0,0.0,22.3,5,Plisses,Stable,Sourire leger
12:23:47,6125.0,NEUTRE,0.0,0.0,0.0,22.3,13,Neutre,Stable,Fermee
12:23:47,6125.13,NEUTRE,5.0,5.0,0.0,22.3,7,Plisses,Stable,Sourire leger
12:23:47,6125.46,NEUTRE,5.0,5.0,0.0,22.4,2,Plisses,Stable,Sourire leger
12:23:47,6125.53,NEUTRE,5.0,5.0,0.0,22.4,15,Plisses,Stable,Sourire leger
12:23:47,6125.66,NEUTRE,0.0,0.0,0.0,22.4,7,Neutre,Stable,Fermee
12:23:47,6125.85,NEUTRE,5.0,5.0,0.0,22.4,5,Neutre,Stable,Sourire leger
12:23:48,6125.93,NEUTRE,5.0,5.0,0.0,22.4,13,Plisses,Stable,Sourire leger
12:23:48,6126.07,NEUTRE,5.0,5.0,0.0,22.4,7,Plisses,Stable,Sourire leger
12:23:48,6126.25,NEUTRE,5.0,5.0,0.0,22.4,5,Plisses,Stable,Sourire leger
12:23:48,6126.33,NEUTRE,5.0,5.0,0.0,22.4,12,Plisses,Stable,Sourire leger
12:23:48,6126.47,CONFORT,5.0,5.0,0.0,22.3,7,Plisses,Stable,Sourire leger
12:23:48,6126.64,CONFORT,5.0,5.0,0.0,22.3,6,Plisses,Stable,Sourire leger
12:23:48,6126.73,CONFORT,5.0,5.0,0.0,22.3,10,Neutre,Stable,Sourire leger
12:23:48,6126.88,NEUTRE,-1.0,-1.0,0.0,22.3,6,Neutre,Fronces,Sourire leger
12:23:49,6127.06,NEUTRE,-1.0,-1.0,0.0,22.3,5,Neutre,Fronces,Sourire leger
12:23:49,6127.15,NEUTRE,5.0,5.0,0.0,22.3,10,Plisses,Stable,Sourire leger
12:23:49,6127.35,NEUTRE,5.0,5.0,0.0,22.3,4,Plisses,Stable,Sourire leger
12:23:49,6127.55,NEUTRE,5.0,5.0,0.0,22.3,4,Plisses,Stable,Sourire leger
12:23:49,6127.63,NEUTRE,0.0,0.0,0.0,22.3,12,Plisses,Stable,Fermee
12:23:49,6127.76,NEUTRE,0.0,0.0,0.0,22.3,7,Plisses,Stable,Fermee
12:23:50,6127.96,NEUTRE,0.0,0.0,0.0,22.3,5,Plisses,Stable,Fermee
12:23:50,6128.03,NEUTRE,5.0,5.0,0.0,22.3,14,Plisses,Stable,Sourire leger
12:23:50,6128.16,NEUTRE,5.0,5.0,0.0,22.3,7,Plisses,Stable,Sourire leger
12:23:50,6128.42,NEUTRE,5.0,5.0,0.0,22.3,3,Plisses,Stable,Sourire leger
12:23:50,6128.53,NEUTRE,5.0,5.0,0.0,22.3,9,Plisses,Stable,Sourire leger
12:23:50,6128.66,NEUTRE,5.0,5.0,0.0,22.3,7,Plisses,Stable,Sourire leger
12:23:50,6128.84,NEUTRE,5.0,5.0,0.0,22.3,5,Neutre,Stable,Sourire leger
12:23:51,6128.95,NEUTRE,5.0,5.0,0.0,22.3,8,Neutre,Stable,Sourire leger
12:23:51,6129.08,NEUTRE,5.0,5.0,0.0,22.3,7,Neutre,Stable,Sourire leger
12:23:51,6129.25,CONFORT,5.0,5.0,0.0,22.3,5,Plisses,Stable,Sourire leger
12:23:51,6129.46,CONFORT,5.0,5.0,0.0,22.3,4,Plisses,Stable,Sourire leger
12:23:51,6129.61,CONFORT,5.0,5.0,0.0,22.3,6,Plisses,Stable,Sourire leger
12:23:51,6129.82,CONFORT,5.0,5.0,0.0,22.2,4,Plisses,Stable,Sourire leger
12:23:51,6129.88,CONFORT,0.0,0.0,0.0,22.2,16,Plisses,Stable,Fermee
12:23:52,6130.01,CONFORT,5.0,5.0,0.0,22.2,7,Plisses,Stable,Sourire leger
12:23:52,6130.19,NEUTRE,0.0,0.0,0.0,22.2,5,Plisses,Stable,Fermee
12:23:52,6130.3,NEUTRE,5.0,5.0,0.0,22.2,9,Plisses,Stable,Sourire leger
12:23:52,6130.48,NEUTRE,5.0,5.0,0.0,22.2,5,Plisses,Stable,Sourire leger
12:23:52,6130.7,NEUTRE,5.0,5.0,0.0,22.2,4,Plisses,Stable,Sourire leger
12:23:52,6130.76,NEUTRE,-1.0,-1.0,0.0,22.2,14,Neutre,Fronces,Sourire leger
12:23:53,6130.9,NEUTRE,-1.0,-1.0,0.0,22.2,7,Neutre,Fronces,Sourire leger
12:23:53,6131.14,NEUTRE,-1.0,-1.0,0.0,22.2,4,Neutre,Fronces,Sourire leger
12:23:53,6131.2,NEUTRE,-1.0,-1.0,0.0,22.2,14,Neutre,Fronces,Sourire leger
12:23:53,6131.47,NEUTRE,5.0,5.0,0.0,22.2,3,Plisses,Stable,Sourire leger
12:23:53,6131.67,NEUTRE,0.0,0.0,0.0,22.3,4,Plisses,Releves,Fermee
12:23:53,6131.73,NEUTRE,5.0,5.0,0.0,22.3,18,Plisses,Stable,Sourire leger
12:23:53,6131.86,NEUTRE,-1.0,-1.0,0.0,22.3,7,Neutre,Fronces,Sourire leger
12:23:54,6132.08,NEUTRE,5.0,5.0,0.0,22.3,4,Neutre,Stable,Sourire leger
12:23:54,6132.13,NEUTRE,0.0,0.0,0.0,22.3,20,Neutre,Stable,Fermee
12:23:54,6132.36,NEUTRE,0.0,0.0,0.0,22.3,4,Plisses,Stable,Fermee
12:23:54,6132.56,NEUTRE,5.0,5.0,0.0,22.3,5,Neutre,Stable,Sourire leger
12:23:54,6132.6,NEUTRE,0.0,0.0,0.0,22.3,24,Neutre,Stable,Fermee
12:23:54,6132.73,NEUTRE,5.0,5.0,0.0,22.3,7,Plisses,Stable,Sourire leger
12:23:55,6132.95,NEUTRE,5.0,5.0,0.0,22.3,4,Plisses,Stable,Sourire leger
12:23:55,6133.0,NEUTRE,5.0,5.0,0.0,22.3,20,Plisses,Stable,Sourire leger
12:23:55,6133.13,NEUTRE,5.0,5.0,0.0,22.3,7,Plisses,Stable,Sourire leger
12:23:55,6133.35,NEUTRE,5.0,5.0,0.0,22.3,4,Plisses,Stable,Sourire leger
12:23:55,6133.46,NEUTRE,5.0,5.0,0.0,22.3,8,Plisses,Stable,Sourire leger
12:23:55,6133.6,NEUTRE,5.0,5.0,0.0,22.3,7,Plisses,Stable,Sourire leger
12:23:55,6133.77,CONFORT,5.0,5.0,0.0,22.3,5,Plisses,Stable,Sourire leger
12:23:55,6133.86,CONFORT,5.0,5.0,0.0,22.3,10,Plisses,Stable,Sourire leger
12:23:56,6134.0,CONFORT,5.0,5.0,0.0,22.2,7,Plisses,Stable,Sourire leger
12:23:56,6134.21,CONFORT,5.0,5.0,0.0,22.2,4,Plisses,Stable,Sourire leger
12:23:56,6134.46,CONFORT,5.0,5.0,0.0,22.2,3,Plisses,Stable,Sourire leger
12:23:56,6134.61,CONFORT,5.0,5.0,0.0,22.2,7,Plisses,Stable,Sourire leger
12:23:57,6134.96,CONFORT,5.0,5.0,0.0,22.1,2,Plisses,Stable,Sourire leger
12:23:57,6135.0,CONFORT,5.0,5.0,0.0,22.1,22,Plisses,Stable,Sourire leger
12:23:57,6135.13,CONFORT,5.0,5.0,0.0,22.1,7,Plisses,Stable,Sourire leger
12:23:57,6135.54,CONFORT,5.0,5.0,0.0,22.1,2,Plisses,Stable,Sourire leger
12:23:57,6135.62,CONFORT,5.0,5.0,0.0,22.1,13,Plisses,Stable,Sourire leger
12:23:57,6135.75,CONFORT,5.0,5.0,0.0,22.0,7,Plisses,Stable,Sourire leger
12:23:58,6135.96,CONFORT,5.0,5.0,0.0,22.0,4,Plisses,Stable,Sourire leger
12:23:58,6136.01,CONFORT,5.0,5.0,0.0,22.0,19,Plisses,Stable,Sourire leger
12:23:58,6136.15,CONFORT,5.0,5.0,0.0,22.0,7,Plisses,Stable,Sourire leger
12:23:58,6136.52,CONFORT,5.0,5.0,0.0,21.9,2,Plisses,Stable,Sourire leger
12:23:58,6136.56,CONFORT,5.0,5.0,0.0,21.9,21,Plisses,Stable,Sourire leger
12:23:58,6136.7,CONFORT,5.0,5.0,0.0,21.9,7,Plisses,Stable,Sourire leger
12:23:58,6136.88,CONFORT,5.0,5.0,0.0,21.9,5,Plisses,Stable,Sourire leger
12:23:59,6136.96,CONFORT,5.0,5.0,0.0,21.9,11,Neutre,Stable,Sourire leger
12:23:59,6137.1,CONFORT,5.0,5.0,0.0,21.9,7,Plisses,Stable,Sourire leger
12:23:59,6137.53,NEUTRE,-1.0,-1.0,0.0,21.9,2,Neutre,Fronces,Sourire leger
12:23:59,6137.58,NEUTRE,-1.0,-1.0,0.0,21.9,18,Neutre,Fronces,Sourire leger
12:23:59,6137.72,NEUTRE,5.0,5.0,0.0,21.9,7,Plisses,Stable,Sourire leger
12:24:00,6137.9,NEUTRE,5.0,5.0,0.0,21.9,5,Plisses,Stable,Sourire leger
12:24:00,6137.98,NEUTRE,5.0,5.0,0.0,21.9,12,Neutre,Stable,Sourire leger
12:24:00,6138.11,NEUTRE,5.0,5.0,0.0,21.9,7,Plisses,Stable,Sourire leger
12:24:00,6138.56,NEUTRE,5.0,5.0,0.0,21.9,2,Plisses,Stable,Sourire leger
12:24:00,6138.63,NEUTRE,-1.0,-1.0,0.0,22.0,14,Plisses,Fronces,Sourire leger
12:24:00,6138.76,NEUTRE,5.0,5.0,0.0,22.0,7,Plisses,Stable,Sourire leger
12:24:01,6138.97,NEUTRE,5.0,5.0,0.0,22.0,4,Plisses,Stable,Sourire leger
12:24:01,6139.05,NEUTRE,5.0,5.0,0.0,22.0,12,Plisses,Stable,Sourire leger
12:24:01,6139.18,NEUTRE,5.0,5.0,0.0,22.0,7,Plisses,Stable,Sourire leger
12:24:01,6139.42,NEUTRE,5.0,5.0,0.0,22.0,4,Plisses,Stable,Sourire leger
12:24:01,6139.46,NEUTRE,5.0,5.0,0.0,22.0,23,Plisses,Stable,Sourire leger
12:24:01,6139.6,NEUTRE,5.0,5.0,0.0,22.0,7,Plisses,Stable,Sourire leger
12:24:01,6139.81,NEUTRE,5.0,5.0,0.0,22.0,4,Plisses,Stable,Sourire leger
12:24:01,6139.86,NEUTRE,5.0,5.0,0.0,22.0,19,Plisses,Stable,Sourire leger
12:24:02,6140.0,CONFORT,5.0,5.0,0.0,22.0,7,Plisses,Stable,Sourire leger
12:24:02,6140.17,CONFORT,5.0,5.0,0.0,22.0,5,Plisses,Stable,Sourire leger
12:24:02,6140.28,CONFORT,5.0,5.0,0.0,22.0,8,Plisses,Stable,Sourire leger
12:24:02,6140.47,CONFORT,5.0,5.0,0.0,22.0,5,Plisses,Stable,Sourire leger
12:24:02,6140.65,CONFORT,5.0,5.0,0.0,21.9,5,Plisses,Stable,Sourire leger
12:24:02,6140.71,CONFORT,5.0,5.0,0.0,21.9,15,Plisses,Stable,Sourire leger
12:24:02,6140.86,CONFORT,5.0,5.0,0.0,21.9,6,Neutre,Stable,Sourire leger
12:24:03,6141.08,NEUTRE,-1.0,-1.0,0.0,21.9,4,Neutre,Fronces,Sourire leger
12:24:03,6141.13,NEUTRE,5.0,5.0,0.0,21.9,19,Plisses,Stable,Sourire leger
12:24:03,6141.41,NEUTRE,-1.0,-1.0,0.0,21.9,3,Neutre,Fronces,Sourire leger
12:24:03,6141.59,NEUTRE,-1.0,-1.0,0.0,22.0,5,Neutre,Fronces,Sourire leger
12:24:03,6141.66,NEUTRE,5.0,5.0,0.0,22.0,13,Plisses,Stable,Sourire leger
12:24:03,6141.8,NEUTRE,5.0,5.0,0.0,22.0,7,Plisses,Stable,Sourire leger
12:24:04,6142.0,NEUTRE,5.0,5.0,0.0,22.0,5,Plisses,Stable,Sourire leger
12:24:04,6142.06,NEUTRE,5.0,5.0,0.0,22.0,14,Neutre,Stable,Sourire leger
12:24:04,6142.2,NEUTRE,5.0,5.0,0.0,22.0,7,Plisses,Stable,Sourire leger
12:24:04,6142.54,NEUTRE,5.0,5.0,0.0,22.0,2,Plisses,Stable,Sourire leger
12:24:04,6142.6,NEUTRE,5.0,5.0,0.0,22.0,16,Plisses,Stable,Sourire leger
12:24:04,6142.73,NEUTRE,5.0,5.0,0.0,22.0,7,Plisses,Stable,Sourire leger
12:24:05,6142.91,NEUTRE,5.0,5.0,0.0,22.0,5,Plisses,Stable,Sourire leger
12:24:05,6143.0,CONFORT,5.0,5.0,0.0,22.0,10,Plisses,Releves,Sourire leger
12:24:05,6143.13,CONFORT,5.0,5.0,0.0,22.0,7,Plisses,Stable,Sourire leger
12:24:05,6143.39,CONFORT,5.0,5.0,0.0,22.0,3,Plisses,Stable,Sourire leger
12:24:05,6143.46,CONFORT,5.0,5.0,0.0,22.0,14,Plisses,Stable,Sourire leger
12:24:05,6143.6,NEUTRE,-1.0,-1.0,0.0,22.0,7,Neutre,Fronces,Sourire leger
12:24:05,6143.81,NEUTRE,5.0,5.0,0.0,22.0,4,Neutre,Stable,Sourire leger
12:24:05,6143.86,NEUTRE,0.0,0.0,0.0,22.0,18,Neutre,Stable,Fermee
12:24:06,6144.0,NEUTRE,0.0,0.0,0.0,22.0,7,Ecarquilles,Stable,Fermee
12:24:06,6144.22,NEUTRE,5.0,5.0,0.0,22.0,4,Neutre,Stable,Sourire leger
12:24:06,6144.46,NEUTRE,-1.0,-1.0,0.0,22.0,4,Ecarquilles,Fronces,Sourire leger
12:24:06,6144.61,NEUTRE,5.0,5.0,0.0,22.0,6,Ecarquilles,Stable,Sourire leger
12:24:07,6144.91,NEUTRE,5.0,5.0,0.0,22.0,3,Ecarquilles,Stable,Sourire leger
12:24:07,6144.95,NEUTRE,5.0,5.0,0.0,22.1,22,Plisses,Releves,Sourire leger
12:24:07,6145.08,NEUTRE,0.0,0.0,0.0,22.1,7,Plisses,Stable,Fermee
12:24:07,6145.3,NEUTRE,5.0,5.0,0.0,22.1,4,Neutre,Stable,Sourire leger
12:24:07,6145.46,NEUTRE,5.0,5.0,0.0,22.1,6,Neutre,Stable,Sourire leger
12:24:07,6145.64,NEUTRE,5.0,5.0,0.0,22.1,5,Plisses,Stable,Sourire leger
12:24:07,6145.85,NEUTRE,0.0,0.0,0.0,22.1,4,Plisses,Releves,Fermee
12:24:08,6145.91,NEUTRE,5.0,5.0,0.0,22.1,14,Neutre,Stable,Sourire leger
12:24:08,6146.05,NEUTRE,5.0,5.0,0.0,22.1,7,Neutre,Stable,Sourire leger
12:24:08,6146.25,NEUTRE,5.0,5.0,0.0,22.1,4,Neutre,Stable,Sourire leger
12:24:08,6146.33,NEUTRE,5.0,5.0,0.0,22.1,12,Plisses,Stable,Sourire leger
12:24:08,6146.46,NEUTRE,5.0,5.0,0.0,22.1,7,Plisses,Stable,Sourire leger
12:24:08,6146.68,CONFORT,5.0,5.0,0.0,22.1,4,Plisses,Stable,Sourire leger
12:24:08,6146.73,CONFORT,5.0,5.0,0.0,22.1,20,Plisses,Stable,Sourire leger
12:24:08,6146.86,CONFORT,5.0,5.0,0.0,22.1,7,Plisses,Stable,Sourire leger
12:24:09,6147.08,CONFORT,5.0,5.0,0.0,22.0,4,Plisses,Stable,Sourire leger
12:24:09,6147.15,CONFORT,5.0,5.0,0.0,22.0,14,Plisses,Stable,Sourire leger
12:24:09,6147.37,CONFORT,0.0,0.0,0.0,22.0,4,Plisses,Stable,Fermee
12:24:09,6147.59,CONFORT,5.0,5.0,0.0,22.0,4,Plisses,Stable,Sourire leger
12:24:09,6147.63,CONFORT,5.0,5.0,0.0,22.0,21,Plisses,Stable,Sourire leger
12:24:09,6147.76,CONFORT,5.0,5.0,0.0,21.9,7,Plisses,Stable,Sourire leger
12:24:10,6148.15,CONFORT,5.0,5.0,0.0,21.9,2,Plisses,Stable,Sourire leger
12:24:10,6148.2,CONFORT,5.0,5.0,0.0,21.9,21,Plisses,Stable,Sourire leger
12:24:10,6148.5,CONFORT,5.0,5.0,0.0,21.9,3,Neutre,Stable,Sourire leger
12:24:10,6148.69,CONFORT,5.0,5.0,0.0,21.9,5,Neutre,Stable,Sourire leger
12:24:10,6148.76,CONFORT,5.0,5.0,0.0,21.9,13,Plisses,Stable,Sourire leger
12:24:11,6148.9,CONFORT,5.0,5.0,0.0,21.8,7,Plisses,Releves,Sourire leger
12:24:11,6149.12,CONFORT,5.0,5.0,0.0,21.8,4,Plisses,Stable,Sourire leger
12:24:11,6149.17,CONFORT,5.0,5.0,0.0,21.8,19,Plisses,Stable,Sourire leger
12:24:11,6149.35,CONFORT,5.0,5.0,0.0,21.8,5,Plisses,Stable,Sourire leger
12:24:11,6149.58,CONFORT,5.0,5.0,0.0,21.8,4,Plisses,Stable,Sourire leger
12:24:11,6149.63,CONFORT,5.0,5.0,0.0,21.8,17,Plisses,Stable,Sourire leger
12:24:11,6149.77,CONFORT,5.0,5.0,0.0,21.7,7,Plisses,Stable,Sourire leger
12:24:12,6149.94,CONFORT,0.0,0.0,0.0,21.7,5,Plisses,Stable,Fermee
12:24:12,6150.03,CONFORT,5.0,5.0,0.0,21.7,10,Plisses,Stable,Sourire leger
12:24:12,6150.16,CONFORT,5.0,5.0,0.0,21.7,7,Plisses,Stable,Sourire leger
12:24:12,6150.36,CONFORT,5.0,5.0,0.0,21.7,5,Plisses,Stable,Sourire leger
12:24:12,6150.46,CONFORT,5.0,5.0,0.0,21.7,9,Plisses,Stable,Sourire leger
12:24:12,6150.6,CONFORT,5.0,5.0,0.0,21.7,7,Plisses,Stable,Sourire leger
12:24:12,6150.82,CONFORT,5.0,5.0,0.0,21.6,4,Neutre,Stable,Sourire leger
12:24:12,6150.88,NEUTRE,0.0,0.0,0.0,21.7,17,Neutre,Stable,Fermee
12:24:13,6151.0,NEUTRE,0.0,0.0,0.0,21.7,8,Neutre,Stable,Fermee
12:24:13,6151.24,NEUTRE,0.0,0.0,0.0,21.7,4,Neutre,Stable,Fermee
12:24:13,6151.46,NEUTRE,0.0,0.0,0.0,21.7,4,Plisses,Stable,Fermee
12:24:13,6151.63,NEUTRE,0.0,0.0,0.0,21.7,5,Neutre,Stable,Fermee
12:24:13,6151.84,NEUTRE,0.0,0.0,0.0,21.7,4,Plisses,Releves,Fermee
12:24:14,6151.91,NEUTRE,0.0,0.0,0.0,21.8,14,Plisses,Stable,Fermee
12:24:14,6152.05,NEUTRE,0.0,0.0,0.0,21.8,7,Neutre,Stable,Parle
12:24:14,6152.25,NEUTRE,0.0,0.0,0.0,21.8,5,Neutre,Stable,Parle
12:24:14,6152.48,NEUTRE,-5.0,-5.0,0.0,21.8,4,Neutre,Stable,Baillement
12:24:14,6152.63,NEUTRE,0.0,0.0,0.0,21.8,6,Plisses,Releves,Parle
12:24:14,6152.79,NEUTRE,5.0,5.0,0.0,21.8,6,Neutre,Stable,Sourire leger
12:24:15,6152.89,NEUTRE,0.0,0.0,0.0,21.8,9,Plisses,Stable,Fermee
12:24:15,6153.01,NEUTRE,0.0,0.0,0.0,21.9,8,Plisses,Releves,Fermee
12:24:15,6153.21,NEUTRE,0.0,0.0,0.0,21.9,5,Plisses,Releves,Fermee
12:24:15,6153.35,NEUTRE,0.0,0.0,0.0,21.9,7,Ecarquilles,Stable,Fermee
12:24:15,6153.51,NEUTRE,0.0,0.0,0.0,21.9,6,Ecarquilles,Stable,Parle
12:24:15,6153.71,NEUTRE,0.0,0.0,0.0,21.9,5,Neutre,Stable,Parle
12:24:15,6153.76,NEUTRE,0.0,0.0,0.0,21.9,17,Neutre,Releves,Fermee
12:24:16,6153.9,NEUTRE,0.0,0.0,0.0,21.9,7,Ecarquilles,Stable,Parle
12:24:16,6154.05,NEUTRE,5.0,5.0,0.0,21.9,6,Ecarquilles,Releves,Sourire leger
12:24:16,6154.15,NEUTRE,5.0,5.0,0.0,22.0,9,Neutre,Stable,Sourire leger
12:24:16,6154.3,NEUTRE,5.0,5.0,0.0,22.0,6,Ecarquilles,Releves,Sourire leger
12:24:16,6154.48,NEUTRE,-4.0,-4.0,0.0,22.0,5,Ecarquilles,Releves,Grimace / Tension
12:24:17,6155.01,NEUTRE,-5.0,-5.0,0.0,22.0,1,Ecarquilles,Stable,Baillement
12:24:17,6155.17,NEUTRE,5.0,5.0,0.0,22.0,6,Ecarquilles,Releves,Sourire leger
12:24:17,6155.28,NEUTRE,5.0,5.0,0.0,22.0,8,Ecarquilles,Releves,Grand Sourire
12:24:17,6155.81,NEUTRE,-4.0,-4.0,0.0,22.0,1,Ecarquilles,Releves,Grimace / Tension
12:24:17,6155.87,NEUTRE,5.0,5.0,0.0,22.0,16,Ecarquilles,Releves,Sourire leger
12:24:18,6156.0,NEUTRE,5.0,5.0,0.0,22.0,7,Ecarquilles,Releves,Sourire leger
12:24:18,6156.23,NEUTRE,0.0,0.0,0.0,22.0,4,Ecarquilles,Releves,Fermee
12:24:18,6156.31,NEUTRE,-4.0,-4.0,0.0,22.1,11,Ecarquilles,Releves,Grimace / Tension
12:24:18,6156.47,NEUTRE,5.0,5.0,0.0,22.1,6,Ecarquilles,Releves,Sourire leger
12:24:18,6156.68,NEUTRE,5.0,5.0,0.0,22.1,4,Ecarquilles,Releves,Sourire leger
12:24:19,6157.56,NEUTRE,0.0,0.0,0.0,22.1,1,Ecarquilles,Releves,Fermee
12:24:19,6157.63,NEUTRE,0.0,0.0,0.0,22.1,13,Ecarquilles,Releves,Fermee
12:24:19,6157.75,NEUTRE,0.0,0.0,0.0,22.1,8,Ecarquilles,Releves,Parle
12:24:20,6157.96,NEUTRE,0.0,0.0,0.0,22.1,4,Ecarquilles,Releves,Parle
12:24:20,6158.02,NEUTRE,0.0,0.0,0.0,22.1,19,Ecarquilles,Stable,Fermee
12:24:20,6158.15,NEUTRE,0.0,0.0,0.0,22.1,7,Neutre,Releves,Fermee
12:24:20,6158.34,NEUTRE,0.0,0.0,0.0,22.1,5,Plisses,Releves,Fermee
12:24:20,6158.46,NEUTRE,0.0,0.0,0.0,22.1,8,Plisses,Releves,Fermee
12:24:20,6158.6,NEUTRE,0.0,0.0,0.0,22.1,7,Plisses,Releves,Fermee
12:24:20,6158.78,NEUTRE,0.0,0.0,0.0,22.1,5,Plisses,Releves,Fermee
12:24:20,6158.86,NEUTRE,5.0,5.0,0.0,22.2,11,Neutre,Releves,Sourire leger
12:24:21,6159.0,NEUTRE,0.0,0.0,0.0,22.2,7,Neutre,Stable,Fermee
12:24:21,6159.19,NEUTRE,5.0,5.0,0.0,22.2,5,Neutre,Stable,Sourire leger
12:24:21,6159.32,NEUTRE,0.0,0.0,0.0,22.2,7,Neutre,Stable,Parle
12:24:21,6159.46,NEUTRE,-5.0,-5.0,0.0,22.2,6,Neutre,Stable,Baillement
12:24:21,6159.66,NEUTRE,0.0,0.0,0.0,22.2,5,Plisses,Releves,Fermee
12:24:21,6159.73,NEUTRE,0.0,0.0,0.0,22.2,13,Plisses,Stable,Fermee
12:24:21,6159.86,NEUTRE,0.0,0.0,0.0,22.2,7,Neutre,Stable,Fermee
12:24:22,6160.14,NEUTRE,0.0,0.0,0.0,22.2,3,Neutre,Stable,Fermee
12:24:22,6160.2,NEUTRE,0.0,0.0,0.0,22.2,17,Neutre,Stable,Fermee
12:24:22,6160.33,NEUTRE,0.0,0.0,0.0,22.2,7,Neutre,Stable,Fermee
12:24:22,6160.51,NEUTRE,0.0,0.0,0.0,22.2,5,Ecarquilles,Stable,Fermee
12:24:22,6160.59,NEUTRE,0.0,0.0,0.0,22.2,12,Neutre,Stable,Fermee
12:24:22,6160.72,NEUTRE,0.0,0.0,0.0,22.2,7,Neutre,Stable,Fermee
12:24:23,6160.92,NEUTRE,0.0,0.0,0.0,22.2,5,Neutre,Stable,Fermee
12:24:23,6160.99,NEUTRE,0.0,0.0,0.0,22.2,14,Neutre,Stable,Fermee
12:24:23,6161.12,NEUTRE,0.0,0.0,0.0,22.3,7,Plisses,Stable,Fermee
12:24:23,6161.41,NEUTRE,5.0,5.0,0.0,22.3,3,Neutre,Stable,Sourire leger
12:24:23,6161.54,NEUTRE,5.0,5.0,0.0,22.3,8,Neutre,Stable,Grand Sourire
12:24:23,6161.79,NEUTRE,5.0,5.0,0.0,22.3,3,Ecarquilles,Stable,Sourire leger
12:24:24,6162.77,NEUTRE,-1.0,-1.0,0.0,22.3,1,Neutre,Fronces,Sourire leger
12:24:25,6163.74,NEUTRE,0.0,0.0,0.0,22.3,1,Plisses,Stable,Parle
12:24:26,6164.72,NEUTRE,0.0,0.0,0.0,22.3,1,Plisses,Stable,Parle
12:24:27,6165.77,NEUTRE,0.0,0.0,0.0,22.3,0,Ecarquilles,Stable,Fermee
12:24:28,6166.74,NEUTRE,0.0,0.0,0.0,22.3,1,Ecarquilles,Stable,Fermee
12:24:29,6167.59,NEUTRE,0.0,0.0,0.0,22.3,1,Ecarquilles,Stable,Fermee
12:24:30,6168.64,NEUTRE,5.0,5.0,0.0,22.3,0,Ecarquilles,Stable,Sourire leger
12:24:31,6169.6,NEUTRE,5.0,5.0,0.0,22.3,1,Ecarquilles,Releves,Sourire leger
12:24:33,6171.7,NEUTRE,0.0,0.0,0.0,22.3,0,Ecarquilles,Stable,Fermee
12:24:34,6172.67,NEUTRE,0.0,0.0,0.0,22.3,1,Ecarquilles,Stable,Fermee
12:24:35,6173.81,NEUTRE,0.0,0.0,0.0,22.3,0,Ecarquilles,Stable,Parle
12:24:36,6174.72,NEUTRE,0.0,0.0,0.0,22.3,1,Plisses,Stable,Parle
12:24:37,6175.67,NEUTRE,-5.0,-5.0,0.0,22.3,1,Ecarquilles,Stable,Baillement
12:24:38,6176.69,NEUTRE,-6.0,-6.0,0.0,22.3,0,Ecarquilles,Fronces,Fermee
12:24:39,6177.72,NEUTRE,0.0,0.0,0.0,22.3,0,Ecarquilles,Releves,Parle
12:24:40,6178.72,NEUTRE,5.0,5.0,0.0,22.3,1,Ecarquilles,Stable,Sourire leger
12:24:41,6179.71,NEUTRE,0.0,0.0,0.0,22.3,1,Ecarquilles,Stable,Fermee
12:24:42,6180.77,NEUTRE,0.0,0.0,0.0,22.3,0,Ecarquilles,Stable,Fermee
12:24:43,6181.76,NEUTRE,0.0,0.0,0.0,22.3,1,Neutre,Stable,Parle
12:24:44,6182.76,NEUTRE,0.0,0.0,0.0,22.3,0,Ecarquilles,Stable,Parle
12:24:45,6183.82,NEUTRE,0.0,0.0,0.0,22.3,0,Plisses,Stable,Fermee
12:24:46,6184.76,NEUTRE,0.0,0.0,0.0,22.3,1,Ecarquilles,Stable,Fermee
12:24:47,6185.77,NEUTRE,-5.0,-5.0,0.0,22.4,0,Ecarquilles,Stable,Baillement
12:24:48,6186.84,NEUTRE,-5.0,-5.0,0.0,22.4,0,Neutre,Releves,Baillement
12:24:49,6187.81,NEUTRE,0.0,0.0,0.0,22.4,1,Ecarquilles,Stable,Fermee
12:24:50,6188.79,NEUTRE,0.0,0.0,0.0,22.4,1,Ecarquilles,Stable,Fermee
12:24:51,6189.83,NEUTRE,0.0,0.0,0.0,22.4,0,Neutre,Stable,Fermee
12:24:52,6190.84,NEUTRE,0.0,0.0,0.0,22.4,0,Neutre,Stable,Fermee
12:24:53,6191.82,NEUTRE,0.0,0.0,0.0,22.4,1,Ecarquilles,Stable,Fermee
12:24:54,6192.67,NEUTRE,0.0,0.0,0.0,22.4,1,Plisses,Stable,Parle
12:24:54,6192.74,NEUTRE,5.0,5.0,0.0,22.4,15,Neutre,Stable,Sourire leger
12:24:54,6192.87,NEUTRE,5.0,5.0,0.0,22.4,7,Ecarquilles,Stable,Sourire leger
12:24:55,6193.05,NEUTRE,5.0,5.0,0.0,22.4,5,Ecarquilles,Stable,Sourire leger
12:24:55,6193.13,NEUTRE,5.0,5.0,0.0,22.4,12,Ecarquilles,Stable,Sourire leger
12:24:55,6193.42,NEUTRE,5.0,5.0,0.0,22.4,3,Ecarquilles,Stable,Sourire leger
12:24:55,6193.59,NEUTRE,5.0,5.0,0.0,22.4,5,Ecarquilles,Stable,Sourire leger
12:24:55,6193.7,NEUTRE,5.0,5.0,0.0,22.4,9,Ecarquilles,Stable,Sourire leger
12:24:55,6193.84,NEUTRE,0.0,0.0,0.0,22.4,7,Neutre,Stable,Fermee
12:24:56,6194.03,NEUTRE,0.0,0.0,0.0,22.4,5,Ecarquilles,Stable,Fermee
12:24:56,6194.14,NEUTRE,0.0,0.0,0.0,22.4,9,Ecarquilles,Stable,Fermee
12:24:56,6194.27,NEUTRE,0.0,0.0,0.0,22.4,7,Neutre,Stable,Fermee
12:24:56,6194.52,NEUTRE,0.0,0.0,0.0,22.4,3,Ecarquilles,Stable,Fermee
12:24:56,6194.62,NEUTRE,0.0,0.0,0.0,22.4,10,Neutre,Stable,Fermee
12:24:56,6194.79,NEUTRE,0.0,0.0,0.0,22.4,6,Ecarquilles,Stable,Fermee
12:24:57,6195.0,NEUTRE,0.0,0.0,0.0,22.4,4,Ecarquilles,Stable,Parle
12:24:57,6195.08,NEUTRE,5.0,5.0,0.0,22.4,11,Neutre,Stable,Grand Sourire
12:24:57,6195.22,NEUTRE,-5.0,-5.0,0.0,22.4,7,Neutre,Stable,Baillement
12:24:57,6195.57,NEUTRE,-5.0,-5.0,0.0,22.4,2,Neutre,Stable,Baillement
12:24:57,6195.64,NEUTRE,-5.0,-5.0,0.0,22.4,13,Neutre,Stable,Baillement
12:24:57,6195.78,NEUTRE,0.0,0.0,0.0,22.4,7,Neutre,Stable,Fermee
12:24:58,6196.0,NEUTRE,0.0,0.0,0.0,22.4,4,Neutre,Stable,Parle
12:24:58,6196.07,NEUTRE,0.0,0.0,0.0,22.4,14,Neutre,Stable,Parle
12:24:58,6196.2,NEUTRE,0.0,0.0,0.0,22.4,7,Neutre,Stable,Parle
12:24:58,6196.47,NEUTRE,0.0,0.0,0.0,22.4,3,Neutre,Stable,Parle
12:24:58,6196.53,NEUTRE,-5.0,-5.0,0.0,22.4,16,Neutre,Stable,Baillement
12:24:58,6196.67,INCONFORT,-5.0,-5.0,0.0,22.3,7,Plisses,Stable,Baillement
12:24:58,6196.85,NEUTRE,-5.0,-5.0,0.0,22.3,5,Neutre,Stable,Baillement
12:24:59,6196.94,NEUTRE,5.0,5.0,0.0,22.3,11,Neutre,Stable,Grand Sourire
12:24:59,6197.07,NEUTRE,0.0,0.0,0.0,22.3,7,Neutre,Stable,Parle
12:24:59,6197.3,NEUTRE,5.0,5.0,0.0,22.3,4,Neutre,Stable,Sourire leger
12:24:59,6197.44,NEUTRE,0.0,0.0,0.0,22.4,7,Neutre,Stable,Fermee
12:24:59,6197.57,NEUTRE,0.0,0.0,0.0,22.4,7,Ecarquilles,Stable,Fermee
12:24:59,6197.76,NEUTRE,0.0,0.0,0.0,22.4,5,Ecarquilles,Stable,Fermee
12:24:59,6197.84,NEUTRE,0.0,0.0,0.0,22.4,13,Neutre,Stable,Parle
12:25:00,6197.98,NEUTRE,0.0,0.0,0.0,22.4,7,Ecarquilles,Stable,Fermee
12:25:00,6198.2,NEUTRE,0.0,0.0,0.0,22.4,4,Ecarquilles,Stable,Fermee
12:25:00,6198.47,NEUTRE,0.0,0.0,0.0,22.4,3,Neutre,Stable,Parle
12:25:00,6198.61,NEUTRE,0.0,0.0,0.0,22.4,7,Neutre,Stable,Parle
12:25:00,6198.8,NEUTRE,0.0,0.0,0.0,22.4,5,Neutre,Stable,Parle
12:25:00,6198.87,NEUTRE,-5.0,-5.0,0.0,22.4,13,Neutre,Stable,Baillement
12:25:01,6199.0,NEUTRE,-5.0,-5.0,0.0,22.4,7,Neutre,Stable,Baillement
12:25:01,6199.21,INCONFORT,-5.0,-5.0,0.0,22.3,4,Plisses,Stable,Baillement
12:25:01,6199.47,NEUTRE,-5.0,-5.0,0.0,22.3,3,Neutre,Stable,Baillement
12:25:01,6199.6,NEUTRE,-5.0,-5.0,0.0,22.3,7,Neutre,Stable,Baillement
12:25:01,6199.81,NEUTRE,-5.0,-5.0,0.0,22.3,4,Ecarquilles,Stable,Baillement
12:25:01,6199.87,NEUTRE,0.0,0.0,0.0,22.3,16,Neutre,Stable,Parle
12:25:02,6200.02,NEUTRE,0.0,0.0,0.0,22.3,6,Neutre,Stable,Parle
12:25:02,6200.39,NEUTRE,-5.0,-5.0,0.0,22.3,2,Neutre,Stable,Baillement
12:25:02,6200.44,NEUTRE,0.0,0.0,0.0,22.3,22,Neutre,Stable,Fermee
12:25:02,6200.57,NEUTRE,0.0,0.0,0.0,22.3,7,Ecarquilles,Stable,Parle
12:25:02,6200.75,NEUTRE,0.0,0.0,0.0,22.3,5,Ecarquilles,Stable,Fermee
12:25:02,6200.83,NEUTRE,0.0,0.0,0.0,22.3,12,Neutre,Stable,Parle
12:25:03,6201.1,NEUTRE,0.0,0.0,0.0,22.3,3,Plisses,Stable,Parle
12:25:03,6201.22,NEUTRE,-5.0,-5.0,0.0,22.3,8,Neutre,Stable,Baillement
12:25:03,6201.47,NEUTRE,-5.0,-5.0,0.0,22.3,3,Neutre,Stable,Baillement
12:25:03,6201.6,NEUTRE,5.0,5.0,0.0,22.3,7,Neutre,Stable,Sourire leger
12:25:03,6201.79,NEUTRE,5.0,5.0,0.0,22.3,5,Ecarquilles,Stable,Sourire leger
12:25:03,6201.87,NEUTRE,0.0,0.0,0.0,22.3,13,Ecarquilles,Stable,Fermee
12:25:04,6202.0,NEUTRE,0.0,0.0,0.0,22.4,7,Ecarquilles,Stable,Fermee
12:25:04,6202.24,NEUTRE,0.0,0.0,0.0,22.4,4,Neutre,Stable,Fermee
12:25:04,6202.47,NEUTRE,0.0,0.0,0.0,22.4,4,Plisses,Stable,Fermee
12:25:04,6202.6,NEUTRE,0.0,0.0,0.0,22.4,7,Neutre,Stable,Fermee
12:25:04,6202.78,NEUTRE,0.0,0.0,0.0,22.4,5,Neutre,Stable,Fermee
12:25:04,6202.87,NEUTRE,0.0,0.0,0.0,22.4,11,Neutre,Stable,Fermee
12:25:05,6203.0,NEUTRE,0.0,0.0,0.0,22.4,7,Ecarquilles,Stable,Fermee
12:25:05,6203.21,NEUTRE,0.0,0.0,0.0,22.4,4,Ecarquilles,Stable,Fermee
12:25:05,6203.27,NEUTRE,0.0,0.0,0.0,22.4,15,Ecarquilles,Stable,Parle
12:25:05,6203.47,NEUTRE,0.0,0.0,0.0,22.4,5,Ecarquilles,Stable,Parle
12:25:05,6203.67,NEUTRE,0.0,0.0,0.0,22.4,4,Neutre,Stable,Parle
12:25:05,6203.75,NEUTRE,0.0,0.0,0.0,22.4,12,Neutre,Stable,Parle
12:25:05,6203.89,NEUTRE,0.0,0.0,0.0,22.4,7,Neutre,Stable,Fermee
12:25:06,6204.09,NEUTRE,0.0,0.0,0.0,22.4,4,Neutre,Stable,Fermee
12:25:06,6204.15,NEUTRE,0.0,0.0,0.0,22.4,16,Plisses,Stable,Fermee
12:25:06,6204.34,NEUTRE,0.0,0.0,0.0,22.4,5,Plisses,Stable,Fermee
12:25:06,6204.52,NEUTRE,0.0,0.0,0.0,22.4,5,Neutre,Stable,Parle
12:25:06,6204.6,NEUTRE,0.0,0.0,0.0,22.4,12,Neutre,Stable,Parle
12:25:06,6204.73,NEUTRE,-5.0,-5.0,0.0,22.4,7,Neutre,Stable,Baillement
12:25:07,6204.92,NEUTRE,0.0,0.0,0.0,22.4,5,Neutre,Stable,Fermee
12:25:07,6205.0,NEUTRE,0.0,0.0,0.0,22.4,11,Plisses,Stable,Fermee
12:25:07,6205.13,NEUTRE,0.0,0.0,0.0,22.4,7,Neutre,Stable,Fermee
12:25:07,6205.47,NEUTRE,0.0,0.0,0.0,22.4,2,Neutre,Stable,Fermee
12:25:07,6205.54,NEUTRE,0.0,0.0,0.0,22.4,15,Ecarquilles,Stable,Fermee
12:25:07,6205.67,NEUTRE,0.0,0.0,0.0,22.4,7,Neutre,Stable,Fermee
12:25:07,6205.84,NEUTRE,0.0,0.0,0.0,22.4,5,Ecarquilles,Stable,Fermee
12:25:08,6205.94,NEUTRE,0.0,0.0,0.0,22.4,10,Ecarquilles,Stable,Fermee
12:25:08,6206.07,NEUTRE,0.0,0.0,0.0,22.4,7,Neutre,Stable,Fermee
12:25:08,6206.28,NEUTRE,0.0,0.0,0.0,22.4,4,Plisses,Stable,Fermee
12:25:08,6206.45,NEUTRE,0.0,0.0,0.0,22.4,5,Neutre,Stable,Parle
12:25:08,6206.58,NEUTRE,0.0,0.0,0.0,22.4,7,Neutre,Stable,Parle
12:25:08,6206.78,NEUTRE,0.0,0.0,0.0,22.4,5,Neutre,Stable,Parle
12:25:08,6206.85,NEUTRE,0.0,0.0,0.0,22.4,13,Ecarquilles,Stable,Fermee
12:25:09,6206.99,NEUTRE,-6.0,-6.0,0.0,22.4,7,Neutre,Fronces,Fermee
12:25:09,6207.18,NEUTRE,0.0,0.0,0.0,22.4,5,Neutre,Stable,Fermee
12:25:09,6207.47,NEUTRE,5.0,5.0,0.0,22.4,3,Plisses,Stable,Sourire leger
12:25:09,6207.61,NEUTRE,0.0,0.0,0.0,22.4,7,Plisses,Stable,Parle
12:25:09,6207.86,NEUTRE,0.0,0.0,0.0,22.4,4,Neutre,Stable,Parle
12:25:10,6207.91,NEUTRE,0.0,0.0,0.0,22.4,18,Neutre,Stable,Parle
12:25:10,6208.03,NEUTRE,0.0,0.0,0.0,22.4,8,Neutre,Stable,Parle
12:25:10,6208.22,NEUTRE,0.0,0.0,0.0,22.4,5,Ecarquilles,Stable,Parle
12:25:10,6208.47,NEUTRE,5.0,5.0,0.0,22.4,4,Ecarquilles,Stable,Sourire leger
12:25:10,6208.6,NEUTRE,5.0,5.0,0.0,22.4,7,Ecarquilles,Stable,Sourire leger
12:25:10,6208.79,NEUTRE,5.0,5.0,0.0,22.4,5,Ecarquilles,Stable,Sourire leger
12:25:10,6208.87,NEUTRE,5.0,5.0,0.0,22.4,12,Ecarquilles,Stable,Sourire leger
12:25:11,6209.0,NEUTRE,5.0,5.0,0.0,22.4,7,Ecarquilles,Stable,Sourire leger
12:25:11,6209.17,NEUTRE,5.0,5.0,0.0,22.4,5,Plisses,Stable,Sourire leger
12:25:11,6209.5,NEUTRE,0.0,0.0,0.0,22.4,3,Ecarquilles,Stable,Fermee
12:25:11,6209.6,NEUTRE,0.0,0.0,0.0,22.4,9,Ecarquilles,Stable,Fermee
12:25:11,6209.79,NEUTRE,0.0,0.0,0.0,22.4,5,Neutre,Stable,Fermee
12:25:11,6209.87,NEUTRE,0.0,0.0,0.0,22.4,13,Ecarquilles,Stable,Fermee
12:25:12,6210.0,NEUTRE,0.0,0.0,0.0,22.4,7,Ecarquilles,Stable,Fermee
12:25:12,6210.18,NEUTRE,0.0,0.0,0.0,22.4,5,Ecarquilles,Stable,Fermee
12:25:12,6210.47,NEUTRE,5.0,5.0,0.0,22.4,3,Ecarquilles,Stable,Sourire leger
12:25:12,6210.6,NEUTRE,0.0,0.0,0.0,22.4,7,Ecarquilles,Stable,Fermee
12:25:13,6210.89,NEUTRE,0.0,0.0,0.0,22.5,3,Ecarquilles,Stable,Parle
12:25:13,6210.94,NEUTRE,5.0,5.0,0.0,22.5,23,Neutre,Stable,Sourire leger
12:25:13,6211.07,NEUTRE,5.0,5.0,0.0,22.5,7,Neutre,Stable,Sourire leger
12:25:13,6211.26,NEUTRE,-1.0,-1.0,0.0,22.5,5,Neutre,Fronces,Sourire leger
12:25:13,6211.47,NEUTRE,5.0,5.0,0.0,22.5,4,Ecarquilles,Stable,Sourire leger
12:25:13,6211.6,NEUTRE,-1.0,-1.0,0.0,22.5,7,Ecarquilles,Fronces,Sourire leger
12:25:13,6211.82,NEUTRE,-1.0,-1.0,0.0,22.5,4,Neutre,Fronces,Sourire leger
12:25:13,6211.87,NEUTRE,5.0,5.0,0.0,22.5,20,Plisses,Stable,Sourire leger
12:25:14,6212.0,NEUTRE,5.0,5.0,0.0,22.5,7,Neutre,Stable,Grand Sourire
12:25:14,6212.17,NEUTRE,5.0,5.0,0.0,22.5,6,Ecarquilles,Stable,Grand Sourire
12:25:14,6212.27,NEUTRE,-1.0,-1.0,0.0,22.5,9,Ecarquilles,Fronces,Grand Sourire
12:25:14,6212.47,NEUTRE,5.0,5.0,0.0,22.5,4,Ecarquilles,Stable,Sourire leger
12:25:14,6212.69,NEUTRE,8.0,5.0,3.0,22.5,4,Ecarquilles,Stable,Sourire leger
12:25:14,6212.79,NEUTRE,8.0,5.0,3.0,22.5,10,Ecarquilles,Stable,Sourire leger
12:25:15,6212.92,NEUTRE,8.0,5.0,3.0,22.5,7,Ecarquilles,Stable,Sourire leger
12:25:15,6213.12,NEUTRE,-1.0,-1.0,0.0,22.5,5,Neutre,Fronces,Sourire leger
12:25:15,6213.18,CONFORT,5.0,5.0,0.0,22.4,14,Ecarquilles,Stable,Sourire leger
12:25:15,6213.34,CONFORT,5.0,5.0,0.0,22.4,6,Ecarquilles,Stable,Sourire leger
12:25:15,6213.56,CONFORT,5.0,5.0,0.0,22.4,4,Ecarquilles,Stable,Sourire leger
12:25:15,6213.6,NEUTRE,-1.0,-1.0,0.0,22.4,23,Ecarquilles,Fronces,Sourire leger
12:25:15,6213.74,CONFORT,5.0,5.0,0.0,22.4,7,Plisses,Stable,Sourire leger
12:25:16,6213.96,CONFORT,5.0,5.0,0.0,22.3,4,Neutre,Stable,Sourire leger
12:25:16,6214.0,NEUTRE,5.0,5.0,0.0,22.3,23,Neutre,Stable,Sourire leger
12:25:16,6214.27,NEUTRE,5.0,5.0,0.0,22.3,3,Neutre,Stable,Sourire leger
12:25:16,6214.44,NEUTRE,5.0,5.0,0.0,22.3,6,Neutre,Stable,Sourire leger
12:25:16,6214.53,NEUTRE,5.0,5.0,0.0,22.3,10,Neutre,Stable,Sourire leger
12:25:17,6215.61,NEUTRE,0.0,0.0,0.0,22.3,0,Plisses,Releves,Parle
12:25:18,6216.65,NEUTRE,0.0,0.0,0.0,22.3,0,Plisses,Releves,Parle
12:25:19,6217.62,NEUTRE,5.0,5.0,0.0,22.3,1,Neutre,Stable,Sourire leger
12:25:20,6218.63,NEUTRE,0.0,0.0,0.0,22.4,0,Ecarquilles,Stable,Fermee
12:25:21,6219.67,NEUTRE,8.0,5.0,3.0,22.4,0,Plisses,Stable,Sourire leger
12:25:22,6220.64,NEUTRE,8.0,5.0,3.0,22.4,1,Neutre,Stable,Sourire leger
12:25:23,6221.64,NEUTRE,8.0,5.0,3.0,22.4,0,Ecarquilles,Stable,Sourire leger
12:25:24,6222.57,NEUTRE,5.0,5.0,0.0,22.4,1,Ecarquilles,Stable,Sourire leger
12:25:24,6222.66,NEUTRE,5.0,5.0,0.0,22.4,11,Ecarquilles,Stable,Sourire leger
12:25:24,6222.81,NEUTRE,5.0,5.0,0.0,22.4,6,Ecarquilles,Stable,Sourire leger
12:25:25,6222.97,CONFORT,5.0,5.0,0.0,22.3,6,Ecarquilles,Stable,Sourire leger
12:25:25,6223.08,CONFORT,5.0,5.0,0.0,22.3,9,Neutre,Stable,Sourire leger
12:25:25,6223.21,CONFORT,5.0,5.0,0.0,22.3,7,Ecarquilles,Stable,Sourire leger
12:25:25,6223.49,CONFORT,5.0,5.0,0.0,22.3,3,Plisses,Stable,Sourire leger
12:25:25,6223.59,CONFORT,5.0,5.0,0.0,22.2,9,Plisses,Stable,Sourire leger
12:25:25,6223.73,CONFORT,5.0,5.0,0.0,22.2,7,Neutre,Stable,Sourire leger
12:25:25,6223.89,CONFORT,5.0,5.0,0.0,22.2,6,Neutre,Stable,Sourire leger
12:25:26,6223.99,CONFORT,5.0,5.0,0.0,22.2,9,Neutre,Stable,Sourire leger
12:25:26,6224.12,CONFORT,5.0,5.0,0.0,22.1,7,Neutre,Stable,Sourire leger
12:25:26,6224.29,CONFORT,5.0,5.0,0.0,22.1,6,Neutre,Stable,Sourire leger
12:25:26,6224.42,CONFORT,5.0,5.0,0.0,22.1,7,Neutre,Stable,Sourire leger
12:25:26,6224.56,CONFORT,5.0,5.0,0.0,22.1,7,Ecarquilles,Stable,Sourire leger
12:25:26,6224.74,CONFORT,0.0,0.0,0.0,22.1,5,Ecarquilles,Stable,Fermee
12:25:26,6224.84,NEUTRE,0.0,0.0,0.0,22.1,10,Ecarquilles,Releves,Fermee
12:25:27,6225.01,NEUTRE,0.0,0.0,0.0,22.1,6,Ecarquilles,Releves,Parle
12:25:27,6225.18,NEUTRE,0.0,0.0,0.0,22.1,5,Ecarquilles,Releves,Parle
12:25:27,6225.28,NEUTRE,0.0,0.0,0.0,22.1,9,Ecarquilles,Releves,Fermee
12:25:27,6225.4,NEUTRE,0.0,0.0,0.0,22.1,8,Ecarquilles,Releves,Fermee
12:25:27,6225.64,NEUTRE,0.0,0.0,0.0,22.1,4,Neutre,Stable,Fermee
12:25:27,6225.7,NEUTRE,0.0,0.0,0.0,22.1,15,Plisses,Stable,Fermee
12:25:27,6225.84,NEUTRE,0.0,0.0,0.0,22.1,7,Plisses,Releves,Fermee
12:25:28,6226.03,NEUTRE,0.0,0.0,0.0,22.1,5,Neutre,Stable,Fermee
12:25:29,6227.02,NEUTRE,-6.0,-6.0,0.0,22.1,1,Ecarquilles,Fronces,Fermee
12:25:29,6227.07,NEUTRE,-6.0,-6.0,0.0,22.1,19,Neutre,Fronces,Fermee
12:25:29,6227.22,NEUTRE,0.0,0.0,0.0,22.1,6,Neutre,Stable,Fermee
12:25:32,6230.09,NEUTRE,-4.0,-4.0,0.0,22.2,0,Ecarquilles,Releves,Grimace / Tension
12:25:32,6230.27,NEUTRE,0.0,0.0,0.0,22.2,5,Ecarquilles,Releves,Fermee
12:25:32,6230.36,NEUTRE,5.0,5.0,0.0,22.2,11,Ecarquilles,Stable,Sourire leger
12:25:32,6230.5,NEUTRE,0.0,0.0,0.0,22.2,7,Ecarquilles,Stable,Fermee
12:25:32,6230.68,NEUTRE,0.0,0.0,0.0,22.2,5,Ecarquilles,Stable,Fermee
12:25:32,6230.77,NEUTRE,0.0,0.0,0.0,22.2,10,Ecarquilles,Releves,Fermee
12:25:33,6230.9,NEUTRE,0.0,0.0,0.0,22.2,7,Ecarquilles,Stable,Fermee
12:25:33,6231.11,NEUTRE,-3.0,0.0,-3.0,22.2,4,Ecarquilles,Stable,Fermee
12:25:33,6231.17,NEUTRE,-3.0,0.0,-3.0,22.2,17,Ecarquilles,Stable,Fermee
12:25:33,6231.3,NEUTRE,-3.0,0.0,-3.0,22.2,7,Ecarquilles,Stable,Fermee
12:25:33,6231.51,NEUTRE,0.0,0.0,0.0,22.2,4,Ecarquilles,Stable,Fermee
12:25:33,6231.6,NEUTRE,0.0,0.0,0.0,22.2,10,Ecarquilles,Stable,Fermee
12:25:33,6231.74,NEUTRE,0.0,0.0,0.0,22.2,7,Ecarquilles,Stable,Fermee
12:25:34,6231.93,NEUTRE,0.0,0.0,0.0,22.2,5,Ecarquilles,Stable,Fermee
12:25:34,6232.0,NEUTRE,0.0,0.0,0.0,22.2,14,Ecarquilles,Releves,Fermee
12:25:34,6232.14,NEUTRE,5.0,5.0,0.0,22.2,7,Neutre,Releves,Sourire leger
12:25:34,6232.32,NEUTRE,0.0,0.0,0.0,22.3,5,Neutre,Releves,Fermee
12:25:34,6232.4,NEUTRE,0.0,0.0,0.0,22.3,11,Neutre,Releves,Fermee
12:25:34,6232.54,NEUTRE,0.0,0.0,0.0,22.3,7,Neutre,Releves,Fermee
12:25:34,6232.72,NEUTRE,0.0,0.0,0.0,22.3,5,Neutre,Releves,Fermee
12:25:34,6232.81,NEUTRE,0.0,0.0,0.0,22.3,11,Neutre,Releves,Fermee
12:25:35,6232.95,NEUTRE,0.0,0.0,0.0,22.3,7,Ecarquilles,Stable,Fermee
12:25:35,6233.16,NEUTRE,0.0,0.0,0.0,22.3,4,Ecarquilles,Stable,Fermee
12:25:35,6233.22,NEUTRE,0.0,0.0,0.0,22.3,16,Ecarquilles,Stable,Fermee
12:25:35,6233.36,NEUTRE,0.0,0.0,0.0,22.3,7,Neutre,Releves,Fermee
12:25:35,6233.54,NEUTRE,0.0,0.0,0.0,22.3,5,Neutre,Releves,Fermee
12:25:35,6233.62,NEUTRE,0.0,0.0,0.0,22.3,12,Neutre,Releves,Fermee
12:25:35,6233.75,NEUTRE,0.0,0.0,0.0,22.3,7,Neutre,Releves,Fermee
12:25:36,6233.93,NEUTRE,0.0,0.0,0.0,22.3,5,Neutre,Releves,Fermee
12:25:36,6234.02,NEUTRE,0.0,0.0,0.0,22.3,11,Neutre,Releves,Fermee
12:25:36,6234.15,NEUTRE,0.0,0.0,0.0,22.3,7,Neutre,Stable,Fermee
12:25:36,6234.37,NEUTRE,0.0,0.0,0.0,22.3,4,Neutre,Releves,Fermee
12:25:36,6234.42,NEUTRE,0.0,0.0,0.0,22.3,20,Ecarquilles,Stable,Fermee
12:25:36,6234.55,NEUTRE,0.0,0.0,0.0,22.3,7,Ecarquilles,Stable,Fermee
12:25:36,6234.76,NEUTRE,0.0,0.0,0.0,22.3,4,Ecarquilles,Stable,Fermee
12:25:36,6234.83,NEUTRE,0.0,0.0,0.0,22.3,15,Ecarquilles,Stable,Fermee
12:25:37,6234.95,NEUTRE,0.0,0.0,0.0,22.3,8,Neutre,Releves,Fermee
12:25:37,6235.18,NEUTRE,0.0,0.0,0.0,22.3,4,Neutre,Releves,Fermee
12:25:37,6235.25,NEUTRE,0.0,0.0,0.0,22.3,13,Neutre,Releves,Fermee
12:25:37,6235.39,NEUTRE,0.0,0.0,0.0,22.3,7,Neutre,Releves,Fermee
12:25:37,6235.61,NEUTRE,0.0,0.0,0.0,22.3,4,Neutre,Releves,Fermee
12:25:37,6235.65,NEUTRE,0.0,0.0,0.0,22.3,22,Neutre,Releves,Fermee
12:25:37,6235.78,NEUTRE,0.0,0.0,0.0,22.4,7,Neutre,Releves,Fermee
12:25:38,6236.12,NEUTRE,0.0,0.0,0.0,22.4,2,Neutre,Releves,Fermee
12:25:38,6236.19,NEUTRE,0.0,0.0,0.0,22.4,16,Ecarquilles,Stable,Fermee
12:25:38,6236.41,NEUTRE,0.0,0.0,0.0,22.4,4,Ecarquilles,Stable,Fermee
12:25:38,6236.59,NEUTRE,0.0,0.0,0.0,22.4,5,Neutre,Releves,Fermee
12:25:38,6236.67,NEUTRE,0.0,0.0,0.0,22.4,12,Neutre,Releves,Fermee
12:25:38,6236.82,NEUTRE,0.0,0.0,0.0,22.4,6,Neutre,Stable,Fermee
12:25:39,6237.04,NEUTRE,0.0,0.0,0.0,22.4,4,Ecarquilles,Stable,Fermee
12:25:39,6237.09,NEUTRE,0.0,0.0,0.0,22.4,21,Ecarquilles,Stable,Fermee
12:25:39,6237.22,NEUTRE,0.0,0.0,0.0,22.4,7,Ecarquilles,Stable,Fermee
12:25:39,6237.42,NEUTRE,0.0,0.0,0.0,22.4,5,Ecarquilles,Stable,Fermee
12:25:39,6237.49,NEUTRE,0.0,0.0,0.0,22.4,14,Ecarquilles,Stable,Fermee
12:25:39,6237.62,NEUTRE,0.0,0.0,0.0,22.4,7,Ecarquilles,Stable,Fermee
12:25:39,6237.82,NEUTRE,0.0,0.0,0.0,22.4,4,Ecarquilles,Stable,Fermee
12:25:39,6237.88,NEUTRE,0.0,0.0,0.0,22.4,15,Ecarquilles,Stable,Fermee
12:25:40,6238.02,NEUTRE,0.0,0.0,0.0,22.4,7,Ecarquilles,Releves,Fermee
12:25:40,6238.19,NEUTRE,0.0,0.0,0.0,22.4,5,Ecarquilles,Releves,Parle
12:25:40,6238.29,NEUTRE,0.0,0.0,0.0,22.4,10,Ecarquilles,Releves,Fermee
12:25:40,6238.47,NEUTRE,0.0,0.0,0.0,22.4,5,Ecarquilles,Releves,Fermee
12:25:40,6238.65,NEUTRE,0.0,0.0,0.0,22.4,5,Ecarquilles,Releves,Fermee
12:25:40,6238.74,NEUTRE,0.0,0.0,0.0,22.4,12,Ecarquilles,Releves,Fermee
12:25:40,6238.88,NEUTRE,5.0,5.0,0.0,22.4,7,Ecarquilles,Releves,Sourire leger
12:25:41,6239.08,NEUTRE,5.0,5.0,0.0,22.4,4,Ecarquilles,Releves,Sourire leger
12:25:41,6239.14,NEUTRE,5.0,5.0,0.0,22.4,19,Ecarquilles,Releves,Sourire leger
12:25:41,6239.27,NEUTRE,5.0,5.0,0.0,22.4,7,Ecarquilles,Releves,Sourire leger
12:25:41,6239.47,NEUTRE,5.0,5.0,0.0,22.4,5,Ecarquilles,Releves,Sourire leger
12:25:41,6239.54,NEUTRE,5.0,5.0,0.0,22.4,14,Ecarquilles,Releves,Sourire leger
12:25:41,6239.67,NEUTRE,5.0,5.0,0.0,22.4,7,Ecarquilles,Releves,Grand Sourire
12:25:41,6239.89,NEUTRE,5.0,5.0,0.0,22.4,4,Ecarquilles,Releves,Sourire leger
12:25:42,6239.94,CONFORT,5.0,5.0,0.0,22.4,19,Ecarquilles,Releves,Sourire leger
12:25:42,6240.08,CONFORT,5.0,5.0,0.0,22.4,7,Ecarquilles,Releves,Grand Sourire
12:25:42,6240.25,CONFORT,5.0,5.0,0.0,22.3,5,Ecarquilles,Releves,Sourire leger
12:25:42,6240.34,CONFORT,5.0,5.0,0.0,22.3,12,Ecarquilles,Releves,Sourire leger
12:25:42,6240.47,CONFORT,5.0,5.0,0.0,22.3,7,Ecarquilles,Releves,Sourire leger
12:25:42,6240.69,CONFORT,5.0,5.0,0.0,22.3,4,Ecarquilles,Releves,Sourire leger
12:25:42,6240.73,CONFORT,0.0,0.0,0.0,22.2,25,Ecarquilles,Releves,Fermee
12:25:42,6240.87,NEUTRE,0.0,0.0,0.0,22.2,7,Ecarquilles,Releves,Fermee
12:25:43,6241.09,NEUTRE,0.0,0.0,0.0,22.2,4,Ecarquilles,Releves,Fermee
12:25:43,6241.14,NEUTRE,0.0,0.0,0.0,22.2,19,Ecarquilles,Releves,Fermee
12:25:43,6241.27,NEUTRE,0.0,0.0,0.0,22.3,7,Ecarquilles,Releves,Fermee
12:25:43,6241.48,NEUTRE,0.0,0.0,0.0,22.3,4,Ecarquilles,Releves,Fermee
12:25:43,6241.54,NEUTRE,0.0,0.0,0.0,22.3,18,Ecarquilles,Releves,Fermee
12:25:43,6241.68,NEUTRE,5.0,5.0,0.0,22.3,7,Ecarquilles,Releves,Sourire leger
12:25:44,6241.9,NEUTRE,5.0,5.0,0.0,22.3,4,Ecarquilles,Stable,Sourire leger
12:25:44,6241.97,NEUTRE,5.0,5.0,0.0,22.3,13,Ecarquilles,Stable,Sourire leger
12:25:44,6242.11,NEUTRE,5.0,5.0,0.0,22.3,7,Ecarquilles,Releves,Sourire leger
12:25:44,6242.32,NEUTRE,5.0,5.0,0.0,22.3,4,Ecarquilles,Stable,Sourire leger
12:25:44,6242.37,NEUTRE,5.0,5.0,0.0,22.3,21,Ecarquilles,Releves,Sourire leger
12:25:45,6243.21,NEUTRE,0.0,0.0,0.0,22.3,1,Ecarquilles,Releves,Fermee
12:25:45,6243.41,NEUTRE,0.0,0.0,0.0,22.3,4,Ecarquilles,Releves,Fermee
12:25:45,6243.6,NEUTRE,5.0,5.0,0.0,22.3,5,Ecarquilles,Releves,Sourire leger
12:25:45,6243.65,NEUTRE,0.0,0.0,0.0,22.3,18,Ecarquilles,Releves,Fermee
12:25:45,6243.79,NEUTRE,0.0,0.0,0.0,22.3,7,Ecarquilles,Releves,Fermee
12:25:46,6244.01,NEUTRE,0.0,0.0,0.0,22.3,4,Ecarquilles,Releves,Fermee
12:25:46,6244.06,NEUTRE,0.0,0.0,0.0,22.3,21,Ecarquilles,Releves,Fermee
12:25:46,6244.19,NEUTRE,0.0,0.0,0.0,22.3,7,Ecarquilles,Releves,Fermee
12:25:46,6244.36,NEUTRE,0.0,0.0,0.0,22.3,5,Ecarquilles,Releves,Fermee
12:25:46,6244.44,NEUTRE,0.0,0.0,0.0,22.3,11,Ecarquilles,Releves,Fermee
12:25:46,6244.58,NEUTRE,0.0,0.0,0.0,22.3,7,Ecarquilles,Releves,Fermee
12:25:46,6244.8,NEUTRE,0.0,0.0,0.0,22.3,4,Ecarquilles,Releves,Fermee
12:25:46,6244.89,NEUTRE,0.0,0.0,0.0,22.3,11,Ecarquilles,Releves,Fermee
12:25:47,6245.02,NEUTRE,0.0,0.0,0.0,22.3,7,Ecarquilles,Stable,Fermee
12:25:47,6245.19,NEUTRE,0.0,0.0,0.0,22.3,5,Ecarquilles,Stable,Fermee
12:25:47,6245.29,NEUTRE,5.0,5.0,0.0,22.3,10,Ecarquilles,Stable,Sourire leger
12:25:47,6245.47,NEUTRE,5.0,5.0,0.0,22.3,5,Neutre,Stable,Sourire leger
12:25:47,6245.64,NEUTRE,0.0,0.0,0.0,22.4,5,Ecarquilles,Stable,Fermee
12:25:47,6245.74,NEUTRE,5.0,5.0,0.0,22.4,10,Ecarquilles,Releves,Sourire leger
12:25:47,6245.87,NEUTRE,5.0,5.0,0.0,22.4,7,Ecarquilles,Stable,Sourire leger
12:25:48,6246.1,NEUTRE,0.0,0.0,0.0,22.4,4,Ecarquilles,Releves,Fermee
12:25:48,6246.14,NEUTRE,0.0,0.0,0.0,22.4,21,Ecarquilles,Releves,Fermee
12:25:48,6246.27,NEUTRE,0.0,0.0,0.0,22.4,7,Ecarquilles,Releves,Fermee
12:25:48,6246.45,NEUTRE,0.0,0.0,0.0,22.4,5,Neutre,Stable,Fermee
12:25:48,6246.54,NEUTRE,0.0,0.0,0.0,22.4,11,Ecarquilles,Releves,Fermee
12:25:48,6246.7,NEUTRE,0.0,0.0,0.0,22.4,6,Ecarquilles,Releves,Fermee
12:25:48,6246.84,NEUTRE,0.0,0.0,0.0,22.4,7,Ecarquilles,Releves,Fermee
12:25:49,6246.94,NEUTRE,0.0,0.0,0.0,22.4,10,Ecarquilles,Stable,Fermee
12:25:49,6247.07,NEUTRE,0.0,0.0,0.0,22.4,7,Ecarquilles,Stable,Fermee
12:25:49,6247.24,NEUTRE,0.0,0.0,0.0,22.4,5,Ecarquilles,Stable,Fermee
12:25:49,6247.39,NEUTRE,0.0,0.0,0.0,22.4,6,Ecarquilles,Stable,Fermee
12:25:49,6247.54,NEUTRE,0.0,0.0,0.0,22.4,6,Ecarquilles,Stable,Fermee
12:25:49,6247.75,NEUTRE,0.0,0.0,0.0,22.4,4,Ecarquilles,Stable,Fermee
12:25:49,6247.81,NEUTRE,0.0,0.0,0.0,22.4,18,Neutre,Releves,Fermee
12:25:50,6247.94,NEUTRE,0.0,0.0,0.0,22.4,7,Ecarquilles,Releves,Fermee
12:25:50,6248.11,NEUTRE,0.0,0.0,0.0,22.4,5,Ecarquilles,Releves,Fermee
12:25:50,6248.2,NEUTRE,0.0,0.0,0.0,22.4,10,Ecarquilles,Releves,Fermee
12:25:50,6248.47,NEUTRE,0.0,0.0,0.0,22.4,3,Ecarquilles,Releves,Fermee
12:25:50,6248.57,NEUTRE,0.0,0.0,0.0,22.4,9,Ecarquilles,Releves,Fermee
12:25:50,6248.69,NEUTRE,0.0,0.0,0.0,22.4,8,Ecarquilles,Releves,Fermee
12:25:50,6248.82,NEUTRE,0.0,0.0,0.0,22.4,7,Ecarquilles,Releves,Fermee
12:25:51,6249.0,NEUTRE,0.0,0.0,0.0,22.4,5,Ecarquilles,Stable,Fermee
12:25:51,6249.09,NEUTRE,0.0,0.0,0.0,22.4,10,Ecarquilles,Releves,Fermee
12:25:51,6249.22,NEUTRE,0.0,0.0,0.0,22.4,7,Ecarquilles,Releves,Fermee
12:25:51,6249.39,NEUTRE,0.0,0.0,0.0,22.4,5,Ecarquilles,Releves,Fermee
12:25:51,6249.51,NEUTRE,0.0,0.0,0.0,22.4,8,Ecarquilles,Stable,Fermee
12:25:51,6249.64,NEUTRE,0.0,0.0,0.0,22.4,7,Ecarquilles,Stable,Fermee
12:25:51,6249.84,NEUTRE,0.0,0.0,0.0,22.4,4,Ecarquilles,Releves,Fermee
12:25:52,6249.9,NEUTRE,0.0,0.0,0.0,22.4,16,Ecarquilles,Releves,Fermee
12:25:52,6250.04,NEUTRE,5.0,5.0,0.0,22.4,7,Ecarquilles,Releves,Sourire leger
12:25:52,6250.24,NEUTRE,0.0,0.0,0.0,22.4,4,Ecarquilles,Stable,Fermee
12:25:52,6250.3,NEUTRE,0.0,0.0,0.0,22.4,15,Ecarquilles,Stable,Fermee
12:25:52,6250.7,NEUTRE,5.0,5.0,0.0,22.4,2,Ecarquilles,Releves,Sourire leger
12:25:52,6250.77,NEUTRE,0.0,0.0,0.0,22.4,13,Ecarquilles,Releves,Fermee
12:25:53,6250.9,NEUTRE,5.0,5.0,0.0,22.4,7,Ecarquilles,Releves,Sourire leger
12:25:53,6251.12,NEUTRE,0.0,0.0,0.0,22.4,4,Ecarquilles,Releves,Fermee
12:25:53,6251.17,NEUTRE,0.0,0.0,0.0,22.4,20,Ecarquilles,Releves,Fermee
12:25:53,6251.3,NEUTRE,0.0,0.0,0.0,22.4,7,Ecarquilles,Releves,Fermee
12:25:53,6251.52,NEUTRE,0.0,0.0,0.0,22.4,4,Ecarquilles,Releves,Fermee
12:25:53,6251.57,NEUTRE,0.0,0.0,0.0,22.4,19,Ecarquilles,Releves,Fermee
12:25:53,6251.7,NEUTRE,5.0,5.0,0.0,22.4,7,Ecarquilles,Releves,Sourire leger
12:25:54,6251.9,NEUTRE,0.0,0.0,0.0,22.4,4,Ecarquilles,Releves,Fermee
12:25:54,6251.97,NEUTRE,0.0,0.0,0.0,22.4,14,Ecarquilles,Releves,Fermee
12:25:54,6252.1,NEUTRE,0.0,0.0,0.0,22.4,7,Ecarquilles,Releves,Fermee
12:25:54,6252.34,NEUTRE,0.0,0.0,0.0,22.4,4,Ecarquilles,Releves,Fermee
12:25:54,6252.42,NEUTRE,0.0,0.0,0.0,22.4,13,Ecarquilles,Releves,Fermee
12:25:54,6252.56,NEUTRE,0.0,0.0,0.0,22.4,7,Ecarquilles,Releves,Fermee
12:25:54,6252.74,NEUTRE,5.0,5.0,0.0,22.4,5,Ecarquilles,Releves,Sourire leger
12:25:54,6252.84,NEUTRE,5.0,5.0,0.0,22.4,10,Ecarquilles,Releves,Sourire leger
12:25:55,6252.97,NEUTRE,0.0,0.0,0.0,22.4,7,Ecarquilles,Releves,Fermee
12:25:55,6253.16,NEUTRE,5.0,5.0,0.0,22.4,5,Ecarquilles,Releves,Sourire leger
12:25:55,6253.24,NEUTRE,5.0,5.0,0.0,22.5,12,Ecarquilles,Releves,Sourire leger
12:25:55,6253.37,NEUTRE,0.0,0.0,0.0,22.5,7,Ecarquilles,Releves,Fermee
12:25:55,6253.57,NEUTRE,0.0,0.0,0.0,22.5,4,Ecarquilles,Releves,Fermee
12:25:55,6253.64,NEUTRE,0.0,0.0,0.0,22.5,14,Ecarquilles,Releves,Fermee
12:25:55,6253.77,NEUTRE,0.0,0.0,0.0,22.5,7,Ecarquilles,Releves,Fermee
12:25:56,6253.99,NEUTRE,-5.0,-5.0,0.0,22.5,4,Ecarquilles,Releves,Baillement
12:25:56,6254.04,NEUTRE,0.0,0.0,0.0,22.5,20,Ecarquilles,Releves,Parle
12:25:56,6254.17,NEUTRE,-5.0,-5.0,0.0,22.5,7,Ecarquilles,Releves,Baillement
12:25:56,6254.72,NEUTRE,-6.0,-6.0,0.0,22.5,1,Ecarquilles,Fronces,Parle
12:25:57,6254.95,NEUTRE,-6.0,-6.0,0.0,22.5,4,Ecarquilles,Fronces,Fermee
12:25:57,6254.99,NEUTRE,5.0,5.0,0.0,22.5,23,Ecarquilles,Releves,Sourire leger
12:25:57,6255.12,NEUTRE,5.0,5.0,0.0,22.5,7,Ecarquilles,Releves,Sourire leger
12:25:57,6255.31,NEUTRE,5.0,5.0,0.0,22.5,5,Ecarquilles,Releves,Sourire leger
12:25:57,6255.39,NEUTRE,0.0,0.0,0.0,22.5,13,Ecarquilles,Releves,Fermee
12:25:57,6255.52,NEUTRE,0.0,0.0,0.0,22.5,7,Ecarquilles,Releves,Fermee
12:25:57,6255.72,NEUTRE,0.0,0.0,0.0,22.5,4,Ecarquilles,Releves,Fermee
12:25:57,6255.79,NEUTRE,5.0,5.0,0.0,22.5,15,Ecarquilles,Releves,Sourire leger
12:25:58,6255.92,NEUTRE,5.0,5.0,0.0,22.5,7,Ecarquilles,Releves,Sourire leger
12:25:58,6256.13,NEUTRE,5.0,5.0,0.0,22.5,4,Ecarquilles,Releves,Sourire leger
12:25:58,6256.19,NEUTRE,0.0,0.0,0.0,22.5,16,Ecarquilles,Releves,Fermee
12:25:58,6256.43,NEUTRE,0.0,0.0,0.0,22.5,4,Ecarquilles,Releves,Fermee
12:25:58,6256.62,NEUTRE,0.0,0.0,0.0,22.5,5,Ecarquilles,Releves,Fermee
12:25:59,6257.41,NEUTRE,0.0,0.0,0.0,22.5,1,Neutre,Stable,Fermee
12:25:59,6257.49,NEUTRE,0.0,0.0,0.0,22.5,12,Neutre,Stable,Fermee
12:25:59,6257.62,NEUTRE,0.0,0.0,0.0,22.5,7,Ecarquilles,Stable,Fermee
12:25:59,6257.84,NEUTRE,0.0,0.0,0.0,22.5,4,Neutre,Stable,Fermee
12:25:59,6257.89,NEUTRE,0.0,0.0,0.0,22.5,20,Neutre,Stable,Fermee
12:26:00,6258.02,NEUTRE,0.0,0.0,0.0,22.5,7,Neutre,Stable,Fermee
12:26:00,6258.26,NEUTRE,-6.0,-6.0,0.0,22.5,4,Neutre,Fronces,Fermee
12:26:00,6258.3,NEUTRE,0.0,0.0,0.0,22.5,24,Ecarquilles,Stable,Fermee
12:26:00,6258.47,NEUTRE,0.0,0.0,0.0,22.5,6,Ecarquilles,Stable,Fermee
12:26:01,6258.96,NEUTRE,0.0,0.0,0.0,22.5,2,Ecarquilles,Stable,Fermee
12:26:01,6259.01,NEUTRE,5.0,5.0,0.0,22.5,19,Ecarquilles,Releves,Sourire leger
12:26:01,6259.14,NEUTRE,5.0,5.0,0.0,22.5,7,Neutre,Releves,Sourire leger
12:26:01,6259.33,NEUTRE,5.0,5.0,0.0,22.5,5,Neutre,Releves,Sourire leger
12:26:01,6259.4,NEUTRE,5.0,5.0,0.0,22.5,14,Neutre,Releves,Sourire leger
12:26:01,6259.54,NEUTRE,0.0,0.0,0.0,22.5,7,Neutre,Releves,Fermee
12:26:01,6259.72,NEUTRE,5.0,5.0,0.0,22.5,5,Ecarquilles,Releves,Sourire leger
12:26:01,6259.8,NEUTRE,5.0,5.0,0.0,22.5,12,Ecarquilles,Releves,Sourire leger
12:26:02,6259.94,NEUTRE,5.0,5.0,0.0,22.5,7,Neutre,Releves,Sourire leger
12:26:02,6260.11,NEUTRE,0.0,0.0,0.0,22.5,5,Neutre,Releves,Fermee
12:26:02,6260.21,NEUTRE,0.0,0.0,0.0,22.5,9,Neutre,Releves,Fermee
12:26:02,6260.36,NEUTRE,0.0,0.0,0.0,22.5,6,Neutre,Releves,Fermee
12:26:02,6260.56,NEUTRE,0.0,0.0,0.0,22.5,4,Neutre,Releves,Fermee
12:26:04,6262.81,NEUTRE,0.0,0.0,0.0,22.5,0,Neutre,Releves,Fermee
12:26:04,6262.86,NEUTRE,-6.0,-6.0,0.0,22.5,18,Ecarquilles,Fronces,Fermee
12:26:05,6263.03,NEUTRE,-6.0,-6.0,0.0,22.5,6,Ecarquilles,Fronces,Fermee
12:26:05,6263.13,NEUTRE,0.0,0.0,0.0,22.5,10,Ecarquilles,Stable,Fermee
12:26:05,6263.39,NEUTRE,0.0,0.0,0.0,22.5,3,Ecarquilles,Stable,Fermee
12:26:05,6263.53,NEUTRE,0.0,0.0,0.0,22.5,6,Ecarquilles,Stable,Fermee
12:26:05,6263.61,NEUTRE,0.0,0.0,0.0,22.5,12,Ecarquilles,Stable,Fermee
12:26:05,6263.74,NEUTRE,0.0,0.0,0.0,22.5,7,Neutre,Releves,Fermee
12:26:06,6263.91,NEUTRE,0.0,0.0,0.0,22.5,5,Ecarquilles,Stable,Fermee
12:26:06,6264.03,NEUTRE,0.0,0.0,0.0,22.5,8,Ecarquilles,Stable,Fermee
12:26:06,6264.16,NEUTRE,0.0,0.0,0.0,22.5,7,Ecarquilles,Stable,Fermee
12:26:06,6264.32,NEUTRE,0.0,0.0,0.0,22.5,6,Ecarquilles,Stable,Fermee
12:26:06,6264.43,NEUTRE,0.0,0.0,0.0,22.5,9,Ecarquilles,Stable,Fermee
12:26:06,6264.58,NEUTRE,0.0,0.0,0.0,22.5,6,Ecarquilles,Stable,Parle
12:26:06,6264.72,NEUTRE,-5.0,-5.0,0.0,22.5,6,Ecarquilles,Stable,Baillement
12:26:06,6264.84,NEUTRE,-5.0,-5.0,0.0,22.5,8,Neutre,Stable,Baillement
12:26:07,6264.97,NEUTRE,-5.0,-5.0,0.0,22.5,7,Ecarquilles,Stable,Baillement
12:26:07,6265.12,NEUTRE,0.0,0.0,0.0,22.5,6,Ecarquilles,Stable,Parle
12:26:07,6265.29,NEUTRE,0.0,0.0,0.0,22.5,5,Neutre,Stable,Parle
12:26:07,6265.48,NEUTRE,0.0,0.0,0.0,22.5,5,Neutre,Stable,Parle
12:26:07,6265.66,NEUTRE,0.0,0.0,0.0,22.5,5,Neutre,Stable,Parle
12:26:07,6265.75,NEUTRE,0.0,0.0,0.0,22.5,11,Neutre,Stable,Parle
12:26:07,6265.89,NEUTRE,5.0,5.0,0.0,22.5,7,Neutre,Stable,Sourire leger
12:26:08,6266.04,NEUTRE,0.0,0.0,0.0,22.5,6,Neutre,Stable,Fermee
12:26:08,6266.15,NEUTRE,5.0,5.0,0.0,22.5,9,Neutre,Stable,Sourire leger
12:26:08,6266.31,NEUTRE,5.0,5.0,0.0,22.5,6,Neutre,Stable,Sourire leger
12:26:08,6266.51,NEUTRE,0.0,0.0,0.0,22.5,4,Neutre,Stable,Parle
12:26:08,6266.61,NEUTRE,0.0,0.0,0.0,22.5,10,Neutre,Stable,Fermee
12:26:08,6266.74,NEUTRE,0.0,0.0,0.0,22.5,7,Neutre,Stable,Fermee
12:26:09,6266.93,NEUTRE,0.0,0.0,0.0,22.5,5,Neutre,Stable,Fermee
12:26:09,6267.01,NEUTRE,0.0,0.0,0.0,22.5,12,Neutre,Stable,Fermee
12:26:09,6267.14,NEUTRE,0.0,0.0,0.0,22.5,7,Neutre,Stable,Fermee
12:26:09,6267.37,NEUTRE,0.0,0.0,0.0,22.5,4,Neutre,Stable,Fermee
12:26:09,6267.44,NEUTRE,0.0,0.0,0.0,22.5,14,Neutre,Stable,Fermee
12:26:09,6267.57,NEUTRE,5.0,5.0,0.0,22.5,7,Plisses,Stable,Sourire leger
12:26:09,6267.77,NEUTRE,5.0,5.0,0.0,22.5,5,Neutre,Stable,Sourire leger
12:26:09,6267.85,NEUTRE,5.0,5.0,0.0,22.5,12,Neutre,Stable,Sourire leger
12:26:10,6267.97,NEUTRE,5.0,5.0,0.0,22.5,8,Neutre,Stable,Sourire leger
12:26:10,6268.2,NEUTRE,8.0,5.0,3.0,22.5,4,Neutre,Stable,Sourire leger
12:26:10,6268.27,NEUTRE,8.0,5.0,3.0,22.5,14,Neutre,Stable,Sourire leger
12:26:10,6268.4,NEUTRE,8.0,5.0,3.0,22.5,7,Ecarquilles,Stable,Sourire leger
12:26:10,6268.66,NEUTRE,0.0,0.0,0.0,22.5,3,Neutre,Stable,Fermee
12:26:10,6268.71,CONFORT,5.0,5.0,0.0,22.5,21,Ecarquilles,Stable,Sourire leger
12:26:10,6268.84,CONFORT,5.0,5.0,0.0,22.4,7,Ecarquilles,Stable,Sourire leger
12:26:11,6269.05,CONFORT,5.0,5.0,0.0,22.4,4,Neutre,Stable,Sourire leger
12:26:11,6269.11,CONFORT,0.0,0.0,0.0,22.4,16,Neutre,Stable,Fermee
12:26:11,6269.24,NEUTRE,0.0,0.0,0.0,22.4,7,Neutre,Stable,Parle
12:26:11,6269.43,NEUTRE,0.0,0.0,0.0,22.4,5,Plisses,Stable,Parle
12:26:11,6269.56,NEUTRE,0.0,0.0,0.0,22.4,7,Neutre,Stable,Fermee
12:26:11,6269.66,NEUTRE,0.0,0.0,0.0,22.4,9,Neutre,Stable,Fermee
12:26:11,6269.88,NEUTRE,0.0,0.0,0.0,22.4,4,Neutre,Stable,Fermee
12:26:12,6269.96,NEUTRE,0.0,0.0,0.0,22.4,13,Neutre,Stable,Fermee
12:26:12,6270.09,NEUTRE,0.0,0.0,0.0,22.4,7,Neutre,Stable,Fermee
12:26:12,6270.3,NEUTRE,0.0,0.0,0.0,22.4,4,Neutre,Stable,Fermee
12:26:12,6270.42,NEUTRE,0.0,0.0,0.0,22.4,8,Neutre,Stable,Fermee
12:26:12,6270.57,NEUTRE,-6.0,-6.0,0.0,22.4,6,Neutre,Fronces,Parle
12:26:12,6270.79,NEUTRE,0.0,0.0,0.0,22.4,4,Neutre,Stable,Parle
12:26:12,6270.84,NEUTRE,5.0,5.0,0.0,22.4,19,Plisses,Stable,Sourire leger
12:26:13,6270.97,NEUTRE,5.0,5.0,0.0,22.4,7,Plisses,Releves,Sourire leger
12:26:13,6271.17,NEUTRE,5.0,5.0,0.0,22.4,5,Neutre,Stable,Sourire leger
12:26:13,6271.24,NEUTRE,-1.0,-1.0,0.0,22.4,14,Plisses,Fronces,Sourire leger
12:26:13,6271.39,NEUTRE,-1.0,-1.0,0.0,22.4,6,Neutre,Fronces,Sourire leger
12:26:13,6271.68,NEUTRE,5.0,5.0,0.0,22.4,3,Neutre,Stable,Sourire leger
12:26:13,6271.75,NEUTRE,0.0,0.0,0.0,22.4,13,Neutre,Stable,Fermee
12:26:14,6271.89,NEUTRE,5.0,5.0,0.0,22.4,7,Neutre,Stable,Sourire leger
12:26:14,6272.21,NEUTRE,-6.0,-6.0,0.0,22.4,3,Neutre,Fronces,Fermee
12:26:14,6272.27,NEUTRE,0.0,0.0,0.0,22.4,15,Neutre,Stable,Fermee
12:26:14,6272.42,NEUTRE,0.0,0.0,0.0,22.4,6,Neutre,Stable,Fermee
12:26:14,6272.65,NEUTRE,0.0,0.0,0.0,22.4,4,Neutre,Stable,Fermee
12:26:14,6272.71,NEUTRE,0.0,0.0,0.0,22.4,19,Plisses,Stable,Fermee
12:26:14,6272.84,NEUTRE,0.0,0.0,0.0,22.4,7,Neutre,Stable,Fermee
12:26:15,6273.05,NEUTRE,0.0,0.0,0.0,22.4,4,Neutre,Stable,Fermee
12:26:15,6273.14,NEUTRE,0.0,0.0,0.0,22.4,10,Neutre,Stable,Fermee
12:26:15,6273.26,NEUTRE,0.0,0.0,0.0,22.4,8,Neutre,Stable,Fermee
12:26:15,6273.43,NEUTRE,0.0,0.0,0.0,22.4,5,Neutre,Stable,Fermee
12:26:15,6273.53,NEUTRE,0.0,0.0,0.0,22.4,9,Neutre,Stable,Fermee
12:26:15,6273.66,NEUTRE,0.0,0.0,0.0,22.4,7,Neutre,Stable,Fermee
12:26:15,6273.83,NEUTRE,0.0,0.0,0.0,22.4,5,Neutre,Stable,Fermee
12:26:16,6273.92,NEUTRE,0.0,0.0,0.0,22.4,11,Plisses,Stable,Fermee
12:26:16,6274.06,NEUTRE,0.0,0.0,0.0,22.4,7,Ecarquilles,Stable,Fermee
12:26:16,6274.28,NEUTRE,0.0,0.0,0.0,22.4,4,Ecarquilles,Stable,Fermee
12:26:16,6274.4,NEUTRE,0.0,0.0,0.0,22.4,7,Ecarquilles,Stable,Fermee
12:26:16,6274.56,NEUTRE,0.0,0.0,0.0,22.4,6,Ecarquilles,Stable,Fermee
12:26:16,6274.73,NEUTRE,0.0,0.0,0.0,22.4,5,Ecarquilles,Stable,Fermee
12:26:16,6274.85,NEUTRE,0.0,0.0,0.0,22.4,8,Ecarquilles,Stable,Fermee
12:26:17,6274.97,NEUTRE,0.0,0.0,0.0,22.4,8,Neutre,Stable,Fermee
12:26:17,6275.2,NEUTRE,0.0,0.0,0.0,22.4,4,Ecarquilles,Stable,Fermee
12:26:17,6275.27,NEUTRE,0.0,0.0,0.0,22.4,13,Ecarquilles,Stable,Fermee
12:26:17,6275.55,NEUTRE,0.0,0.0,0.0,22.4,3,Ecarquilles,Stable,Fermee
12:26:17,6275.68,NEUTRE,0.0,0.0,0.0,22.4,7,Ecarquilles,Stable,Fermee
12:26:17,6275.74,NEUTRE,0.0,0.0,0.0,22.4,17,Ecarquilles,Stable,Fermee
12:26:17,6275.87,NEUTRE,0.0,0.0,0.0,22.5,7,Neutre,Stable,Fermee
12:26:18,6276.07,NEUTRE,-6.0,-6.0,0.0,22.5,4,Ecarquilles,Fronces,Fermee
12:26:18,6276.16,NEUTRE,0.0,0.0,0.0,22.5,12,Neutre,Stable,Fermee
12:26:18,6276.3,NEUTRE,0.0,0.0,0.0,22.5,7,Neutre,Stable,Fermee
12:26:18,6276.51,NEUTRE,0.0,0.0,0.0,22.5,4,Neutre,Stable,Fermee
12:26:18,6276.61,NEUTRE,0.0,0.0,0.0,22.5,10,Neutre,Releves,Fermee
12:26:18,6276.74,NEUTRE,0.0,0.0,0.0,22.5,7,Neutre,Stable,Fermee
12:26:19,6276.92,NEUTRE,0.0,0.0,0.0,22.5,5,Neutre,Releves,Fermee
12:26:19,6277.02,NEUTRE,0.0,0.0,0.0,22.5,9,Neutre,Releves,Fermee
12:26:19,6277.16,NEUTRE,0.0,0.0,0.0,22.5,7,Ecarquilles,Releves,Fermee
12:26:19,6277.35,NEUTRE,0.0,0.0,0.0,22.5,5,Ecarquilles,Releves,Fermee
12:26:19,6277.47,NEUTRE,0.0,0.0,0.0,22.5,7,Ecarquilles,Releves,Fermee
12:26:19,6277.66,NEUTRE,0.0,0.0,0.0,22.5,5,Ecarquilles,Releves,Fermee
12:26:19,6277.81,NEUTRE,0.0,0.0,0.0,22.5,6,Ecarquilles,Releves,Fermee
12:26:19,6277.89,NEUTRE,0.0,0.0,0.0,22.5,13,Ecarquilles,Releves,Fermee
12:26:20,6278.02,NEUTRE,0.0,0.0,0.0,22.5,7,Ecarquilles,Releves,Fermee
12:26:20,6278.2,NEUTRE,0.0,0.0,0.0,22.5,5,Ecarquilles,Releves,Fermee
12:26:20,6278.29,NEUTRE,0.0,0.0,0.0,22.5,11,Ecarquilles,Releves,Fermee
12:26:20,6278.43,NEUTRE,0.0,0.0,0.0,22.5,7,Ecarquilles,Releves,Fermee
12:26:20,6278.64,NEUTRE,0.0,0.0,0.0,22.5,4,Ecarquilles,Releves,Fermee
12:26:20,6278.69,NEUTRE,0.0,0.0,0.0,22.5,18,Ecarquilles,Releves,Fermee
12:26:20,6278.82,NEUTRE,0.0,0.0,0.0,22.5,7,Ecarquilles,Releves,Fermee
12:26:21,6279.04,NEUTRE,0.0,0.0,0.0,22.5,4,Ecarquilles,Releves,Fermee
12:26:21,6279.09,NEUTRE,0.0,0.0,0.0,22.5,20,Ecarquilles,Releves,Fermee
12:26:21,6279.22,NEUTRE,0.0,0.0,0.0,22.5,7,Ecarquilles,Releves,Fermee
12:26:21,6279.43,NEUTRE,0.0,0.0,0.0,22.5,4,Ecarquilles,Releves,Fermee
12:26:21,6279.54,NEUTRE,0.0,0.0,0.0,22.5,8,Ecarquilles,Releves,Fermee
12:26:21,6279.67,NEUTRE,0.0,0.0,0.0,22.5,7,Ecarquilles,Releves,Fermee
12:26:21,6279.85,NEUTRE,0.0,0.0,0.0,22.5,5,Ecarquilles,Releves,Fermee
12:26:22,6279.94,NEUTRE,0.0,0.0,0.0,22.5,10,Ecarquilles,Releves,Fermee
12:26:22,6280.07,NEUTRE,0.0,0.0,0.0,22.5,7,Ecarquilles,Releves,Fermee
12:26:22,6280.24,NEUTRE,0.0,0.0,0.0,22.5,5,Ecarquilles,Releves,Fermee
12:26:22,6280.37,NEUTRE,0.0,0.0,0.0,22.5,7,Ecarquilles,Releves,Fermee
12:26:22,6280.52,NEUTRE,0.0,0.0,0.0,22.5,6,Ecarquilles,Releves,Fermee
12:26:22,6280.72,NEUTRE,0.0,0.0,0.0,22.5,4,Ecarquilles,Releves,Fermee
12:26:22,6280.77,NEUTRE,0.0,0.0,0.0,22.5,20,Ecarquilles,Releves,Fermee
12:26:23,6280.9,NEUTRE,0.0,0.0,0.0,22.5,7,Ecarquilles,Releves,Fermee
12:26:23,6281.11,NEUTRE,0.0,0.0,0.0,22.5,4,Ecarquilles,Releves,Fermee
12:26:23,6281.17,NEUTRE,0.0,0.0,0.0,22.5,15,Ecarquilles,Stable,Fermee
12:26:23,6281.31,NEUTRE,0.0,0.0,0.0,22.5,7,Ecarquilles,Releves,Fermee
12:26:23,6281.54,NEUTRE,0.0,0.0,0.0,22.5,4,Ecarquilles,Releves,Fermee
12:26:23,6281.6,NEUTRE,0.0,0.0,0.0,22.5,16,Ecarquilles,Stable,Fermee
12:26:23,6281.74,NEUTRE,0.0,0.0,0.0,22.5,6,Ecarquilles,Releves,Fermee
12:26:24,6281.93,NEUTRE,5.0,5.0,0.0,22.5,5,Ecarquilles,Releves,Sourire leger
12:26:24,6282.01,NEUTRE,5.0,5.0,0.0,22.5,12,Ecarquilles,Releves,Sourire leger
12:26:24,6282.14,NEUTRE,5.0,5.0,0.0,22.5,7,Ecarquilles,Releves,Sourire leger
12:26:24,6282.42,NEUTRE,0.0,0.0,0.0,22.5,3,Ecarquilles,Releves,Fermee
12:26:24,6282.49,NEUTRE,5.0,5.0,0.0,22.5,14,Ecarquilles,Stable,Sourire leger
12:26:24,6282.64,NEUTRE,5.0,5.0,0.0,22.5,6,Ecarquilles,Releves,Sourire leger
12:26:24,6282.85,NEUTRE,0.0,0.0,0.0,22.5,4,Ecarquilles,Releves,Fermee
12:26:25,6282.92,NEUTRE,0.0,0.0,0.0,22.5,14,Ecarquilles,Releves,Fermee
12:26:25,6283.07,NEUTRE,0.0,0.0,0.0,22.5,6,Ecarquilles,Releves,Fermee
12:26:25,6283.31,NEUTRE,0.0,0.0,0.0,22.5,4,Ecarquilles,Releves,Fermee
12:26:25,6283.42,NEUTRE,0.0,0.0,0.0,22.5,8,Ecarquilles,Releves,Fermee
12:26:25,6283.58,NEUTRE,0.0,0.0,0.0,22.5,6,Ecarquilles,Releves,Fermee
12:26:25,6283.87,NEUTRE,0.0,0.0,0.0,22.5,3,Ecarquilles,Releves,Fermee
12:26:26,6283.92,NEUTRE,0.0,0.0,0.0,22.5,17,Ecarquilles,Releves,Fermee
12:26:26,6284.05,NEUTRE,0.0,0.0,0.0,22.5,7,Ecarquilles,Releves,Fermee
12:26:26,6284.23,NEUTRE,0.0,0.0,0.0,22.5,5,Ecarquilles,Releves,Fermee
12:26:26,6284.34,NEUTRE,0.0,0.0,0.0,22.5,8,Plisses,Stable,Fermee
12:26:26,6284.47,NEUTRE,0.0,0.0,0.0,22.5,7,Plisses,Stable,Fermee
12:26:26,6284.64,NEUTRE,0.0,0.0,0.0,22.5,5,Plisses,Stable,Fermee
12:26:26,6284.74,NEUTRE,0.0,0.0,0.0,22.5,10,Plisses,Stable,Fermee
12:26:26,6284.87,NEUTRE,0.0,0.0,0.0,22.5,7,Plisses,Stable,Parle
12:26:27,6285.04,NEUTRE,0.0,0.0,0.0,22.5,5,Plisses,Stable,Fermee
12:26:27,6285.14,NEUTRE,0.0,0.0,0.0,22.5,10,Plisses,Stable,Fermee
12:26:27,6285.35,NEUTRE,0.0,0.0,0.0,22.5,4,Ecarquilles,Stable,Fermee
12:26:27,6285.55,NEUTRE,0.0,0.0,0.0,22.5,4,Ecarquilles,Stable,Fermee
12:26:27,6285.61,NEUTRE,0.0,0.0,0.0,22.5,18,Ecarquilles,Stable,Fermee
12:26:27,6285.74,NEUTRE,0.0,0.0,0.0,22.5,7,Ecarquilles,Stable,Fermee
12:26:28,6285.95,NEUTRE,0.0,0.0,0.0,22.5,4,Ecarquilles,Stable,Fermee
12:26:28,6286.0,NEUTRE,0.0,0.0,0.0,22.5,17,Ecarquilles,Stable,Fermee
12:26:28,6286.14,NEUTRE,0.0,0.0,0.0,22.5,7,Neutre,Stable,Fermee
12:26:28,6286.37,NEUTRE,-6.0,-6.0,0.0,22.5,4,Neutre,Fronces,Fermee
12:26:28,6286.47,NEUTRE,-6.0,-6.0,0.0,22.5,9,Ecarquilles,Fronces,Fermee
12:26:28,6286.6,NEUTRE,-6.0,-6.0,0.0,22.5,7,Ecarquilles,Fronces,Fermee
12:26:28,6286.77,NEUTRE,0.0,0.0,0.0,22.5,5,Neutre,Stable,Fermee
12:26:28,6286.87,NEUTRE,-6.0,-6.0,0.0,22.5,10,Ecarquilles,Fronces,Fermee
12:26:29,6287.0,NEUTRE,-6.0,-6.0,0.0,22.5,7,Ecarquilles,Fronces,Fermee
12:26:29,6287.2,NEUTRE,0.0,0.0,0.0,22.5,5,Plisses,Stable,Fermee
12:26:29,6287.3,NEUTRE,0.0,0.0,0.0,22.5,9,Ecarquilles,Stable,Fermee
12:26:29,6287.64,NEUTRE,-6.0,-6.0,0.0,22.5,3,Ecarquilles,Fronces,Fermee
12:26:29,6287.73,INCONFORT,-6.0,-6.0,0.0,22.4,10,Ecarquilles,Fronces,Fermee
12:26:29,6287.82,INCONFORT,-6.0,-6.0,0.0,22.3,10,Ecarquilles,Fronces,Fermee
12:26:30,6287.95,INCONFORT,-6.0,-6.0,0.0,22.2,7,Neutre,Fronces,Fermee
12:26:30,6288.16,NEUTRE,-1.0,-1.0,0.0,22.2,4,Neutre,Fronces,Sourire leger
12:26:30,6288.22,NEUTRE,-1.0,-1.0,0.0,22.2,15,Neutre,Fronces,Sourire leger
12:26:30,6288.39,NEUTRE,5.0,5.0,0.0,22.2,5,Ecarquilles,Stable,Sourire leger
12:26:30,6288.62,NEUTRE,5.0,5.0,0.0,22.2,4,Ecarquilles,Stable,Sourire leger
12:26:30,6288.67,NEUTRE,0.0,0.0,0.0,22.3,18,Ecarquilles,Stable,Fermee
12:26:30,6288.8,NEUTRE,0.0,0.0,0.0,22.3,7,Ecarquilles,Releves,Fermee
12:26:31,6289.0,NEUTRE,0.0,0.0,0.0,22.3,5,Ecarquilles,Releves,Fermee
12:26:31,6289.08,NEUTRE,5.0,5.0,0.0,22.3,12,Ecarquilles,Stable,Sourire leger
12:26:31,6289.24,NEUTRE,5.0,5.0,0.0,22.3,6,Ecarquilles,Stable,Sourire leger
12:26:31,6289.4,NEUTRE,5.0,5.0,0.0,22.3,6,Ecarquilles,Stable,Sourire leger
12:26:31,6289.49,NEUTRE,5.0,5.0,0.0,22.3,10,Ecarquilles,Stable,Sourire leger
12:26:31,6289.67,NEUTRE,-1.0,-1.0,0.0,22.3,5,Ecarquilles,Fronces,Sourire leger
12:26:31,6289.87,NEUTRE,-1.0,-1.0,0.0,22.3,4,Ecarquilles,Fronces,Sourire leger
12:26:32,6289.92,NEUTRE,-1.0,-1.0,0.0,22.3,18,Neutre,Fronces,Sourire leger
12:26:32,6290.06,NEUTRE,-1.0,-1.0,0.0,22.3,7,Ecarquilles,Fronces,Sourire leger
12:26:32,6290.27,NEUTRE,-1.0,-1.0,0.0,22.3,4,Neutre,Fronces,Sourire leger
12:26:32,6290.34,NEUTRE,-1.0,-1.0,0.0,22.3,15,Ecarquilles,Fronces,Sourire leger
12:26:32,6290.49,NEUTRE,-1.0,-1.0,0.0,22.3,6,Ecarquilles,Fronces,Sourire leger
12:26:32,6290.68,NEUTRE,5.0,5.0,0.0,22.3,5,Neutre,Stable,Sourire leger
12:26:32,6290.77,NEUTRE,-1.0,-1.0,0.0,22.3,11,Ecarquilles,Fronces,Sourire leger
12:26:33,6290.9,NEUTRE,-6.0,-6.0,0.0,22.3,7,Ecarquilles,Fronces,Fermee
12:26:33,6291.07,NEUTRE,-1.0,-1.0,0.0,22.3,5,Ecarquilles,Fronces,Sourire leger
12:26:33,6291.16,NEUTRE,-6.0,-6.0,0.0,22.3,10,Ecarquilles,Fronces,Fermee
12:26:33,6291.29,NEUTRE,-1.0,-1.0,0.0,22.3,7,Ecarquilles,Fronces,Sourire leger
12:26:33,6291.49,NEUTRE,-1.0,-1.0,0.0,22.3,4,Ecarquilles,Fronces,Sourire leger
12:26:33,6291.56,NEUTRE,-6.0,-6.0,0.0,22.3,15,Ecarquilles,Fronces,Fermee
12:26:33,6291.71,NEUTRE,-6.0,-6.0,0.0,22.3,6,Ecarquilles,Fronces,Fermee
12:26:34,6291.95,NEUTRE,-1.0,-1.0,0.0,22.3,4,Ecarquilles,Fronces,Sourire leger
12:26:34,6291.99,NEUTRE,-6.0,-6.0,0.0,22.3,22,Ecarquilles,Fronces,Fermee
12:26:34,6292.13,INCONFORT,-6.0,-6.0,0.0,22.3,7,Ecarquilles,Fronces,Fermee
12:26:34,6292.34,INCONFORT,-6.0,-6.0,0.0,22.2,4,Ecarquilles,Fronces,Fermee
12:26:34,6292.39,INCONFORT,-6.0,-6.0,0.0,22.1,18,Ecarquilles,Fronces,Fermee
12:26:34,6292.55,INCONFORT,-6.0,-6.0,0.0,22.0,6,Ecarquilles,Fronces,Fermee
12:26:34,6292.78,INCONFORT,-1.0,-1.0,0.0,21.9,4,Ecarquilles,Fronces,Sourire leger
12:26:34,6292.84,NEUTRE,5.0,5.0,0.0,21.9,16,Neutre,Stable,Sourire leger
12:26:35,6292.97,NEUTRE,0.0,0.0,0.0,22.0,7,Neutre,Stable,Fermee
12:26:35,6293.2,NEUTRE,0.0,0.0,0.0,22.0,4,Neutre,Stable,Fermee
12:26:35,6293.27,NEUTRE,5.0,5.0,0.0,22.0,13,Neutre,Stable,Sourire leger
12:26:35,6293.4,NEUTRE,5.0,5.0,0.0,22.0,7,Ecarquilles,Stable,Sourire leger
12:26:35,6293.6,NEUTRE,-1.0,-1.0,0.0,22.0,4,Ecarquilles,Fronces,Sourire leger
12:26:35,6293.67,NEUTRE,0.0,0.0,0.0,22.0,14,Ecarquilles,Stable,Fermee
12:26:35,6293.81,NEUTRE,-6.0,-6.0,0.0,22.0,7,Ecarquilles,Fronces,Fermee
12:26:36,6294.01,NEUTRE,0.0,0.0,0.0,22.0,5,Ecarquilles,Stable,Fermee
12:26:36,6294.07,NEUTRE,0.0,0.0,0.0,22.0,14,Ecarquilles,Stable,Fermee
12:26:36,6294.19,NEUTRE,0.0,0.0,0.0,22.0,8,Ecarquilles,Stable,Fermee
12:26:36,6294.58,NEUTRE,0.0,0.0,0.0,22.1,2,Ecarquilles,Stable,Fermee
12:26:36,6294.64,NEUTRE,0.0,0.0,0.0,22.1,17,Ecarquilles,Stable,Fermee
12:26:36,6294.77,NEUTRE,0.0,0.0,0.0,22.1,7,Ecarquilles,Stable,Fermee
12:26:37,6295.0,NEUTRE,0.0,0.0,0.0,22.1,4,Ecarquilles,Stable,Fermee
12:26:37,6295.07,NEUTRE,0.0,0.0,0.0,22.1,13,Plisses,Stable,Fermee
12:26:37,6295.2,NEUTRE,0.0,0.0,0.0,22.1,7,Neutre,Stable,Fermee
12:26:37,6295.54,NEUTRE,5.0,5.0,0.0,22.1,2,Ecarquilles,Stable,Sourire leger
12:26:37,6295.64,NEUTRE,5.0,5.0,0.0,22.1,10,Ecarquilles,Stable,Sourire leger
12:26:37,6295.77,NEUTRE,5.0,5.0,0.0,22.1,7,Ecarquilles,Stable,Sourire leger
12:26:38,6295.97,NEUTRE,5.0,5.0,0.0,22.1,5,Ecarquilles,Stable,Sourire leger
12:26:38,6296.02,NEUTRE,5.0,5.0,0.0,22.1,17,Ecarquilles,Stable,Sourire leger
12:26:38,6296.16,NEUTRE,5.0,5.0,0.0,22.1,7,Ecarquilles,Stable,Sourire leger
12:26:38,6296.57,NEUTRE,5.0,5.0,0.0,22.1,2,Ecarquilles,Stable,Sourire leger
12:26:38,6296.64,NEUTRE,5.0,5.0,0.0,22.2,14,Neutre,Stable,Sourire leger
12:26:38,6296.77,CONFORT,5.0,5.0,0.0,22.1,7,Ecarquilles,Stable,Sourire leger
12:26:39,6297.01,CONFORT,5.0,5.0,0.0,22.1,4,Ecarquilles,Stable,Sourire leger
12:26:39,6297.06,CONFORT,5.0,5.0,0.0,22.1,22,Ecarquilles,Stable,Sourire leger
12:26:39,6297.19,CONFORT,5.0,5.0,0.0,22.1,7,Ecarquilles,Releves,Sourire leger
12:26:39,6297.57,CONFORT,5.0,5.0,0.0,22.0,2,Ecarquilles,Releves,Sourire leger
12:26:39,6297.61,CONFORT,5.0,5.0,0.0,22.0,23,Ecarquilles,Releves,Sourire leger
12:26:39,6297.74,CONFORT,5.0,5.0,0.0,22.0,7,Ecarquilles,Releves,Sourire leger
12:26:40,6297.92,CONFORT,5.0,5.0,0.0,22.0,5,Neutre,Releves,Sourire leger
12:26:40,6298.01,CONFORT,5.0,5.0,0.0,22.0,11,Neutre,Releves,Sourire leger
12:26:40,6298.14,CONFORT,5.0,5.0,0.0,21.9,7,Neutre,Releves,Sourire leger
12:26:40,6298.57,CONFORT,0.0,0.0,0.0,21.9,2,Neutre,Releves,Fermee
12:26:40,6298.64,CONFORT,5.0,5.0,0.0,21.9,14,Neutre,Releves,Sourire leger
12:26:40,6298.77,CONFORT,5.0,5.0,0.0,21.9,7,Plisses,Releves,Sourire leger
12:26:42,6300.06,NEUTRE,0.0,0.0,0.0,21.9,0,Ecarquilles,Releves,Fermee
12:26:42,6300.18,NEUTRE,0.0,0.0,0.0,21.9,8,Ecarquilles,Releves,Fermee
12:26:42,6300.49,NEUTRE,0.0,0.0,0.0,21.9,3,Ecarquilles,Releves,Fermee
12:26:42,6300.59,NEUTRE,0.0,0.0,0.0,21.9,9,Ecarquilles,Releves,Fermee
12:26:42,6300.73,NEUTRE,5.0,5.0,0.0,21.9,7,Ecarquilles,Stable,Sourire leger
12:26:43,6301.01,NEUTRE,5.0,5.0,0.0,22.0,3,Ecarquilles,Releves,Sourire leger
12:26:43,6301.06,NEUTRE,5.0,5.0,0.0,22.0,20,Ecarquilles,Stable,Sourire leger
12:26:43,6301.2,NEUTRE,5.0,5.0,0.0,22.0,7,Ecarquilles,Stable,Sourire leger
12:26:43,6301.49,NEUTRE,5.0,5.0,0.0,22.0,3,Ecarquilles,Releves,Sourire leger
12:26:43,6301.59,NEUTRE,5.0,5.0,0.0,22.0,9,Ecarquilles,Releves,Grand Sourire
12:26:43,6301.73,NEUTRE,5.0,5.0,0.0,22.0,7,Ecarquilles,Releves,Sourire leger
12:26:43,6301.89,NEUTRE,0.0,0.0,0.0,22.0,6,Ecarquilles,Releves,Fermee
12:26:44,6302.0,NEUTRE,0.0,0.0,0.0,22.0,9,Ecarquilles,Releves,Fermee
12:26:44,6302.13,NEUTRE,0.0,0.0,0.0,22.0,7,Ecarquilles,Releves,Fermee
12:26:44,6302.5,NEUTRE,5.0,5.0,0.0,22.0,2,Neutre,Releves,Grand Sourire
12:26:44,6302.59,NEUTRE,0.0,0.0,0.0,22.1,11,Neutre,Releves,Parle
12:26:44,6302.73,NEUTRE,5.0,5.0,0.0,22.1,7,Plisses,Releves,Sourire leger
12:26:44,6302.89,NEUTRE,5.0,5.0,0.0,22.1,6,Neutre,Releves,Sourire leger
12:26:45,6303.0,NEUTRE,5.0,5.0,0.0,22.1,9,Neutre,Releves,Sourire leger
12:26:45,6303.13,NEUTRE,5.0,5.0,0.0,22.1,7,Plisses,Releves,Sourire leger
12:26:45,6303.53,NEUTRE,5.0,5.0,0.0,22.1,2,Plisses,Releves,Sourire leger
12:26:45,6303.61,NEUTRE,5.0,5.0,0.0,22.1,11,Neutre,Releves,Sourire leger
12:26:45,6303.74,NEUTRE,5.0,5.0,0.0,22.1,7,Neutre,Releves,Sourire leger
12:26:46,6303.9,CONFORT,5.0,5.0,0.0,22.1,6,Neutre,Releves,Sourire leger
12:26:46,6304.01,CONFORT,5.0,5.0,0.0,22.1,8,Neutre,Releves,Sourire leger
12:26:46,6304.14,CONFORT,5.0,5.0,0.0,22.1,7,Neutre,Releves,Sourire leger
12:26:46,6304.49,CONFORT,5.0,5.0,0.0,22.0,2,Neutre,Releves,Sourire leger
12:26:46,6304.59,CONFORT,5.0,5.0,0.0,22.0,9,Neutre,Releves,Sourire leger
12:26:46,6304.73,CONFORT,5.0,5.0,0.0,22.0,7,Neutre,Releves,Sourire leger
12:26:46,6304.89,CONFORT,5.0,5.0,0.0,22.0,6,Neutre,Releves,Sourire leger
12:26:47,6305.0,CONFORT,5.0,5.0,0.0,21.9,9,Plisses,Releves,Sourire leger
12:26:47,6305.13,CONFORT,5.0,5.0,0.0,21.9,7,Neutre,Releves,Sourire leger
12:26:47,6305.49,CONFORT,5.0,5.0,0.0,21.9,2,Plisses,Releves,Sourire leger
12:26:47,6305.6,CONFORT,5.0,5.0,0.0,21.9,8,Plisses,Releves,Sourire leger
12:26:47,6305.73,CONFORT,5.0,5.0,0.0,21.9,7,Neutre,Releves,Sourire leger
12:26:47,6305.89,CONFORT,5.0,5.0,0.0,21.9,6,Neutre,Releves,Sourire leger
12:26:48,6306.0,CONFORT,5.0,5.0,0.0,21.8,9,Neutre,Releves,Sourire leger
12:26:48,6306.13,CONFORT,0.0,0.0,0.0,21.8,7,Ecarquilles,Releves,Fermee
12:26:48,6306.49,CONFORT,5.0,5.0,0.0,21.8,2,Ecarquilles,Releves,Sourire leger
12:26:48,6306.6,CONFORT,5.0,5.0,0.0,21.8,9,Ecarquilles,Releves,Sourire leger
12:26:48,6306.73,CONFORT,5.0,5.0,0.0,21.8,7,Ecarquilles,Releves,Sourire leger
12:26:48,6306.89,CONFORT,5.0,5.0,0.0,21.8,6,Ecarquilles,Releves,Sourire leger
12:26:49,6307.0,NEUTRE,0.0,0.0,0.0,21.8,9,Ecarquilles,Releves,Fermee
12:26:49,6307.13,NEUTRE,5.0,5.0,0.0,21.8,7,Ecarquilles,Releves,Sourire leger
12:26:49,6307.54,NEUTRE,0.0,0.0,0.0,21.8,2,Ecarquilles,Releves,Fermee
12:26:49,6307.61,NEUTRE,0.0,0.0,0.0,21.8,14,Ecarquilles,Releves,Fermee
12:26:49,6307.74,NEUTRE,0.0,0.0,0.0,21.8,7,Ecarquilles,Releves,Fermee
12:26:50,6307.91,NEUTRE,0.0,0.0,0.0,21.8,6,Ecarquilles,Releves,Fermee
12:26:50,6308.01,NEUTRE,0.0,0.0,0.0,21.9,9,Ecarquilles,Releves,Fermee
12:26:50,6308.14,NEUTRE,0.0,0.0,0.0,21.9,7,Ecarquilles,Releves,Fermee
12:26:50,6308.53,NEUTRE,0.0,0.0,0.0,21.9,2,Ecarquilles,Releves,Fermee
12:26:50,6308.61,NEUTRE,0.0,0.0,0.0,21.9,12,Ecarquilles,Releves,Fermee
12:26:50,6308.74,NEUTRE,0.0,0.0,0.0,21.9,7,Ecarquilles,Releves,Fermee
12:26:51,6308.9,NEUTRE,0.0,0.0,0.0,21.9,6,Ecarquilles,Releves,Fermee
12:26:51,6309.01,NEUTRE,0.0,0.0,0.0,21.9,9,Ecarquilles,Releves,Fermee
12:26:51,6309.14,NEUTRE,5.0,5.0,0.0,21.9,7,Ecarquilles,Releves,Sourire leger
12:26:51,6309.53,NEUTRE,0.0,0.0,0.0,22.0,2,Ecarquilles,Releves,Fermee
12:26:51,6309.61,NEUTRE,0.0,0.0,0.0,22.0,11,Ecarquilles,Releves,Fermee
12:26:51,6309.75,NEUTRE,0.0,0.0,0.0,22.0,7,Ecarquilles,Releves,Fermee
12:26:52,6309.91,NEUTRE,0.0,0.0,0.0,22.0,6,Ecarquilles,Releves,Fermee
12:26:52,6310.01,NEUTRE,0.0,0.0,0.0,22.0,9,Ecarquilles,Releves,Fermee
12:26:52,6310.14,NEUTRE,0.0,0.0,0.0,22.0,7,Ecarquilles,Releves,Fermee
12:26:52,6310.54,NEUTRE,0.0,0.0,0.0,22.0,2,Ecarquilles,Releves,Parle
12:26:52,6310.61,NEUTRE,0.0,0.0,0.0,22.0,13,Ecarquilles,Releves,Fermee
12:26:52,6310.74,NEUTRE,-5.0,-5.0,0.0,22.0,7,Ecarquilles,Releves,Baillement
12:26:53,6310.91,NEUTRE,0.0,0.0,0.0,22.0,6,Ecarquilles,Releves,Fermee
12:26:53,6311.01,NEUTRE,0.0,0.0,0.0,22.1,9,Ecarquilles,Releves,Parle
12:26:53,6311.14,NEUTRE,0.0,0.0,0.0,22.1,7,Ecarquilles,Releves,Parle
12:26:53,6311.54,NEUTRE,0.0,0.0,0.0,22.1,2,Ecarquilles,Releves,Parle
12:26:53,6311.61,NEUTRE,0.0,0.0,0.0,22.1,13,Ecarquilles,Releves,Fermee
12:26:53,6311.74,NEUTRE,0.0,0.0,0.0,22.1,7,Ecarquilles,Releves,Fermee
12:26:54,6311.9,NEUTRE,0.0,0.0,0.0,22.1,6,Ecarquilles,Releves,Fermee
12:26:54,6312.01,NEUTRE,-4.0,-4.0,0.0,22.1,9,Ecarquilles,Releves,Grimace / Tension
12:26:54,6312.14,NEUTRE,0.0,0.0,0.0,22.1,7,Ecarquilles,Releves,Fermee
12:26:54,6312.49,NEUTRE,0.0,0.0,0.0,22.1,2,Ecarquilles,Releves,Fermee
12:26:54,6312.6,NEUTRE,0.0,0.0,0.0,22.1,9,Ecarquilles,Releves,Parle
12:26:54,6312.73,NEUTRE,5.0,5.0,0.0,22.1,7,Ecarquilles,Releves,Sourire leger
12:26:54,6312.89,NEUTRE,5.0,5.0,0.0,22.1,6,Ecarquilles,Releves,Sourire leger
12:26:55,6313.0,NEUTRE,5.0,5.0,0.0,22.1,9,Neutre,Releves,Sourire leger
12:26:55,6313.13,NEUTRE,5.0,5.0,0.0,22.2,7,Ecarquilles,Releves,Grand Sourire
12:26:55,6313.49,NEUTRE,5.0,5.0,0.0,22.2,2,Ecarquilles,Stable,Sourire leger
12:26:55,6313.59,NEUTRE,0.0,0.0,0.0,22.2,10,Ecarquilles,Releves,Fermee
12:26:55,6313.73,NEUTRE,0.0,0.0,0.0,22.2,7,Ecarquilles,Releves,Fermee
12:26:55,6313.89,NEUTRE,0.0,0.0,0.0,22.2,6,Ecarquilles,Releves,Fermee
12:26:56,6314.0,NEUTRE,0.0,0.0,0.0,22.2,8,Ecarquilles,Releves,Fermee
12:26:56,6314.13,NEUTRE,0.0,0.0,0.0,22.2,7,Plisses,Releves,Fermee
12:26:56,6314.54,NEUTRE,0.0,0.0,0.0,22.2,2,Ecarquilles,Releves,Fermee
12:26:56,6314.6,NEUTRE,0.0,0.0,0.0,22.2,16,Plisses,Releves,Fermee
12:26:56,6314.73,NEUTRE,5.0,5.0,0.0,22.2,7,Neutre,Stable,Sourire leger
12:26:57,6315.01,NEUTRE,5.0,5.0,0.0,22.2,3,Plisses,Stable,Sourire leger
12:26:57,6315.06,NEUTRE,5.0,5.0,0.0,22.2,20,Neutre,Stable,Sourire leger
12:26:57,6315.19,NEUTRE,-6.0,-6.0,0.0,22.2,7,Neutre,Fronces,Fermee
12:26:57,6315.49,NEUTRE,0.0,0.0,0.0,22.2,3,Ecarquilles,Releves,Fermee
12:26:57,6315.59,NEUTRE,5.0,5.0,0.0,22.2,9,Ecarquilles,Stable,Sourire leger
12:26:58,6316.0,NEUTRE,0.0,0.0,0.0,22.2,2,Ecarquilles,Releves,Fermee
12:26:58,6316.16,NEUTRE,0.0,0.0,0.0,22.3,6,Plisses,Releves,Fermee
12:26:58,6316.52,NEUTRE,0.0,0.0,0.0,22.3,2,Ecarquilles,Releves,Fermee
12:26:58,6316.61,NEUTRE,-1.0,-1.0,0.0,22.3,11,Ecarquilles,Fronces,Sourire leger
12:26:59,6317.54,NEUTRE,0.0,0.0,0.0,22.3,1,Plisses,Releves,Fermee
12:26:59,6317.59,NEUTRE,0.0,0.0,0.0,22.3,17,Plisses,Stable,Fermee
12:26:59,6317.73,NEUTRE,0.0,0.0,0.0,22.3,7,Neutre,Stable,Fermee
12:26:59,6317.89,NEUTRE,0.0,0.0,0.0,22.3,6,Neutre,Stable,Fermee
12:29:15,6453.49,NEUTRE,5.0,5.0,0.0,22.3,0,Ecarquilles,Releves,Sourire leger
12:29:15,6453.8,NEUTRE,8.0,5.0,3.0,22.3,3,Neutre,Stable,Sourire leger
12:29:18,6456.26,NEUTRE,5.0,5.0,0.0,22.3,0,Ecarquilles,Stable,Sourire leger
12:29:19,6457.27,NEUTRE,0.0,0.0,0.0,22.3,0,Ecarquilles,Stable,Fermee
12:29:20,6458.35,NEUTRE,0.0,0.0,0.0,22.3,0,Ecarquilles,Stable,Fermee
12:29:21,6459.31,NEUTRE,0.0,0.0,0.0,22.3,1,Ecarquilles,Stable,Fermee
12:29:22,6460.32,NEUTRE,0.0,0.0,0.0,22.3,0,Plisses,Releves,Fermee
12:29:23,6461.39,NEUTRE,0.0,0.0,0.0,22.3,0,Ecarquilles,Stable,Fermee
12:29:24,6462.37,NEUTRE,0.0,0.0,0.0,22.3,1,Ecarquilles,Stable,Fermee
12:29:25,6463.36,NEUTRE,0.0,0.0,0.0,22.3,1,Ecarquilles,Stable,Fermee
12:29:26,6464.44,NEUTRE,0.0,0.0,0.0,22.3,0,Ecarquilles,Stable,Fermee
12:29:27,6465.35,NEUTRE,0.0,0.0,0.0,22.3,1,Ecarquilles,Releves,Parle
12:29:28,6466.38,NEUTRE,0.0,0.0,0.0,22.3,0,Ecarquilles,Stable,Fermee
12:29:29,6467.39,NEUTRE,0.0,0.0,0.0,22.3,0,Neutre,Releves,Fermee
12:29:31,6469.38,NEUTRE,0.0,0.0,0.0,22.3,0,Ecarquilles,Releves,Parle
12:29:32,6470.42,NEUTRE,0.0,0.0,0.0,22.3,0,Ecarquilles,Releves,Fermee
12:29:33,6471.39,NEUTRE,0.0,0.0,0.0,22.3,1,Ecarquilles,Releves,Parle
12:29:34,6472.43,NEUTRE,0.0,0.0,0.0,22.3,0,Ecarquilles,Stable,Fermee
12:29:37,6475.54,NEUTRE,5.0,5.0,0.0,22.4,0,Ecarquilles,Releves,Sourire leger
12:29:38,6476.48,NEUTRE,5.0,5.0,0.0,22.4,1,Ecarquilles,Releves,Sourire leger
12:29:39,6477.44,NEUTRE,0.0,0.0,0.0,22.4,1,Ecarquilles,Releves,Fermee
12:29:40,6478.45,NEUTRE,-5.0,-5.0,0.0,22.4,0,Neutre,Releves,Baillement
12:29:41,6479.46,NEUTRE,0.0,0.0,0.0,22.4,0,Neutre,Releves,Parle
12:29:42,6480.42,NEUTRE,0.0,0.0,0.0,22.4,1,Neutre,Releves,Fermee
12:29:43,6481.43,NEUTRE,0.0,0.0,0.0,22.4,0,Ecarquilles,Releves,Fermee
12:29:44,6482.49,NEUTRE,0.0,0.0,0.0,22.4,0,Ecarquilles,Releves,Fermee
12:29:45,6483.47,NEUTRE,0.0,0.0,0.0,22.4,1,Neutre,Releves,Parle
12:29:46,6484.51,NEUTRE,5.0,5.0,0.0,22.4,0,Neutre,Releves,Sourire leger
12:29:47,6485.5,NEUTRE,0.0,0.0,0.0,22.4,1,Ecarquilles,Releves,Fermee
12:29:47,6485.65,NEUTRE,0.0,0.0,0.0,22.4,6,Neutre,Releves,Fermee
12:29:47,6485.77,NEUTRE,0.0,0.0,0.0,22.4,7,Plisses,Releves,Fermee
12:29:48,6485.94,NEUTRE,0.0,0.0,0.0,22.4,6,Plisses,Releves,Fermee
12:29:48,6486.04,NEUTRE,0.0,0.0,0.0,22.4,9,Ecarquilles,Releves,Fermee
12:29:48,6486.18,NEUTRE,0.0,0.0,0.0,22.4,7,Ecarquilles,Stable,Fermee
12:29:48,6486.48,NEUTRE,0.0,0.0,0.0,22.4,3,Ecarquilles,Releves,Fermee
12:29:48,6486.58,NEUTRE,0.0,0.0,0.0,22.4,9,Ecarquilles,Stable,Fermee
12:29:48,6486.71,NEUTRE,0.0,0.0,0.0,22.4,8,Ecarquilles,Stable,Fermee
12:29:48,6486.87,NEUTRE,0.0,0.0,0.0,22.4,6,Ecarquilles,Stable,Fermee
12:29:49,6486.98,NEUTRE,0.0,0.0,0.0,22.4,9,Ecarquilles,Stable,Fermee
12:29:49,6487.12,NEUTRE,0.0,0.0,0.0,22.4,7,Ecarquilles,Stable,Fermee
12:29:49,6487.48,NEUTRE,-5.0,-5.0,0.0,22.4,2,Ecarquilles,Stable,Baillement
12:29:49,6487.59,NEUTRE,-5.0,-5.0,0.0,22.4,9,Ecarquilles,Stable,Baillement
12:29:49,6487.72,NEUTRE,-5.0,-5.0,0.0,22.4,7,Ecarquilles,Stable,Baillement
12:29:49,6487.88,NEUTRE,0.0,0.0,0.0,22.4,6,Ecarquilles,Stable,Parle
12:29:50,6487.99,NEUTRE,0.0,0.0,0.0,22.4,9,Ecarquilles,Stable,Fermee
12:29:50,6488.12,NEUTRE,0.0,0.0,0.0,22.4,7,Ecarquilles,Stable,Fermee
12:29:50,6488.35,NEUTRE,0.0,0.0,0.0,22.4,4,Ecarquilles,Stable,Fermee
12:29:50,6488.47,NEUTRE,5.0,5.0,0.0,22.4,8,Ecarquilles,Stable,Sourire leger
12:29:50,6488.63,NEUTRE,0.0,0.0,0.0,22.4,6,Ecarquilles,Stable,Fermee
12:29:50,6488.79,NEUTRE,0.0,0.0,0.0,22.4,6,Ecarquilles,Stable,Fermee
12:29:51,6488.91,NEUTRE,5.0,5.0,0.0,22.4,8,Ecarquilles,Stable,Sourire leger
12:29:51,6489.05,NEUTRE,-5.0,-5.0,0.0,22.4,6,Ecarquilles,Stable,Baillement
12:29:51,6489.28,NEUTRE,-5.0,-5.0,0.0,22.4,4,Ecarquilles,Stable,Baillement
12:29:51,6489.47,INCONFORT,-5.0,-5.0,0.0,22.3,5,Plisses,Releves,Baillement
12:29:51,6489.62,NEUTRE,-5.0,-5.0,0.0,22.3,6,Ecarquilles,Stable,Baillement
12:29:51,6489.81,NEUTRE,-5.0,-5.0,0.0,22.3,5,Ecarquilles,Stable,Baillement
12:29:52,6489.9,NEUTRE,-5.0,-5.0,0.0,22.3,10,Ecarquilles,Stable,Baillement
12:29:52,6490.03,NEUTRE,-5.0,-5.0,0.0,22.3,7,Ecarquilles,Stable,Baillement
12:29:52,6490.2,NEUTRE,-5.0,-5.0,0.0,22.4,5,Ecarquilles,Stable,Baillement
12:29:52,6490.47,NEUTRE,5.0,5.0,0.0,22.4,3,Ecarquilles,Stable,Sourire leger
12:29:52,6490.62,NEUTRE,0.0,0.0,0.0,22.4,6,Ecarquilles,Stable,Parle
12:29:52,6490.83,NEUTRE,0.0,0.0,0.0,22.4,4,Plisses,Releves,Parle
12:29:53,6490.92,NEUTRE,0.0,0.0,0.0,22.4,11,Ecarquilles,Stable,Parle
12:29:53,6491.2,NEUTRE,5.0,5.0,0.0,22.4,3,Ecarquilles,Stable,Sourire leger
12:29:53,6491.52,NEUTRE,0.0,0.0,0.0,22.4,3,Ecarquilles,Stable,Parle
12:29:53,6491.62,NEUTRE,0.0,0.0,0.0,22.4,10,Ecarquilles,Stable,Parle
12:29:53,6491.75,NEUTRE,0.0,0.0,0.0,22.4,7,Ecarquilles,Stable,Parle
12:29:54,6491.94,NEUTRE,-5.0,-5.0,0.0,22.4,5,Ecarquilles,Stable,Baillement
12:29:54,6492.04,NEUTRE,-5.0,-5.0,0.0,22.4,10,Ecarquilles,Stable,Baillement
12:29:54,6492.2,NEUTRE,0.0,0.0,0.0,22.4,6,Ecarquilles,Stable,Parle
12:29:54,6492.37,NEUTRE,-5.0,-5.0,0.0,22.4,5,Ecarquilles,Stable,Baillement
12:29:54,6492.46,NEUTRE,0.0,0.0,0.0,22.4,10,Plisses,Stable,Parle
12:29:54,6492.6,NEUTRE,-5.0,-5.0,0.0,22.4,7,Ecarquilles,Stable,Baillement
12:29:54,6492.77,NEUTRE,-5.0,-5.0,0.0,22.4,5,Ecarquilles,Stable,Baillement
12:29:54,6492.87,NEUTRE,0.0,0.0,0.0,22.4,10,Ecarquilles,Stable,Parle
12:29:55,6493.0,NEUTRE,-5.0,-5.0,0.0,22.4,7,Ecarquilles,Stable,Baillement
12:29:55,6493.21,NEUTRE,-5.0,-5.0,0.0,22.4,4,Ecarquilles,Stable,Baillement
12:29:55,6493.47,NEUTRE,-5.0,-5.0,0.0,22.4,3,Ecarquilles,Stable,Baillement
12:29:55,6493.62,NEUTRE,0.0,0.0,0.0,22.4,6,Ecarquilles,Stable,Fermee
12:29:55,6493.81,NEUTRE,0.0,0.0,0.0,22.4,5,Ecarquilles,Stable,Fermee
12:29:55,6493.87,NEUTRE,0.0,0.0,0.0,22.4,17,Neutre,Stable,Parle
12:29:56,6494.0,NEUTRE,0.0,0.0,0.0,22.4,7,Neutre,Stable,Fermee
12:29:56,6494.17,NEUTRE,0.0,0.0,0.0,22.4,5,Ecarquilles,Stable,Fermee
12:29:56,6494.47,NEUTRE,0.0,0.0,0.0,22.4,3,Ecarquilles,Stable,Fermee
12:29:56,6494.6,NEUTRE,0.0,0.0,0.0,22.4,7,Ecarquilles,Stable,Fermee
12:29:56,6494.78,NEUTRE,0.0,0.0,0.0,22.4,5,Ecarquilles,Stable,Fermee
12:29:56,6494.87,NEUTRE,0.0,0.0,0.0,22.4,12,Ecarquilles,Stable,Fermee
12:29:57,6495.0,NEUTRE,0.0,0.0,0.0,22.4,7,Ecarquilles,Stable,Fermee
12:29:57,6495.21,NEUTRE,0.0,0.0,0.0,22.4,4,Ecarquilles,Stable,Fermee
12:29:57,6495.47,NEUTRE,0.0,0.0,0.0,22.4,3,Plisses,Releves,Fermee
12:29:57,6495.6,NEUTRE,0.0,0.0,0.0,22.4,7,Ecarquilles,Stable,Fermee
12:29:57,6495.82,NEUTRE,0.0,0.0,0.0,22.4,4,Ecarquilles,Stable,Fermee
12:29:57,6495.87,NEUTRE,0.0,0.0,0.0,22.4,23,Ecarquilles,Stable,Fermee
12:29:58,6496.0,NEUTRE,0.0,0.0,0.0,22.4,7,Ecarquilles,Stable,Fermee
12:29:58,6496.21,NEUTRE,0.0,0.0,0.0,22.4,4,Ecarquilles,Stable,Fermee
12:29:58,6496.46,NEUTRE,0.0,0.0,0.0,22.4,3,Ecarquilles,Stable,Fermee
12:29:58,6496.63,NEUTRE,0.0,0.0,0.0,22.4,5,Ecarquilles,Stable,Fermee
12:29:58,6496.82,NEUTRE,0.0,0.0,0.0,22.4,5,Ecarquilles,Stable,Fermee
12:29:58,6496.87,NEUTRE,0.0,0.0,0.0,22.4,20,Ecarquilles,Stable,Fermee
12:29:59,6497.0,NEUTRE,5.0,5.0,0.0,22.4,7,Plisses,Releves,Sourire leger
12:29:59,6497.17,NEUTRE,0.0,0.0,0.0,22.4,5,Neutre,Stable,Fermee
12:29:59,6497.47,NEUTRE,0.0,0.0,0.0,22.4,3,Ecarquilles,Stable,Fermee
12:29:59,6497.63,NEUTRE,0.0,0.0,0.0,22.4,6,Ecarquilles,Stable,Fermee
12:29:59,6497.84,NEUTRE,0.0,0.0,0.0,22.4,4,Ecarquilles,Stable,Fermee
12:29:59,6497.88,NEUTRE,0.0,0.0,0.0,22.4,20,Ecarquilles,Stable,Fermee
12:30:00,6498.04,NEUTRE,0.0,0.0,0.0,22.4,6,Neutre,Stable,Fermee
12:30:00,6498.26,NEUTRE,0.0,0.0,0.0,22.4,4,Neutre,Stable,Fermee
12:30:00,6498.35,NEUTRE,0.0,0.0,0.0,22.4,11,Ecarquilles,Stable,Parle
12:30:00,6498.49,NEUTRE,0.0,0.0,0.0,22.4,7,Ecarquilles,Stable,Fermee
12:30:00,6498.7,NEUTRE,0.0,0.0,0.0,22.4,4,Ecarquilles,Stable,Fermee
12:30:00,6498.79,NEUTRE,0.0,0.0,0.0,22.4,11,Ecarquilles,Stable,Fermee
12:30:01,6498.9,NEUTRE,0.0,0.0,0.0,22.4,8,Ecarquilles,Stable,Fermee
12:30:01,6499.06,NEUTRE,0.0,0.0,0.0,22.5,6,Ecarquilles,Stable,Fermee
12:30:01,6499.17,NEUTRE,0.0,0.0,0.0,22.5,9,Plisses,Stable,Fermee
12:30:01,6499.47,NEUTRE,0.0,0.0,0.0,22.5,3,Ecarquilles,Stable,Parle
12:30:01,6499.65,NEUTRE,0.0,0.0,0.0,22.5,5,Plisses,Releves,Fermee
12:30:01,6499.74,NEUTRE,0.0,0.0,0.0,22.5,11,Neutre,Stable,Fermee
12:30:01,6499.87,NEUTRE,0.0,0.0,0.0,22.5,7,Neutre,Stable,Fermee
12:30:02,6500.04,NEUTRE,0.0,0.0,0.0,22.5,5,Neutre,Stable,Fermee
12:30:02,6500.14,NEUTRE,0.0,0.0,0.0,22.5,10,Neutre,Stable,Fermee
12:30:02,6500.32,NEUTRE,0.0,0.0,0.0,22.5,5,Neutre,Stable,Fermee
12:30:02,6500.51,NEUTRE,0.0,0.0,0.0,22.5,5,Ecarquilles,Stable,Fermee
12:30:02,6500.58,NEUTRE,0.0,0.0,0.0,22.5,13,Neutre,Releves,Fermee
12:30:02,6500.71,NEUTRE,0.0,0.0,0.0,22.5,7,Plisses,Releves,Fermee
12:30:03,6500.96,NEUTRE,0.0,0.0,0.0,22.5,4,Neutre,Releves,Fermee
12:30:03,6501.02,NEUTRE,0.0,0.0,0.0,22.5,16,Neutre,Releves,Fermee
12:30:03,6501.17,NEUTRE,0.0,0.0,0.0,22.5,6,Neutre,Releves,Fermee
12:30:03,6501.38,NEUTRE,0.0,0.0,0.0,22.5,4,Ecarquilles,Stable,Fermee
12:30:03,6501.43,NEUTRE,0.0,0.0,0.0,22.5,17,Ecarquilles,Stable,Fermee
12:30:03,6501.57,NEUTRE,0.0,0.0,0.0,22.5,7,Ecarquilles,Stable,Fermee
12:30:03,6501.81,NEUTRE,0.0,0.0,0.0,22.5,4,Neutre,Releves,Fermee
12:30:03,6501.87,NEUTRE,0.0,0.0,0.0,22.5,15,Ecarquilles,Releves,Fermee
12:30:04,6502.0,NEUTRE,0.0,0.0,0.0,22.5,7,Ecarquilles,Releves,Fermee
12:30:04,6502.21,NEUTRE,0.0,0.0,0.0,22.5,4,Neutre,Releves,Fermee
12:30:04,6502.39,NEUTRE,5.0,5.0,0.0,22.5,5,Ecarquilles,Releves,Sourire leger
12:30:04,6502.52,NEUTRE,0.0,0.0,0.0,22.5,7,Neutre,Releves,Fermee
12:30:04,6502.71,NEUTRE,0.0,0.0,0.0,22.5,5,Ecarquilles,Releves,Fermee
12:30:04,6502.78,NEUTRE,0.0,0.0,0.0,22.5,13,Neutre,Releves,Fermee
12:30:05,6502.92,NEUTRE,0.0,0.0,0.0,22.5,7,Ecarquilles,Stable,Fermee
12:30:05,6503.09,NEUTRE,5.0,5.0,0.0,22.5,5,Ecarquilles,Stable,Sourire leger
12:30:05,6503.18,NEUTRE,5.0,5.0,0.0,22.5,10,Ecarquilles,Stable,Sourire leger
12:30:05,6503.33,NEUTRE,5.0,5.0,0.0,22.5,6,Ecarquilles,Stable,Sourire leger
12:30:06,6504.44,NEUTRE,5.0,5.0,0.0,22.5,0,Ecarquilles,Stable,Sourire leger
12:30:07,6505.32,NEUTRE,-4.0,-4.0,0.0,22.5,1,Neutre,Stable,Grimace / Tension
12:30:07,6505.49,NEUTRE,-4.0,-4.0,0.0,22.5,6,Ecarquilles,Stable,Grimace / Tension
12:30:07,6505.65,NEUTRE,-4.0,-4.0,0.0,22.5,6,Ecarquilles,Stable,Grimace / Tension
12:30:07,6505.76,NEUTRE,-4.0,-4.0,0.0,22.5,9,Ecarquilles,Stable,Grimace / Tension
12:30:08,6506.03,NEUTRE,0.0,0.0,0.0,22.5,3,Ecarquilles,Stable,Parle
12:30:08,6506.12,NEUTRE,-4.0,-4.0,0.0,22.5,10,Ecarquilles,Stable,Grimace / Tension
12:30:08,6506.24,NEUTRE,-4.0,-4.0,0.0,22.5,8,Ecarquilles,Stable,Grimace / Tension
12:30:08,6506.37,NEUTRE,-4.0,-4.0,0.0,22.5,7,Ecarquilles,Stable,Grimace / Tension
12:30:08,6506.54,NEUTRE,-4.0,-4.0,0.0,22.5,6,Ecarquilles,Stable,Grimace / Tension
12:30:08,6506.64,NEUTRE,0.0,0.0,0.0,22.5,9,Ecarquilles,Stable,Parle
12:30:08,6506.79,NEUTRE,0.0,0.0,0.0,22.5,6,Ecarquilles,Stable,Fermee
12:30:09,6506.96,NEUTRE,0.0,0.0,0.0,22.5,5,Ecarquilles,Stable,Fermee
12:30:09,6507.08,NEUTRE,0.0,0.0,0.0,22.5,8,Ecarquilles,Stable,Fermee
12:30:09,6507.26,NEUTRE,0.0,0.0,0.0,22.5,5,Ecarquilles,Stable,Fermee
12:30:09,6507.48,NEUTRE,0.0,0.0,0.0,22.5,4,Ecarquilles,Stable,Fermee
12:30:09,6507.54,NEUTRE,0.0,0.0,0.0,22.5,17,Ecarquilles,Stable,Fermee
12:30:09,6507.69,NEUTRE,0.0,0.0,0.0,22.5,6,Ecarquilles,Stable,Fermee
12:30:10,6507.91,NEUTRE,0.0,0.0,0.0,22.5,4,Neutre,Stable,Fermee
12:30:10,6507.97,NEUTRE,0.0,0.0,0.0,22.5,15,Plisses,Stable,Fermee
12:30:10,6508.12,NEUTRE,0.0,0.0,0.0,22.5,7,Ecarquilles,Stable,Fermee
12:30:10,6508.57,NEUTRE,0.0,0.0,0.0,22.5,2,Ecarquilles,Releves,Fermee
12:30:10,6508.64,NEUTRE,0.0,0.0,0.0,22.5,16,Ecarquilles,Stable,Fermee
12:30:10,6508.77,NEUTRE,0.0,0.0,0.0,22.5,7,Ecarquilles,Stable,Parle
12:30:11,6508.99,NEUTRE,0.0,0.0,0.0,22.5,4,Ecarquilles,Stable,Parle
12:30:11,6509.03,NEUTRE,-4.0,-4.0,0.0,22.5,23,Ecarquilles,Stable,Grimace / Tension
12:30:11,6509.17,NEUTRE,-4.0,-4.0,0.0,22.5,7,Ecarquilles,Stable,Grimace / Tension
12:30:11,6509.56,NEUTRE,-4.0,-4.0,0.0,22.5,2,Ecarquilles,Stable,Grimace / Tension
12:30:11,6509.63,NEUTRE,-4.0,-4.0,0.0,22.5,14,Ecarquilles,Releves,Grimace / Tension
12:30:11,6509.75,NEUTRE,0.0,0.0,0.0,22.5,8,Ecarquilles,Releves,Fermee
12:30:12,6509.97,NEUTRE,0.0,0.0,0.0,22.5,4,Ecarquilles,Stable,Fermee
12:30:12,6510.03,NEUTRE,0.0,0.0,0.0,22.5,15,Ecarquilles,Releves,Fermee
12:30:12,6510.17,NEUTRE,0.0,0.0,0.0,22.5,7,Ecarquilles,Releves,Fermee
12:30:12,6510.55,NEUTRE,-4.0,-4.0,0.0,22.5,2,Plisses,Releves,Grimace / Tension
12:30:12,6510.6,NEUTRE,-4.0,-4.0,0.0,22.5,20,Plisses,Releves,Grimace / Tension
12:30:12,6510.73,NEUTRE,-4.0,-4.0,0.0,22.5,7,Neutre,Releves,Grimace / Tension
12:30:13,6510.91,NEUTRE,-1.0,-4.0,3.0,22.5,5,Neutre,Releves,Grimace / Tension
12:30:13,6511.0,NEUTRE,-1.0,-4.0,3.0,22.5,10,Neutre,Releves,Grimace / Tension
12:30:13,6511.13,NEUTRE,-1.0,-4.0,3.0,22.5,7,Ecarquilles,Stable,Grimace / Tension
12:30:13,6511.57,NEUTRE,-4.0,-4.0,0.0,22.5,2,Ecarquilles,Releves,Grimace / Tension
12:30:13,6511.62,NEUTRE,-4.0,-4.0,0.0,22.5,19,Ecarquilles,Stable,Grimace / Tension
12:30:13,6511.75,NEUTRE,-4.0,-4.0,0.0,22.5,7,Ecarquilles,Stable,Grimace / Tension
12:30:14,6511.92,NEUTRE,-4.0,-4.0,0.0,22.5,5,Ecarquilles,Stable,Grimace / Tension
12:30:14,6512.02,NEUTRE,-4.0,-4.0,0.0,22.5,10,Ecarquilles,Stable,Grimace / Tension
12:30:14,6512.15,NEUTRE,-4.0,-4.0,0.0,22.5,7,Ecarquilles,Stable,Grimace / Tension
12:30:14,6512.52,NEUTRE,-4.0,-4.0,0.0,22.5,2,Plisses,Releves,Grimace / Tension
12:30:14,6512.6,NEUTRE,-4.0,-4.0,0.0,22.5,12,Plisses,Releves,Grimace / Tension
12:30:14,6512.74,NEUTRE,0.0,0.0,0.0,22.5,7,Neutre,Releves,Parle
12:30:15,6512.92,NEUTRE,0.0,0.0,0.0,22.5,5,Ecarquilles,Releves,Parle
12:30:15,6513.86,NEUTRE,0.0,0.0,0.0,22.5,1,Ecarquilles,Releves,Fermee
12:30:16,6514.86,NEUTRE,5.0,5.0,0.0,22.5,0,Ecarquilles,Releves,Sourire leger
12:30:18,6515.9,NEUTRE,0.0,0.0,0.0,22.5,0,Ecarquilles,Releves,Parle
12:30:19,6516.95,NEUTRE,0.0,0.0,0.0,22.5,0,Ecarquilles,Releves,Fermee
12:30:20,6517.92,NEUTRE,0.0,0.0,0.0,22.5,1,Ecarquilles,Releves,Parle
12:30:21,6518.93,NEUTRE,0.0,0.0,0.0,22.5,0,Ecarquilles,Releves,Parle
12:30:22,6519.92,NEUTRE,0.0,0.0,0.0,22.5,1,Ecarquilles,Stable,Fermee
12:30:23,6520.91,NEUTRE,0.0,0.0,0.0,22.5,1,Ecarquilles,Stable,Fermee
12:30:24,6521.94,NEUTRE,5.0,5.0,0.0,22.5,0,Ecarquilles,Stable,Sourire leger
12:30:25,6522.96,NEUTRE,-5.0,-5.0,0.0,22.5,0,Ecarquilles,Stable,Baillement
12:30:26,6523.94,NEUTRE,5.0,5.0,0.0,22.5,1,Ecarquilles,Stable,Sourire leger
12:30:27,6524.96,NEUTRE,0.0,0.0,0.0,22.5,0,Ecarquilles,Stable,Fermee
12:30:27,6525.19,NEUTRE,0.0,0.0,0.0,22.5,4,Ecarquilles,Stable,Fermee
12:30:27,6525.34,NEUTRE,0.0,0.0,0.0,22.5,6,Ecarquilles,Stable,Parle
12:30:27,6525.49,NEUTRE,0.0,0.0,0.0,22.5,6,Ecarquilles,Stable,Parle
12:30:27,6525.6,NEUTRE,0.0,0.0,0.0,22.5,8,Ecarquilles,Stable,Parle
12:30:27,6525.74,NEUTRE,0.0,0.0,0.0,22.5,7,Ecarquilles,Releves,Parle
12:30:28,6525.93,NEUTRE,0.0,0.0,0.0,22.5,5,Ecarquilles,Releves,Fermee
12:30:28,6526.0,NEUTRE,0.0,0.0,0.0,22.5,14,Plisses,Releves,Fermee
12:30:28,6526.13,NEUTRE,0.0,0.0,0.0,22.5,7,Plisses,Releves,Parle
12:30:28,6526.43,NEUTRE,0.0,0.0,0.0,22.5,3,Neutre,Stable,Parle
12:30:28,6526.5,NEUTRE,0.0,0.0,0.0,22.5,13,Ecarquilles,Stable,Fermee
12:30:28,6526.64,NEUTRE,0.0,0.0,0.0,22.5,7,Ecarquilles,Stable,Fermee
12:30:28,6526.84,NEUTRE,0.0,0.0,0.0,22.5,5,Ecarquilles,Stable,Fermee
12:30:29,6526.9,NEUTRE,0.0,0.0,0.0,22.5,14,Ecarquilles,Stable,Fermee
12:30:29,6527.03,NEUTRE,0.0,0.0,0.0,22.5,7,Plisses,Releves,Fermee
12:30:29,6527.22,NEUTRE,0.0,0.0,0.0,22.5,5,Plisses,Releves,Fermee
12:30:29,6527.44,NEUTRE,0.0,0.0,0.0,22.5,4,Plisses,Releves,Fermee
12:30:29,6527.57,NEUTRE,0.0,0.0,0.0,22.5,7,Ecarquilles,Stable,Fermee
12:30:29,6527.75,NEUTRE,0.0,0.0,0.0,22.5,5,Ecarquilles,Stable,Fermee
12:30:29,6527.84,NEUTRE,0.0,0.0,0.0,22.5,12,Ecarquilles,Stable,Fermee
12:30:30,6527.97,NEUTRE,0.0,0.0,0.0,22.5,7,Ecarquilles,Stable,Fermee
12:30:30,6528.14,NEUTRE,0.0,0.0,0.0,22.5,5,Ecarquilles,Stable,Parle
12:30:30,6528.47,NEUTRE,0.0,0.0,0.0,22.5,3,Plisses,Releves,Parle
12:30:30,6528.6,NEUTRE,-5.0,-5.0,0.0,22.5,7,Neutre,Releves,Baillement
12:30:30,6528.78,NEUTRE,0.0,0.0,0.0,22.5,5,Plisses,Releves,Parle
12:30:30,6528.87,NEUTRE,0.0,0.0,0.0,22.5,11,Plisses,Releves,Parle
12:30:31,6529.0,INCONFORT,-5.0,-5.0,0.0,22.4,7,Plisses,Releves,Baillement
12:30:31,6529.17,INCONFORT,-5.0,-5.0,0.0,22.3,5,Plisses,Stable,Baillement
12:30:31,6529.6,NEUTRE,-5.0,-5.0,0.0,22.3,2,Neutre,Stable,Baillement
12:30:31,6529.67,NEUTRE,-5.0,-5.0,0.0,22.3,15,Ecarquilles,Stable,Baillement
12:30:32,6529.9,NEUTRE,0.0,0.0,0.0,22.3,4,Neutre,Stable,Parle
12:30:32,6529.95,NEUTRE,-5.0,-5.0,0.0,22.3,20,Ecarquilles,Stable,Baillement
12:30:32,6530.09,NEUTRE,-5.0,-5.0,0.0,22.3,7,Ecarquilles,Stable,Baillement
12:30:32,6530.29,NEUTRE,-5.0,-5.0,0.0,22.3,4,Neutre,Stable,Baillement
12:30:32,6530.45,NEUTRE,-5.0,-5.0,0.0,22.3,6,Neutre,Stable,Baillement
12:30:32,6530.64,NEUTRE,-5.0,-5.0,0.0,22.3,5,Neutre,Releves,Baillement
12:30:32,6530.8,INCONFORT,-5.0,-5.0,0.0,22.3,6,Neutre,Stable,Baillement
12:30:32,6530.88,INCONFORT,-5.0,-5.0,0.0,22.2,12,Plisses,Releves,Baillement
12:30:33,6531.02,INCONFORT,0.0,0.0,0.0,22.1,7,Plisses,Stable,Parle
12:30:33,6531.22,INCONFORT,-5.0,-5.0,0.0,22.0,4,Plisses,Stable,Baillement
12:30:33,6531.27,INCONFORT,-5.0,-5.0,0.0,21.9,20,Plisses,Stable,Baillement
12:30:33,6531.4,INCONFORT,-5.0,-5.0,0.0,21.8,7,Plisses,Releves,Baillement
12:30:33,6531.62,INCONFORT,-5.0,-5.0,0.0,21.8,4,Neutre,Stable,Baillement
12:30:33,6531.68,INCONFORT,-5.0,-5.0,0.0,21.7,15,Neutre,Stable,Baillement
12:30:33,6531.81,INCONFORT,-5.0,-5.0,0.0,21.6,7,Plisses,Releves,Baillement
12:30:34,6532.02,INCONFORT,0.0,0.0,0.0,21.5,4,Plisses,Releves,Parle
12:30:34,6532.07,INCONFORT,-5.0,-5.0,0.0,21.5,19,Plisses,Releves,Baillement
12:30:34,6532.2,NEUTRE,0.0,0.0,0.0,21.5,7,Plisses,Stable,Fermee
12:30:34,6532.54,NEUTRE,-5.0,-5.0,0.0,21.5,2,Neutre,Stable,Baillement
12:30:34,6532.6,INCONFORT,-5.0,-5.0,0.0,21.4,15,Plisses,Releves,Baillement
12:30:34,6532.73,INCONFORT,-5.0,-5.0,0.0,21.4,7,Plisses,Releves,Baillement
12:30:35,6532.9,INCONFORT,-5.0,-5.0,0.0,21.3,5,Plisses,Releves,Baillement
12:30:35,6533.0,INCONFORT,-5.0,-5.0,0.0,21.2,10,Plisses,Releves,Baillement
12:30:35,6533.13,NEUTRE,-5.0,-5.0,0.0,21.3,7,Neutre,Releves,Baillement
12:30:35,6533.63,NEUTRE,-5.0,-5.0,0.0,21.3,2,Ecarquilles,Stable,Baillement
12:30:35,6533.73,NEUTRE,-5.0,-5.0,0.0,21.3,9,Neutre,Stable,Baillement
12:30:35,6533.84,NEUTRE,-5.0,-5.0,0.0,21.3,9,Neutre,Stable,Baillement
12:30:36,6534.08,INCONFORT,-5.0,-5.0,0.0,21.3,4,Neutre,Stable,Baillement
12:30:36,6534.15,INCONFORT,-5.0,-5.0,0.0,21.2,14,Neutre,Releves,Baillement
12:30:36,6534.37,INCONFORT,-5.0,-5.0,0.0,21.1,4,Neutre,Releves,Baillement
12:30:36,6534.6,INCONFORT,-5.0,-5.0,0.0,21.1,4,Plisses,Releves,Baillement
12:30:36,6534.65,INCONFORT,-5.0,-5.0,0.0,21.0,19,Ecarquilles,Stable,Baillement
12:30:37,6535.71,INCONFORT,0.0,0.0,0.0,21.0,0,Neutre,Releves,Parle
12:30:37,6535.88,INCONFORT,0.0,0.0,0.0,20.9,5,Ecarquilles,Releves,Fermee
12:30:38,6535.94,NEUTRE,5.0,5.0,0.0,20.9,15,Ecarquilles,Releves,Sourire leger
12:30:38,6536.07,NEUTRE,0.0,0.0,0.0,21.0,7,Ecarquilles,Releves,Parle
12:30:38,6536.23,NEUTRE,0.0,0.0,0.0,21.0,6,Ecarquilles,Releves,Parle
12:30:38,6536.46,NEUTRE,0.0,0.0,0.0,21.0,4,Ecarquilles,Releves,Parle
12:30:38,6536.59,NEUTRE,0.0,0.0,0.0,21.1,7,Ecarquilles,Releves,Parle
12:30:38,6536.75,NEUTRE,0.0,0.0,0.0,21.1,6,Ecarquilles,Releves,Parle
12:30:38,6536.86,NEUTRE,0.0,0.0,0.0,21.1,9,Ecarquilles,Releves,Parle
12:30:39,6536.99,NEUTRE,-5.0,-5.0,0.0,21.1,7,Ecarquilles,Releves,Baillement
12:30:39,6537.15,NEUTRE,0.0,0.0,0.0,21.2,6,Ecarquilles,Releves,Parle
12:30:39,6537.36,NEUTRE,0.0,0.0,0.0,21.2,4,Ecarquilles,Releves,Parle
12:30:39,6537.49,NEUTRE,0.0,0.0,0.0,21.2,7,Ecarquilles,Releves,Parle
12:30:39,6537.65,NEUTRE,0.0,0.0,0.0,21.2,6,Ecarquilles,Releves,Parle
12:30:39,6537.76,NEUTRE,0.0,0.0,0.0,21.3,8,Ecarquilles,Releves,Parle
12:30:39,6537.89,NEUTRE,0.0,0.0,0.0,21.3,7,Plisses,Releves,Parle
12:30:40,6538.05,NEUTRE,0.0,0.0,0.0,21.3,6,Ecarquilles,Releves,Parle
12:30:40,6538.16,NEUTRE,0.0,0.0,0.0,21.3,9,Ecarquilles,Releves,Parle
12:30:40,6538.42,NEUTRE,5.0,5.0,0.0,21.4,3,Ecarquilles,Stable,Sourire leger
12:30:40,6538.58,NEUTRE,0.0,0.0,0.0,21.4,6,Ecarquilles,Stable,Fermee
12:30:40,6538.69,NEUTRE,0.0,0.0,0.0,21.4,9,Ecarquilles,Releves,Fermee
12:30:40,6538.82,NEUTRE,0.0,0.0,0.0,21.4,7,Ecarquilles,Releves,Parle
12:30:41,6538.98,NEUTRE,0.0,0.0,0.0,21.5,6,Plisses,Releves,Parle
12:30:41,6539.09,NEUTRE,0.0,0.0,0.0,21.5,9,Plisses,Releves,Fermee
12:30:41,6539.46,NEUTRE,0.0,0.0,0.0,21.5,2,Neutre,Stable,Fermee
12:30:41,6539.65,NEUTRE,0.0,0.0,0.0,21.5,5,Ecarquilles,Releves,Fermee
12:30:41,6539.74,NEUTRE,0.0,0.0,0.0,21.5,11,Ecarquilles,Stable,Fermee
12:30:41,6539.88,NEUTRE,0.0,0.0,0.0,21.6,7,Ecarquilles,Stable,Fermee
12:30:42,6540.03,NEUTRE,0.0,0.0,0.0,21.6,6,Ecarquilles,Stable,Fermee
12:30:42,6540.14,NEUTRE,0.0,0.0,0.0,21.6,8,Ecarquilles,Stable,Fermee
12:30:42,6540.49,NEUTRE,0.0,0.0,0.0,21.6,2,Plisses,Releves,Fermee
12:30:42,6540.68,INCONFORT,-5.0,-5.0,0.0,21.5,5,Plisses,Releves,Baillement
12:30:42,6540.76,NEUTRE,-5.0,-5.0,0.0,21.6,12,Ecarquilles,Releves,Baillement
12:30:42,6540.89,NEUTRE,0.0,0.0,0.0,21.6,7,Ecarquilles,Releves,Parle
12:30:43,6541.05,NEUTRE,0.0,0.0,0.0,21.6,6,Ecarquilles,Releves,Parle
12:30:43,6541.16,NEUTRE,0.0,0.0,0.0,21.6,9,Ecarquilles,Releves,Parle
12:30:43,6541.46,NEUTRE,5.0,5.0,0.0,21.6,3,Ecarquilles,Releves,Sourire leger
12:30:43,6541.63,NEUTRE,0.0,0.0,0.0,21.6,5,Ecarquilles,Releves,Parle
12:30:43,6541.72,NEUTRE,0.0,0.0,0.0,21.7,10,Ecarquilles,Releves,Fermee
12:30:43,6541.86,NEUTRE,-4.0,-4.0,0.0,21.7,7,Ecarquilles,Releves,Grimace / Tension
12:30:45,6543.49,NEUTRE,0.0,0.0,0.0,21.7,0,Ecarquilles,Stable,Parle
12:30:45,6543.68,NEUTRE,0.0,0.0,0.0,21.7,5,Ecarquilles,Releves,Parle
12:30:45,6543.76,NEUTRE,0.0,0.0,0.0,21.7,12,Ecarquilles,Releves,Parle
12:30:45,6543.89,NEUTRE,-5.0,-5.0,0.0,21.7,7,Ecarquilles,Releves,Baillement
12:30:46,6544.05,NEUTRE,0.0,0.0,0.0,21.8,6,Neutre,Releves,Parle
12:30:46,6544.16,NEUTRE,-4.0,-4.0,0.0,21.8,9,Ecarquilles,Releves,Grimace / Tension
12:30:47,6545.61,NEUTRE,0.0,0.0,0.0,21.8,0,Ecarquilles,Stable,Fermee
12:30:47,6545.74,NEUTRE,0.0,0.0,0.0,21.8,7,Ecarquilles,Stable,Parle
12:30:48,6546.02,NEUTRE,0.0,0.0,0.0,21.8,3,Ecarquilles,Releves,Parle
12:30:48,6546.08,NEUTRE,0.0,0.0,0.0,21.8,17,Ecarquilles,Stable,Parle
12:30:48,6546.21,NEUTRE,0.0,0.0,0.0,21.8,7,Ecarquilles,Stable,Fermee
12:30:48,6546.4,NEUTRE,0.0,0.0,0.0,21.9,5,Ecarquilles,Stable,Fermee
12:30:48,6546.53,NEUTRE,5.0,5.0,0.0,21.9,7,Ecarquilles,Stable,Sourire leger
12:30:48,6546.66,NEUTRE,5.0,5.0,0.0,21.9,7,Plisses,Releves,Sourire leger
12:30:48,6546.82,NEUTRE,0.0,0.0,0.0,21.9,6,Ecarquilles,Releves,Fermee
12:30:49,6546.93,NEUTRE,0.0,0.0,0.0,21.9,9,Neutre,Stable,Fermee
12:30:49,6547.06,NEUTRE,0.0,0.0,0.0,21.9,7,Neutre,Stable,Fermee
12:30:49,6547.21,NEUTRE,0.0,0.0,0.0,21.9,6,Ecarquilles,Stable,Fermee
12:30:49,6547.42,NEUTRE,0.0,0.0,0.0,21.9,4,Ecarquilles,Releves,Fermee
12:30:49,6547.56,NEUTRE,0.0,0.0,0.0,22.0,7,Ecarquilles,Releves,Fermee
12:30:49,6547.72,NEUTRE,0.0,0.0,0.0,22.0,6,Ecarquilles,Releves,Fermee
12:30:49,6547.83,NEUTRE,5.0,5.0,0.0,22.0,9,Plisses,Releves,Sourire leger
12:30:50,6547.95,NEUTRE,0.0,0.0,0.0,22.0,7,Neutre,Releves,Fermee
12:30:50,6548.15,NEUTRE,0.0,0.0,0.0,22.0,5,Plisses,Releves,Fermee
12:30:50,6548.46,NEUTRE,-5.0,-5.0,0.0,22.0,3,Neutre,Releves,Baillement
12:30:50,6548.59,NEUTRE,-5.0,-5.0,0.0,22.0,7,Neutre,Releves,Baillement
12:30:50,6548.78,NEUTRE,0.0,0.0,0.0,22.0,5,Neutre,Releves,Parle
12:30:50,6548.87,NEUTRE,0.0,0.0,0.0,22.0,10,Neutre,Releves,Parle
12:30:51,6549.01,NEUTRE,0.0,0.0,0.0,22.0,7,Neutre,Releves,Parle
12:30:51,6549.17,NEUTRE,0.0,0.0,0.0,22.1,6,Neutre,Releves,Parle
12:30:51,6549.46,NEUTRE,0.0,0.0,0.0,22.1,3,Neutre,Releves,Fermee
12:30:51,6549.59,NEUTRE,0.0,0.0,0.0,22.1,7,Neutre,Releves,Fermee
12:30:51,6549.75,NEUTRE,0.0,0.0,0.0,22.1,6,Neutre,Releves,Fermee
12:30:51,6549.85,NEUTRE,0.0,0.0,0.0,22.1,9,Neutre,Releves,Fermee
12:30:52,6549.99,NEUTRE,0.0,0.0,0.0,22.1,7,Plisses,Releves,Parle
12:30:52,6550.15,NEUTRE,0.0,0.0,0.0,22.1,6,Plisses,Releves,Fermee
12:30:52,6550.46,NEUTRE,0.0,0.0,0.0,22.1,3,Ecarquilles,Releves,Fermee
12:30:52,6550.62,NEUTRE,-5.0,-5.0,0.0,22.1,6,Ecarquilles,Releves,Baillement
12:30:52,6550.79,INCONFORT,-5.0,-5.0,0.0,22.0,5,Plisses,Releves,Baillement
12:30:53,6550.89,NEUTRE,-5.0,-5.0,0.0,22.0,10,Ecarquilles,Releves,Baillement
12:30:53,6551.02,NEUTRE,0.0,0.0,0.0,22.1,7,Neutre,Releves,Parle
12:30:53,6551.18,NEUTRE,0.0,0.0,0.0,22.1,6,Neutre,Releves,Parle
12:30:53,6551.46,INCONFORT,-5.0,-5.0,0.0,22.0,3,Plisses,Stable,Baillement
12:30:53,6551.59,NEUTRE,-5.0,-5.0,0.0,22.0,7,Neutre,Releves,Baillement
12:30:53,6551.84,NEUTRE,5.0,5.0,0.0,22.0,4,Plisses,Stable,Grand Sourire
12:30:53,6551.87,NEUTRE,5.0,5.0,0.0,22.0,28,Plisses,Stable,Grand Sourire
12:30:54,6552.01,NEUTRE,-5.0,-5.0,0.0,22.0,7,Neutre,Releves,Baillement
12:30:54,6552.17,INCONFORT,-5.0,-5.0,0.0,21.9,6,Plisses,Stable,Baillement
12:30:54,6552.34,NEUTRE,5.0,5.0,0.0,22.0,5,Neutre,Stable,Sourire leger
12:30:54,6552.51,NEUTRE,0.0,0.0,0.0,22.0,6,Neutre,Stable,Parle
12:30:54,6552.68,NEUTRE,5.0,5.0,0.0,22.0,5,Neutre,Stable,Sourire leger
12:30:54,6552.76,NEUTRE,-5.0,-5.0,0.0,22.0,12,Neutre,Releves,Baillement
12:30:54,6552.89,NEUTRE,0.0,0.0,0.0,22.0,7,Neutre,Releves,Parle
12:30:55,6553.07,NEUTRE,0.0,0.0,0.0,22.0,5,Neutre,Stable,Parle
12:30:55,6553.18,NEUTRE,-5.0,-5.0,0.0,22.0,9,Neutre,Stable,Baillement
12:30:55,6553.46,NEUTRE,-5.0,-5.0,0.0,22.0,3,Neutre,Releves,Baillement
12:30:55,6553.67,INCONFORT,-5.0,-5.0,0.0,21.9,4,Plisses,Releves,Baillement
12:30:55,6553.73,NEUTRE,0.0,0.0,0.0,22.0,16,Plisses,Releves,Fermee
12:30:55,6553.86,INCONFORT,-5.0,-5.0,0.0,21.9,7,Plisses,Releves,Baillement
12:30:56,6554.02,INCONFORT,-5.0,-5.0,0.0,21.8,6,Plisses,Releves,Baillement
12:30:56,6554.13,NEUTRE,0.0,0.0,0.0,21.8,9,Plisses,Stable,Fermee
12:30:56,6554.39,NEUTRE,0.0,0.0,0.0,21.8,3,Neutre,Stable,Fermee
12:30:56,6554.55,NEUTRE,-5.0,-5.0,0.0,21.8,6,Neutre,Stable,Baillement
12:30:56,6554.68,NEUTRE,0.0,0.0,0.0,21.9,8,Ecarquilles,Stable,Parle
12:30:56,6554.81,NEUTRE,0.0,0.0,0.0,21.9,7,Neutre,Stable,Parle
12:30:57,6554.97,NEUTRE,-5.0,-5.0,0.0,21.9,6,Ecarquilles,Releves,Baillement
12:30:57,6555.08,INCONFORT,-5.0,-5.0,0.0,21.8,9,Plisses,Releves,Baillement
12:30:57,6555.21,NEUTRE,0.0,0.0,0.0,21.8,7,Neutre,Stable,Fermee
12:30:57,6555.53,NEUTRE,0.0,0.0,0.0,21.8,3,Ecarquilles,Stable,Fermee
12:30:57,6555.59,NEUTRE,5.0,5.0,0.0,21.8,16,Ecarquilles,Stable,Grand Sourire
12:30:57,6555.73,NEUTRE,0.0,0.0,0.0,21.9,7,Ecarquilles,Stable,Fermee
12:30:57,6555.88,NEUTRE,-5.0,-5.0,0.0,21.9,6,Ecarquilles,Stable,Baillement
12:30:58,6555.99,NEUTRE,0.0,0.0,0.0,21.9,9,Plisses,Releves,Parle
12:30:58,6556.12,INCONFORT,-5.0,-5.0,0.0,21.8,7,Plisses,Releves,Baillement
12:30:58,6556.48,INCONFORT,-5.0,-5.0,0.0,21.7,2,Plisses,Releves,Baillement
12:30:58,6556.59,NEUTRE,5.0,5.0,0.0,21.7,9,Plisses,Releves,Grand Sourire
12:30:58,6556.72,INCONFORT,-5.0,-5.0,0.0,21.7,7,Plisses,Stable,Baillement
12:30:58,6556.89,NEUTRE,5.0,5.0,0.0,21.7,6,Plisses,Releves,Sourire leger
12:30:59,6556.99,NEUTRE,0.0,0.0,0.0,21.7,9,Plisses,Stable,Parle
12:30:59,6557.12,NEUTRE,5.0,5.0,0.0,21.7,7,Plisses,Releves,Sourire leger
12:30:59,6557.3,NEUTRE,5.0,5.0,0.0,21.7,5,Plisses,Stable,Sourire leger
12:30:59,6557.46,INCONFORT,-5.0,-5.0,0.0,21.7,6,Plisses,Releves,Baillement
12:30:59,6557.59,NEUTRE,0.0,0.0,0.0,21.7,7,Neutre,Releves,Fermee
12:30:59,6557.75,NEUTRE,0.0,0.0,0.0,21.7,6,Plisses,Stable,Parle
12:30:59,6557.86,NEUTRE,0.0,0.0,0.0,21.7,9,Plisses,Releves,Fermee
12:31:00,6557.99,NEUTRE,5.0,5.0,0.0,21.7,7,Plisses,Releves,Sourire leger
12:31:00,6558.15,INCONFORT,-5.0,-5.0,0.0,21.6,6,Plisses,Releves,Baillement
12:31:00,6558.26,INCONFORT,-5.0,-5.0,0.0,21.6,9,Plisses,Releves,Baillement
12:31:00,6558.46,NEUTRE,-5.0,-5.0,0.0,21.6,5,Neutre,Releves,Baillement
12:31:00,6558.62,NEUTRE,-5.0,-5.0,0.0,21.6,6,Neutre,Stable,Baillement
12:31:00,6558.73,NEUTRE,-5.0,-5.0,0.0,21.6,8,Neutre,Releves,Baillement
12:31:01,6558.98,NEUTRE,0.0,0.0,0.0,21.6,4,Plisses,Releves,Parle
12:31:01,6559.05,NEUTRE,-5.0,-5.0,0.0,21.7,13,Neutre,Stable,Baillement
12:31:01,6559.16,NEUTRE,0.0,0.0,0.0,21.7,9,Plisses,Stable,Fermee
12:31:01,6559.34,NEUTRE,0.0,0.0,0.0,21.7,5,Plisses,Stable,Parle
12:31:01,6559.52,INCONFORT,-5.0,-5.0,0.0,21.6,5,Plisses,Stable,Baillement
12:31:01,6559.63,NEUTRE,0.0,0.0,0.0,21.6,9,Plisses,Stable,Parle
12:31:01,6559.76,INCONFORT,-5.0,-5.0,0.0,21.6,7,Plisses,Releves,Baillement
12:31:02,6559.92,NEUTRE,0.0,0.0,0.0,21.6,6,Plisses,Stable,Parle
12:31:02,6560.03,INCONFORT,-5.0,-5.0,0.0,21.5,9,Plisses,Releves,Baillement
12:31:02,6560.16,INCONFORT,-5.0,-5.0,0.0,21.4,7,Plisses,Releves,Baillement
12:31:02,6560.42,INCONFORT,-5.0,-5.0,0.0,21.4,3,Plisses,Stable,Baillement
12:31:02,6560.49,INCONFORT,-5.0,-5.0,0.0,21.3,12,Plisses,Stable,Baillement
12:31:02,6560.62,INCONFORT,-5.0,-5.0,0.0,21.2,7,Plisses,Stable,Baillement
12:31:02,6560.78,INCONFORT,-5.0,-5.0,0.0,21.2,6,Plisses,Stable,Baillement
12:31:03,6560.89,NEUTRE,0.0,0.0,0.0,21.2,9,Neutre,Stable,Parle
12:31:03,6561.02,NEUTRE,0.0,0.0,0.0,21.2,7,Neutre,Stable,Parle
12:31:03,6561.18,INCONFORT,-5.0,-5.0,0.0,21.2,6,Plisses,Stable,Baillement
12:31:03,6561.46,NEUTRE,0.0,0.0,0.0,21.2,3,Neutre,Stable,Parle
12:31:03,6561.6,INCONFORT,-5.0,-5.0,0.0,21.1,7,Plisses,Stable,Baillement
12:31:03,6561.75,NEUTRE,-5.0,-5.0,0.0,21.2,6,Ecarquilles,Stable,Baillement
12:31:03,6561.86,NEUTRE,0.0,0.0,0.0,21.2,9,Ecarquilles,Stable,Parle
12:31:04,6561.99,INCONFORT,-5.0,-5.0,0.0,21.1,7,Plisses,Stable,Baillement
12:31:04,6562.15,NEUTRE,0.0,0.0,0.0,21.1,6,Plisses,Releves,Parle
12:31:04,6562.31,INCONFORT,-5.0,-5.0,0.0,21.1,6,Plisses,Stable,Baillement
12:31:04,6562.49,INCONFORT,-5.0,-5.0,0.0,21.0,5,Plisses,Releves,Baillement
12:31:04,6562.63,NEUTRE,-5.0,-5.0,0.0,21.1,7,Neutre,Releves,Baillement
12:31:04,6562.72,NEUTRE,-5.0,-5.0,0.0,21.1,10,Neutre,Stable,Baillement
12:31:04,6562.86,NEUTRE,-5.0,-5.0,0.0,21.1,7,Neutre,Stable,Baillement
12:31:05,6563.02,INCONFORT,-5.0,-5.0,0.0,21.0,6,Plisses,Releves,Baillement
12:31:05,6563.13,NEUTRE,0.0,0.0,0.0,21.1,9,Plisses,Releves,Parle
12:31:05,6563.36,INCONFORT,-5.0,-5.0,0.0,21.0,4,Plisses,Releves,Baillement
12:31:05,6563.52,INCONFORT,-5.0,-5.0,0.0,21.0,6,Plisses,Releves,Baillement
12:31:05,6563.65,INCONFORT,-5.0,-5.0,0.0,20.9,7,Plisses,Stable,Baillement
12:31:05,6563.79,INCONFORT,-5.0,-5.0,0.0,20.8,7,Plisses,Stable,Baillement
12:31:06,6563.93,NEUTRE,-5.0,-5.0,0.0,20.9,6,Ecarquilles,Stable,Baillement
12:31:06,6564.04,NEUTRE,-5.0,-5.0,0.0,20.9,8,Ecarquilles,Stable,Baillement
12:31:06,6564.17,NEUTRE,-5.0,-5.0,0.0,20.9,7,Ecarquilles,Stable,Baillement
12:31:06,6564.4,NEUTRE,-5.0,-5.0,0.0,21.0,4,Neutre,Stable,Baillement
12:31:06,6564.53,INCONFORT,-5.0,-5.0,0.0,20.9,7,Ecarquilles,Stable,Baillement
12:31:06,6564.66,INCONFORT,-5.0,-5.0,0.0,20.8,7,Ecarquilles,Stable,Baillement
12:31:06,6564.82,INCONFORT,-5.0,-5.0,0.0,20.8,6,Ecarquilles,Stable,Baillement
12:31:07,6564.93,INCONFORT,-5.0,-5.0,0.0,20.7,9,Ecarquilles,Stable,Baillement
12:31:07,6565.06,INCONFORT,-5.0,-5.0,0.0,20.7,7,Ecarquilles,Stable,Baillement
12:31:07,6565.22,INCONFORT,0.0,0.0,0.0,20.6,6,Neutre,Stable,Parle
12:31:07,6565.39,INCONFORT,-5.0,-5.0,0.0,20.6,5,Ecarquilles,Stable,Baillement
12:31:07,6565.52,INCONFORT,-5.0,-5.0,0.0,20.5,7,Neutre,Stable,Baillement
12:31:07,6565.68,INCONFORT,-5.0,-5.0,0.0,20.5,6,Neutre,Stable,Baillement
12:31:07,6565.79,NEUTRE,5.0,5.0,0.0,20.5,9,Neutre,Stable,Sourire leger
12:31:08,6565.92,NEUTRE,0.0,0.0,0.0,20.6,7,Neutre,Stable,Parle
12:31:08,6566.09,NEUTRE,-5.0,-5.0,0.0,20.6,6,Neutre,Stable,Baillement
12:31:08,6566.19,NEUTRE,-5.0,-5.0,0.0,20.6,9,Neutre,Stable,Baillement
12:31:08,6566.41,INCONFORT,-5.0,-5.0,0.0,20.6,4,Plisses,Stable,Baillement
12:31:08,6566.59,INCONFORT,-5.0,-5.0,0.0,20.5,5,Plisses,Releves,Baillement
12:31:08,6566.69,INCONFORT,-5.0,-5.0,0.0,20.5,9,Plisses,Releves,Baillement
12:31:08,6566.82,INCONFORT,-5.0,-5.0,0.0,20.4,7,Plisses,Stable,Baillement
12:31:09,6566.98,INCONFORT,-5.0,-5.0,0.0,20.4,6,Plisses,Stable,Baillement
12:31:09,6567.09,INCONFORT,-5.0,-5.0,0.0,20.3,8,Plisses,Stable,Baillement
12:31:09,6567.27,INCONFORT,-5.0,-5.0,0.0,20.3,5,Plisses,Stable,Baillement
12:31:09,6567.48,INCONFORT,-5.0,-5.0,0.0,20.2,4,Plisses,Releves,Baillement
12:31:09,6567.59,INCONFORT,-5.0,-5.0,0.0,20.2,9,Plisses,Stable,Baillement
12:31:09,6567.72,INCONFORT,-5.0,-5.0,0.0,20.1,7,Plisses,Releves,Baillement
12:31:09,6567.88,INCONFORT,-5.0,-5.0,0.0,20.1,6,Plisses,Releves,Baillement
12:31:10,6568.0,INCONFORT,-5.0,-5.0,0.0,20.1,8,Plisses,Stable,Baillement
12:31:10,6568.12,NEUTRE,-5.0,-5.0,0.0,20.1,7,Neutre,Stable,Baillement
12:31:10,6568.3,NEUTRE,-5.0,-5.0,0.0,20.2,5,Neutre,Stable,Baillement
12:31:10,6568.46,NEUTRE,-5.0,-5.0,0.0,20.2,6,Neutre,Stable,Baillement
12:31:10,6568.59,INCONFORT,-5.0,-5.0,0.0,20.2,7,Plisses,Stable,Baillement
12:31:10,6568.75,INCONFORT,-5.0,-5.0,0.0,20.1,6,Plisses,Stable,Baillement
12:31:10,6568.86,INCONFORT,-5.0,-5.0,0.0,20.1,9,Plisses,Stable,Baillement
12:31:11,6568.99,NEUTRE,0.0,0.0,0.0,20.1,7,Plisses,Releves,Parle
12:31:11,6569.15,INCONFORT,-5.0,-5.0,0.0,20.1,6,Plisses,Stable,Baillement
12:31:11,6569.26,INCONFORT,-5.0,-5.0,0.0,20.0,9,Plisses,Stable,Baillement
12:31:11,6569.46,NEUTRE,0.0,0.0,0.0,20.1,5,Ecarquilles,Stable,Fermee
12:31:11,6569.62,NEUTRE,0.0,0.0,0.0,20.1,6,Ecarquilles,Stable,Parle
12:31:11,6569.73,NEUTRE,0.0,0.0,0.0,20.2,9,Ecarquilles,Stable,Fermee
12:31:11,6569.86,NEUTRE,0.0,0.0,0.0,20.2,7,Ecarquilles,Stable,Fermee
12:31:12,6570.02,NEUTRE,5.0,5.0,0.0,20.3,6,Ecarquilles,Stable,Sourire leger
12:31:12,6570.13,NEUTRE,5.0,5.0,0.0,20.3,9,Ecarquilles,Stable,Sourire leger
12:31:12,6570.43,NEUTRE,0.0,0.0,0.0,20.4,3,Neutre,Releves,Parle
12:31:12,6570.61,NEUTRE,0.0,0.0,0.0,20.4,5,Ecarquilles,Stable,Parle
12:31:12,6570.71,NEUTRE,0.0,0.0,0.0,20.5,10,Ecarquilles,Stable,Parle
12:31:12,6570.85,NEUTRE,0.0,0.0,0.0,20.5,7,Ecarquilles,Stable,Parle
12:31:13,6571.0,NEUTRE,0.0,0.0,0.0,20.5,6,Ecarquilles,Stable,Fermee
12:31:13,6571.17,NEUTRE,0.0,0.0,0.0,20.6,5,Ecarquilles,Stable,Fermee
12:31:13,6571.43,NEUTRE,0.0,0.0,0.0,20.6,3,Ecarquilles,Stable,Fermee
12:31:13,6571.51,NEUTRE,0.0,0.0,0.0,20.6,13,Ecarquilles,Stable,Fermee
12:31:13,6571.61,NEUTRE,0.0,0.0,0.0,20.7,9,Ecarquilles,Stable,Fermee
12:31:13,6571.76,NEUTRE,0.0,0.0,0.0,20.7,6,Ecarquilles,Stable,Fermee
12:31:14,6571.97,NEUTRE,0.0,0.0,0.0,20.8,4,Ecarquilles,Stable,Fermee
12:31:14,6572.02,NEUTRE,0.0,0.0,0.0,20.8,17,Ecarquilles,Stable,Fermee
12:31:14,6572.17,NEUTRE,0.0,0.0,0.0,20.8,6,Plisses,Releves,Fermee
12:31:14,6572.42,NEUTRE,5.0,5.0,0.0,20.9,4,Ecarquilles,Stable,Sourire leger
12:31:14,6572.49,NEUTRE,5.0,5.0,0.0,20.9,13,Ecarquilles,Stable,Sourire leger
12:31:14,6572.64,NEUTRE,0.0,0.0,0.0,20.9,6,Ecarquilles,Stable,Fermee
12:31:14,6572.87,NEUTRE,0.0,0.0,0.0,21.0,4,Ecarquilles,Stable,Fermee
12:31:15,6572.92,NEUTRE,0.0,0.0,0.0,21.0,17,Ecarquilles,Stable,Fermee
12:31:15,6573.06,NEUTRE,0.0,0.0,0.0,21.0,7,Ecarquilles,Stable,Fermee
12:31:15,6573.27,NEUTRE,0.0,0.0,0.0,21.0,4,Ecarquilles,Stable,Fermee
12:31:15,6573.32,NEUTRE,0.0,0.0,0.0,21.1,19,Ecarquilles,Stable,Fermee
12:31:15,6573.47,NEUTRE,0.0,0.0,0.0,21.1,6,Ecarquilles,Stable,Fermee
12:31:15,6573.7,NEUTRE,5.0,5.0,0.0,21.1,4,Ecarquilles,Stable,Sourire leger
12:31:15,6573.77,NEUTRE,0.0,0.0,0.0,21.2,13,Ecarquilles,Stable,Parle
12:31:16,6573.9,NEUTRE,0.0,0.0,0.0,21.2,7,Ecarquilles,Stable,Parle
12:31:16,6574.13,NEUTRE,5.0,5.0,0.0,21.2,4,Ecarquilles,Stable,Grand Sourire
12:31:16,6574.17,NEUTRE,0.0,0.0,0.0,21.2,24,Plisses,Stable,Fermee
12:31:16,6574.34,NEUTRE,0.0,0.0,0.0,21.3,5,Ecarquilles,Stable,Fermee
12:31:16,6574.57,NEUTRE,0.0,0.0,0.0,21.3,4,Ecarquilles,Stable,Fermee
12:31:16,6574.64,NEUTRE,0.0,0.0,0.0,21.3,15,Ecarquilles,Stable,Fermee
12:31:16,6574.77,NEUTRE,0.0,0.0,0.0,21.3,7,Ecarquilles,Stable,Fermee
12:31:17,6574.99,NEUTRE,0.0,0.0,0.0,21.4,4,Ecarquilles,Stable,Fermee
12:31:17,6575.04,NEUTRE,0.0,0.0,0.0,21.4,20,Ecarquilles,Stable,Fermee
12:31:17,6575.18,NEUTRE,0.0,0.0,0.0,21.4,7,Ecarquilles,Stable,Fermee
12:31:17,6575.35,NEUTRE,0.0,0.0,0.0,21.4,6,Ecarquilles,Stable,Fermee
12:31:17,6575.44,NEUTRE,0.0,0.0,0.0,21.4,10,Ecarquilles,Stable,Fermee
12:31:17,6575.57,NEUTRE,0.0,0.0,0.0,21.5,7,Ecarquilles,Releves,Fermee
12:31:17,6575.76,NEUTRE,0.0,0.0,0.0,21.5,5,Ecarquilles,Stable,Fermee
12:31:17,6575.84,NEUTRE,0.0,0.0,0.0,21.5,12,Plisses,Releves,Fermee
12:31:18,6575.97,NEUTRE,0.0,0.0,0.0,21.5,7,Neutre,Releves,Fermee
12:31:18,6576.15,NEUTRE,0.0,0.0,0.0,21.5,5,Neutre,Stable,Fermee
12:31:18,6576.24,NEUTRE,0.0,0.0,0.0,21.6,10,Ecarquilles,Stable,Fermee
12:31:18,6576.39,NEUTRE,0.0,0.0,0.0,21.6,6,Ecarquilles,Stable,Fermee
12:31:18,6576.58,NEUTRE,0.0,0.0,0.0,21.6,5,Ecarquilles,Stable,Fermee
12:31:18,6576.66,NEUTRE,0.0,0.0,0.0,21.6,12,Ecarquilles,Stable,Fermee
12:31:18,6576.79,NEUTRE,0.0,0.0,0.0,21.6,7,Ecarquilles,Stable,Fermee
12:31:19,6577.01,NEUTRE,0.0,0.0,0.0,21.7,4,Ecarquilles,Stable,Fermee
12:31:19,6577.06,NEUTRE,0.0,0.0,0.0,21.7,19,Ecarquilles,Stable,Parle
12:31:19,6577.21,NEUTRE,0.0,0.0,0.0,21.7,6,Ecarquilles,Stable,Parle
12:31:19,6577.38,NEUTRE,0.0,0.0,0.0,21.7,5,Neutre,Stable,Parle
12:31:19,6577.48,NEUTRE,0.0,0.0,0.0,21.7,9,Ecarquilles,Stable,Parle
